filepath,split,channel,emotion_code,emotion,intensity,actor,gender,statement,repetition
/mnt/d/career/projects/lightweight-speech-emotion-recognition-on-open-datasets/data/train/speech/Actor_01/03-01-01-01-01-01-01.wav,train,speech,1,neutral,normal,1,male,1,1
/mnt/d/career/projects/lightweight-speech-emotion-recognition-on-open-datasets/data/train/speech/Actor_01/03-01-01-01-01-02-01.wav,train,speech,1,neutral,normal,1,male,1,2
/mnt/d/career/projects/lightweight-speech-emotion-recognition-on-open-datasets/data/train/speech/Actor_01/03-01-01-01-02-01-01.wav,train,speech,1,neutral,normal,1,male,2,1
/mnt/d/career/projects/lightweight-speech-emotion-recognition-on-open-datasets/data/train/speech/Actor_01/03-01-01-01-02-02-01.wav,train,speech,1,neutral,normal,1,male,2,2
/mnt/d/career/projects/lightweight-speech-emotion-recognition-on-open-datasets/data/train/speech/Actor_01/03-01-02-01-01-01-01.wav,train,speech,2,calm,normal,1,male,1,1
/mnt/d/career/projects/lightweight-speech-emotion-recognition-on-open-datasets/data/train/speech/Actor_01/03-01-02-01-01-02-01.wav,train,speech,2,calm,normal,1,male,1,2
/mnt/d/career/projects/lightweight-speech-emotion-recognition-on-open-datasets/data/train/speech/Actor_01/03-01-02-01-02-01-01.wav,train,speech,2,calm,normal,1,male,2,1
/mnt/d/career/projects/lightweight-speech-emotion-recognition-on-open-datasets/data/train/speech/Actor_01/03-01-02-01-02-02-01.wav,train,speech,2,calm,normal,1,male,2,2
/mnt/d/career/projects/lightweight-speech-emotion-recognition-on-open-datasets/data/train/speech/Actor_01/03-01-02-02-01-01-01.wav,train,speech,2,calm,strong,1,male,1,1
/mnt/d/career/projects/lightweight-speech-emotion-recognition-on-open-datasets/data/train/speech/Actor_01/03-01-02-02-01-02-01.wav,train,speech,2,calm,strong,1,male,1,2
/mnt/d/career/projects/lightweight-speech-emotion-recognition-on-open-datasets/data/train/speech/Actor_01/03-01-02-02-02-01-01.wav,train,speech,2,calm,strong,1,male,2,1
/mnt/d/career/projects/lightweight-speech-emotion-recognition-on-open-datasets/data/train/speech/Actor_01/03-01-02-02-02-02-01.wav,train,speech,2,calm,strong,1,male,2,2
/mnt/d/career/projects/lightweight-speech-emotion-recognition-on-open-datasets/data/train/speech/Actor_01/03-01-03-01-01-01-01.wav,train,speech,3,happy,normal,1,male,1,1
/mnt/d/career/projects/lightweight-speech-emotion-recognition-on-open-datasets/data/train/speech/Actor_01/03-01-03-01-01-02-01.wav,train,speech,3,happy,normal,1,male,1,2
/mnt/d/career/projects/lightweight-speech-emotion-recognition-on-open-datasets/data/train/speech/Actor_01/03-01-03-01-02-01-01.wav,train,speech,3,happy,normal,1,male,2,1
/mnt/d/career/projects/lightweight-speech-emotion-recognition-on-open-datasets/data/train/speech/Actor_01/03-01-03-01-02-02-01.wav,train,speech,3,happy,normal,1,male,2,2
/mnt/d/career/projects/lightweight-speech-emotion-recognition-on-open-datasets/data/train/speech/Actor_01/03-01-03-02-01-01-01.wav,train,speech,3,happy,strong,1,male,1,1
/mnt/d/career/projects/lightweight-speech-emotion-recognition-on-open-datasets/data/train/speech/Actor_01/03-01-03-02-01-02-01.wav,train,speech,3,happy,strong,1,male,1,2
/mnt/d/career/projects/lightweight-speech-emotion-recognition-on-open-datasets/data/train/speech/Actor_01/03-01-03-02-02-01-01.wav,train,speech,3,happy,strong,1,male,2,1
/mnt/d/career/projects/lightweight-speech-emotion-recognition-on-open-datasets/data/train/speech/Actor_01/03-01-03-02-02-02-01.wav,train,speech,3,happy,strong,1,male,2,2
/mnt/d/career/projects/lightweight-speech-emotion-recognition-on-open-datasets/data/train/speech/Actor_01/03-01-04-01-01-01-01.wav,train,speech,4,sad,normal,1,male,1,1
/mnt/d/career/projects/lightweight-speech-emotion-recognition-on-open-datasets/data/train/speech/Actor_01/03-01-04-01-01-02-01.wav,train,speech,4,sad,normal,1,male,1,2
/mnt/d/career/projects/lightweight-speech-emotion-recognition-on-open-datasets/data/train/speech/Actor_01/03-01-04-01-02-01-01.wav,train,speech,4,sad,normal,1,male,2,1
/mnt/d/career/projects/lightweight-speech-emotion-recognition-on-open-datasets/data/train/speech/Actor_01/03-01-04-01-02-02-01.wav,train,speech,4,sad,normal,1,male,2,2
/mnt/d/career/projects/lightweight-speech-emotion-recognition-on-open-datasets/data/train/speech/Actor_01/03-01-04-02-01-01-01.wav,train,speech,4,sad,strong,1,male,1,1
/mnt/d/career/projects/lightweight-speech-emotion-recognition-on-open-datasets/data/train/speech/Actor_01/03-01-04-02-01-02-01.wav,train,speech,4,sad,strong,1,male,1,2
/mnt/d/career/projects/lightweight-speech-emotion-recognition-on-open-datasets/data/train/speech/Actor_01/03-01-04-02-02-01-01.wav,train,speech,4,sad,strong,1,male,2,1
/mnt/d/career/projects/lightweight-speech-emotion-recognition-on-open-datasets/data/train/speech/Actor_01/03-01-04-02-02-02-01.wav,train,speech,4,sad,strong,1,male,2,2
/mnt/d/career/projects/lightweight-speech-emotion-recognition-on-open-datasets/data/train/speech/Actor_01/03-01-05-01-01-01-01.wav,train,speech,5,angry,normal,1,male,1,1
/mnt/d/career/projects/lightweight-speech-emotion-recognition-on-open-datasets/data/train/speech/Actor_01/03-01-05-01-01-02-01.wav,train,speech,5,angry,normal,1,male,1,2
/mnt/d/career/projects/lightweight-speech-emotion-recognition-on-open-datasets/data/train/speech/Actor_01/03-01-05-01-02-01-01.wav,train,speech,5,angry,normal,1,male,2,1
/mnt/d/career/projects/lightweight-speech-emotion-recognition-on-open-datasets/data/train/speech/Actor_01/03-01-05-01-02-02-01.wav,train,speech,5,angry,normal,1,male,2,2
/mnt/d/career/projects/lightweight-speech-emotion-recognition-on-open-datasets/data/train/speech/Actor_01/03-01-05-02-01-01-01.wav,train,speech,5,angry,strong,1,male,1,1
/mnt/d/career/projects/lightweight-speech-emotion-recognition-on-open-datasets/data/train/speech/Actor_01/03-01-05-02-01-02-01.wav,train,speech,5,angry,strong,1,male,1,2
/mnt/d/career/projects/lightweight-speech-emotion-recognition-on-open-datasets/data/train/speech/Actor_01/03-01-05-02-02-01-01.wav,train,speech,5,angry,strong,1,male,2,1
/mnt/d/career/projects/lightweight-speech-emotion-recognition-on-open-datasets/data/train/speech/Actor_01/03-01-05-02-02-02-01.wav,train,speech,5,angry,strong,1,male,2,2
/mnt/d/career/projects/lightweight-speech-emotion-recognition-on-open-datasets/data/train/speech/Actor_01/03-01-06-01-01-01-01.wav,train,speech,6,fearful,normal,1,male,1,1
/mnt/d/career/projects/lightweight-speech-emotion-recognition-on-open-datasets/data/train/speech/Actor_01/03-01-06-01-01-02-01.wav,train,speech,6,fearful,normal,1,male,1,2
/mnt/d/career/projects/lightweight-speech-emotion-recognition-on-open-datasets/data/train/speech/Actor_01/03-01-06-01-02-01-01.wav,train,speech,6,fearful,normal,1,male,2,1
/mnt/d/career/projects/lightweight-speech-emotion-recognition-on-open-datasets/data/train/speech/Actor_01/03-01-06-01-02-02-01.wav,train,speech,6,fearful,normal,1,male,2,2
/mnt/d/career/projects/lightweight-speech-emotion-recognition-on-open-datasets/data/train/speech/Actor_01/03-01-06-02-01-01-01.wav,train,speech,6,fearful,strong,1,male,1,1
/mnt/d/career/projects/lightweight-speech-emotion-recognition-on-open-datasets/data/train/speech/Actor_01/03-01-06-02-01-02-01.wav,train,speech,6,fearful,strong,1,male,1,2
/mnt/d/career/projects/lightweight-speech-emotion-recognition-on-open-datasets/data/train/speech/Actor_01/03-01-06-02-02-01-01.wav,train,speech,6,fearful,strong,1,male,2,1
/mnt/d/career/projects/lightweight-speech-emotion-recognition-on-open-datasets/data/train/speech/Actor_01/03-01-06-02-02-02-01.wav,train,speech,6,fearful,strong,1,male,2,2
/mnt/d/career/projects/lightweight-speech-emotion-recognition-on-open-datasets/data/train/speech/Actor_01/03-01-07-01-01-01-01.wav,train,speech,7,disgust,normal,1,male,1,1
/mnt/d/career/projects/lightweight-speech-emotion-recognition-on-open-datasets/data/train/speech/Actor_01/03-01-07-01-01-02-01.wav,train,speech,7,disgust,normal,1,male,1,2
/mnt/d/career/projects/lightweight-speech-emotion-recognition-on-open-datasets/data/train/speech/Actor_01/03-01-07-01-02-01-01.wav,train,speech,7,disgust,normal,1,male,2,1
/mnt/d/career/projects/lightweight-speech-emotion-recognition-on-open-datasets/data/train/speech/Actor_01/03-01-07-01-02-02-01.wav,train,speech,7,disgust,normal,1,male,2,2
/mnt/d/career/projects/lightweight-speech-emotion-recognition-on-open-datasets/data/train/speech/Actor_01/03-01-07-02-01-01-01.wav,train,speech,7,disgust,strong,1,male,1,1
/mnt/d/career/projects/lightweight-speech-emotion-recognition-on-open-datasets/data/train/speech/Actor_01/03-01-07-02-01-02-01.wav,train,speech,7,disgust,strong,1,male,1,2
/mnt/d/career/projects/lightweight-speech-emotion-recognition-on-open-datasets/data/train/speech/Actor_01/03-01-07-02-02-01-01.wav,train,speech,7,disgust,strong,1,male,2,1
/mnt/d/career/projects/lightweight-speech-emotion-recognition-on-open-datasets/data/train/speech/Actor_01/03-01-07-02-02-02-01.wav,train,speech,7,disgust,strong,1,male,2,2
/mnt/d/career/projects/lightweight-speech-emotion-recognition-on-open-datasets/data/train/speech/Actor_01/03-01-08-01-01-01-01.wav,train,speech,8,surprised,normal,1,male,1,1
/mnt/d/career/projects/lightweight-speech-emotion-recognition-on-open-datasets/data/train/speech/Actor_01/03-01-08-01-01-02-01.wav,train,speech,8,surprised,normal,1,male,1,2
/mnt/d/career/projects/lightweight-speech-emotion-recognition-on-open-datasets/data/train/speech/Actor_01/03-01-08-01-02-01-01.wav,train,speech,8,surprised,normal,1,male,2,1
/mnt/d/career/projects/lightweight-speech-emotion-recognition-on-open-datasets/data/train/speech/Actor_01/03-01-08-01-02-02-01.wav,train,speech,8,surprised,normal,1,male,2,2
/mnt/d/career/projects/lightweight-speech-emotion-recognition-on-open-datasets/data/train/speech/Actor_01/03-01-08-02-01-01-01.wav,train,speech,8,surprised,strong,1,male,1,1
/mnt/d/career/projects/lightweight-speech-emotion-recognition-on-open-datasets/data/train/speech/Actor_01/03-01-08-02-01-02-01.wav,train,speech,8,surprised,strong,1,male,1,2
/mnt/d/career/projects/lightweight-speech-emotion-recognition-on-open-datasets/data/train/speech/Actor_01/03-01-08-02-02-01-01.wav,train,speech,8,surprised,strong,1,male,2,1
/mnt/d/career/projects/lightweight-speech-emotion-recognition-on-open-datasets/data/train/speech/Actor_01/03-01-08-02-02-02-01.wav,train,speech,8,surprised,strong,1,male,2,2
/mnt/d/career/projects/lightweight-speech-emotion-recognition-on-open-datasets/data/train/speech/Actor_02/03-01-01-01-01-01-02.wav,train,speech,1,neutral,normal,2,female,1,1
/mnt/d/career/projects/lightweight-speech-emotion-recognition-on-open-datasets/data/train/speech/Actor_02/03-01-01-01-01-02-02.wav,train,speech,1,neutral,normal,2,female,1,2
/mnt/d/career/projects/lightweight-speech-emotion-recognition-on-open-datasets/data/train/speech/Actor_02/03-01-01-01-02-01-02.wav,train,speech,1,neutral,normal,2,female,2,1
/mnt/d/career/projects/lightweight-speech-emotion-recognition-on-open-datasets/data/train/speech/Actor_02/03-01-01-01-02-02-02.wav,train,speech,1,neutral,normal,2,female,2,2
/mnt/d/career/projects/lightweight-speech-emotion-recognition-on-open-datasets/data/train/speech/Actor_02/03-01-02-01-01-01-02.wav,train,speech,2,calm,normal,2,female,1,1
/mnt/d/career/projects/lightweight-speech-emotion-recognition-on-open-datasets/data/train/speech/Actor_02/03-01-02-01-01-02-02.wav,train,speech,2,calm,normal,2,female,1,2
/mnt/d/career/projects/lightweight-speech-emotion-recognition-on-open-datasets/data/train/speech/Actor_02/03-01-02-01-02-01-02.wav,train,speech,2,calm,normal,2,female,2,1
/mnt/d/career/projects/lightweight-speech-emotion-recognition-on-open-datasets/data/train/speech/Actor_02/03-01-02-01-02-02-02.wav,train,speech,2,calm,normal,2,female,2,2
/mnt/d/career/projects/lightweight-speech-emotion-recognition-on-open-datasets/data/train/speech/Actor_02/03-01-02-02-01-01-02.wav,train,speech,2,calm,strong,2,female,1,1
/mnt/d/career/projects/lightweight-speech-emotion-recognition-on-open-datasets/data/train/speech/Actor_02/03-01-02-02-01-02-02.wav,train,speech,2,calm,strong,2,female,1,2
/mnt/d/career/projects/lightweight-speech-emotion-recognition-on-open-datasets/data/train/speech/Actor_02/03-01-02-02-02-01-02.wav,train,speech,2,calm,strong,2,female,2,1
/mnt/d/career/projects/lightweight-speech-emotion-recognition-on-open-datasets/data/train/speech/Actor_02/03-01-02-02-02-02-02.wav,train,speech,2,calm,strong,2,female,2,2
/mnt/d/career/projects/lightweight-speech-emotion-recognition-on-open-datasets/data/train/speech/Actor_02/03-01-03-01-01-01-02.wav,train,speech,3,happy,normal,2,female,1,1
/mnt/d/career/projects/lightweight-speech-emotion-recognition-on-open-datasets/data/train/speech/Actor_02/03-01-03-01-01-02-02.wav,train,speech,3,happy,normal,2,female,1,2
/mnt/d/career/projects/lightweight-speech-emotion-recognition-on-open-datasets/data/train/speech/Actor_02/03-01-03-01-02-01-02.wav,train,speech,3,happy,normal,2,female,2,1
/mnt/d/career/projects/lightweight-speech-emotion-recognition-on-open-datasets/data/train/speech/Actor_02/03-01-03-01-02-02-02.wav,train,speech,3,happy,normal,2,female,2,2
/mnt/d/career/projects/lightweight-speech-emotion-recognition-on-open-datasets/data/train/speech/Actor_02/03-01-03-02-01-01-02.wav,train,speech,3,happy,strong,2,female,1,1
/mnt/d/career/projects/lightweight-speech-emotion-recognition-on-open-datasets/data/train/speech/Actor_02/03-01-03-02-01-02-02.wav,train,speech,3,happy,strong,2,female,1,2
/mnt/d/career/projects/lightweight-speech-emotion-recognition-on-open-datasets/data/train/speech/Actor_02/03-01-03-02-02-01-02.wav,train,speech,3,happy,strong,2,female,2,1
/mnt/d/career/projects/lightweight-speech-emotion-recognition-on-open-datasets/data/train/speech/Actor_02/03-01-03-02-02-02-02.wav,train,speech,3,happy,strong,2,female,2,2
/mnt/d/career/projects/lightweight-speech-emotion-recognition-on-open-datasets/data/train/speech/Actor_02/03-01-04-01-01-01-02.wav,train,speech,4,sad,normal,2,female,1,1
/mnt/d/career/projects/lightweight-speech-emotion-recognition-on-open-datasets/data/train/speech/Actor_02/03-01-04-01-01-02-02.wav,train,speech,4,sad,normal,2,female,1,2
/mnt/d/career/projects/lightweight-speech-emotion-recognition-on-open-datasets/data/train/speech/Actor_02/03-01-04-01-02-01-02.wav,train,speech,4,sad,normal,2,female,2,1
/mnt/d/career/projects/lightweight-speech-emotion-recognition-on-open-datasets/data/train/speech/Actor_02/03-01-04-01-02-02-02.wav,train,speech,4,sad,normal,2,female,2,2
/mnt/d/career/projects/lightweight-speech-emotion-recognition-on-open-datasets/data/train/speech/Actor_02/03-01-04-02-01-01-02.wav,train,speech,4,sad,strong,2,female,1,1
/mnt/d/career/projects/lightweight-speech-emotion-recognition-on-open-datasets/data/train/speech/Actor_02/03-01-04-02-01-02-02.wav,train,speech,4,sad,strong,2,female,1,2
/mnt/d/career/projects/lightweight-speech-emotion-recognition-on-open-datasets/data/train/speech/Actor_02/03-01-04-02-02-01-02.wav,train,speech,4,sad,strong,2,female,2,1
/mnt/d/career/projects/lightweight-speech-emotion-recognition-on-open-datasets/data/train/speech/Actor_02/03-01-04-02-02-02-02.wav,train,speech,4,sad,strong,2,female,2,2
/mnt/d/career/projects/lightweight-speech-emotion-recognition-on-open-datasets/data/train/speech/Actor_02/03-01-05-01-01-01-02.wav,train,speech,5,angry,normal,2,female,1,1
/mnt/d/career/projects/lightweight-speech-emotion-recognition-on-open-datasets/data/train/speech/Actor_02/03-01-05-01-01-02-02.wav,train,speech,5,angry,normal,2,female,1,2
/mnt/d/career/projects/lightweight-speech-emotion-recognition-on-open-datasets/data/train/speech/Actor_02/03-01-05-01-02-01-02.wav,train,speech,5,angry,normal,2,female,2,1
/mnt/d/career/projects/lightweight-speech-emotion-recognition-on-open-datasets/data/train/speech/Actor_02/03-01-05-01-02-02-02.wav,train,speech,5,angry,normal,2,female,2,2
/mnt/d/career/projects/lightweight-speech-emotion-recognition-on-open-datasets/data/train/speech/Actor_02/03-01-05-02-01-01-02.wav,train,speech,5,angry,strong,2,female,1,1
/mnt/d/career/projects/lightweight-speech-emotion-recognition-on-open-datasets/data/train/speech/Actor_02/03-01-05-02-01-02-02.wav,train,speech,5,angry,strong,2,female,1,2
/mnt/d/career/projects/lightweight-speech-emotion-recognition-on-open-datasets/data/train/speech/Actor_02/03-01-05-02-02-01-02.wav,train,speech,5,angry,strong,2,female,2,1
/mnt/d/career/projects/lightweight-speech-emotion-recognition-on-open-datasets/data/train/speech/Actor_02/03-01-05-02-02-02-02.wav,train,speech,5,angry,strong,2,female,2,2
/mnt/d/career/projects/lightweight-speech-emotion-recognition-on-open-datasets/data/train/speech/Actor_02/03-01-06-01-01-01-02.wav,train,speech,6,fearful,normal,2,female,1,1
/mnt/d/career/projects/lightweight-speech-emotion-recognition-on-open-datasets/data/train/speech/Actor_02/03-01-06-01-01-02-02.wav,train,speech,6,fearful,normal,2,female,1,2
/mnt/d/career/projects/lightweight-speech-emotion-recognition-on-open-datasets/data/train/speech/Actor_02/03-01-06-01-02-01-02.wav,train,speech,6,fearful,normal,2,female,2,1
/mnt/d/career/projects/lightweight-speech-emotion-recognition-on-open-datasets/data/train/speech/Actor_02/03-01-06-01-02-02-02.wav,train,speech,6,fearful,normal,2,female,2,2
/mnt/d/career/projects/lightweight-speech-emotion-recognition-on-open-datasets/data/train/speech/Actor_02/03-01-06-02-01-01-02.wav,train,speech,6,fearful,strong,2,female,1,1
/mnt/d/career/projects/lightweight-speech-emotion-recognition-on-open-datasets/data/train/speech/Actor_02/03-01-06-02-01-02-02.wav,train,speech,6,fearful,strong,2,female,1,2
/mnt/d/career/projects/lightweight-speech-emotion-recognition-on-open-datasets/data/train/speech/Actor_02/03-01-06-02-02-01-02.wav,train,speech,6,fearful,strong,2,female,2,1
/mnt/d/career/projects/lightweight-speech-emotion-recognition-on-open-datasets/data/train/speech/Actor_02/03-01-06-02-02-02-02.wav,train,speech,6,fearful,strong,2,female,2,2
/mnt/d/career/projects/lightweight-speech-emotion-recognition-on-open-datasets/data/train/speech/Actor_02/03-01-07-01-01-01-02.wav,train,speech,7,disgust,normal,2,female,1,1
/mnt/d/career/projects/lightweight-speech-emotion-recognition-on-open-datasets/data/train/speech/Actor_02/03-01-07-01-01-02-02.wav,train,speech,7,disgust,normal,2,female,1,2
/mnt/d/career/projects/lightweight-speech-emotion-recognition-on-open-datasets/data/train/speech/Actor_02/03-01-07-01-02-01-02.wav,train,speech,7,disgust,normal,2,female,2,1
/mnt/d/career/projects/lightweight-speech-emotion-recognition-on-open-datasets/data/train/speech/Actor_02/03-01-07-01-02-02-02.wav,train,speech,7,disgust,normal,2,female,2,2
/mnt/d/career/projects/lightweight-speech-emotion-recognition-on-open-datasets/data/train/speech/Actor_02/03-01-07-02-01-01-02.wav,train,speech,7,disgust,strong,2,female,1,1
/mnt/d/career/projects/lightweight-speech-emotion-recognition-on-open-datasets/data/train/speech/Actor_02/03-01-07-02-01-02-02.wav,train,speech,7,disgust,strong,2,female,1,2
/mnt/d/career/projects/lightweight-speech-emotion-recognition-on-open-datasets/data/train/speech/Actor_02/03-01-07-02-02-01-02.wav,train,speech,7,disgust,strong,2,female,2,1
/mnt/d/career/projects/lightweight-speech-emotion-recognition-on-open-datasets/data/train/speech/Actor_02/03-01-07-02-02-02-02.wav,train,speech,7,disgust,strong,2,female,2,2
/mnt/d/career/projects/lightweight-speech-emotion-recognition-on-open-datasets/data/train/speech/Actor_02/03-01-08-01-01-01-02.wav,train,speech,8,surprised,normal,2,female,1,1
/mnt/d/career/projects/lightweight-speech-emotion-recognition-on-open-datasets/data/train/speech/Actor_02/03-01-08-01-01-02-02.wav,train,speech,8,surprised,normal,2,female,1,2
/mnt/d/career/projects/lightweight-speech-emotion-recognition-on-open-datasets/data/train/speech/Actor_02/03-01-08-01-02-01-02.wav,train,speech,8,surprised,normal,2,female,2,1
/mnt/d/career/projects/lightweight-speech-emotion-recognition-on-open-datasets/data/train/speech/Actor_02/03-01-08-01-02-02-02.wav,train,speech,8,surprised,normal,2,female,2,2
/mnt/d/career/projects/lightweight-speech-emotion-recognition-on-open-datasets/data/train/speech/Actor_02/03-01-08-02-01-01-02.wav,train,speech,8,surprised,strong,2,female,1,1
/mnt/d/career/projects/lightweight-speech-emotion-recognition-on-open-datasets/data/train/speech/Actor_02/03-01-08-02-01-02-02.wav,train,speech,8,surprised,strong,2,female,1,2
/mnt/d/career/projects/lightweight-speech-emotion-recognition-on-open-datasets/data/train/speech/Actor_02/03-01-08-02-02-01-02.wav,train,speech,8,surprised,strong,2,female,2,1
/mnt/d/career/projects/lightweight-speech-emotion-recognition-on-open-datasets/data/train/speech/Actor_02/03-01-08-02-02-02-02.wav,train,speech,8,surprised,strong,2,female,2,2
/mnt/d/career/projects/lightweight-speech-emotion-recognition-on-open-datasets/data/train/speech/Actor_03/03-01-01-01-01-01-03.wav,train,speech,1,neutral,normal,3,male,1,1
/mnt/d/career/projects/lightweight-speech-emotion-recognition-on-open-datasets/data/train/speech/Actor_03/03-01-01-01-01-02-03.wav,train,speech,1,neutral,normal,3,male,1,2
/mnt/d/career/projects/lightweight-speech-emotion-recognition-on-open-datasets/data/train/speech/Actor_03/03-01-01-01-02-01-03.wav,train,speech,1,neutral,normal,3,male,2,1
/mnt/d/career/projects/lightweight-speech-emotion-recognition-on-open-datasets/data/train/speech/Actor_03/03-01-01-01-02-02-03.wav,train,speech,1,neutral,normal,3,male,2,2
/mnt/d/career/projects/lightweight-speech-emotion-recognition-on-open-datasets/data/train/speech/Actor_03/03-01-02-01-01-01-03.wav,train,speech,2,calm,normal,3,male,1,1
/mnt/d/career/projects/lightweight-speech-emotion-recognition-on-open-datasets/data/train/speech/Actor_03/03-01-02-01-01-02-03.wav,train,speech,2,calm,normal,3,male,1,2
/mnt/d/career/projects/lightweight-speech-emotion-recognition-on-open-datasets/data/train/speech/Actor_03/03-01-02-01-02-01-03.wav,train,speech,2,calm,normal,3,male,2,1
/mnt/d/career/projects/lightweight-speech-emotion-recognition-on-open-datasets/data/train/speech/Actor_03/03-01-02-01-02-02-03.wav,train,speech,2,calm,normal,3,male,2,2
/mnt/d/career/projects/lightweight-speech-emotion-recognition-on-open-datasets/data/train/speech/Actor_03/03-01-02-02-01-01-03.wav,train,speech,2,calm,strong,3,male,1,1
/mnt/d/career/projects/lightweight-speech-emotion-recognition-on-open-datasets/data/train/speech/Actor_03/03-01-02-02-01-02-03.wav,train,speech,2,calm,strong,3,male,1,2
/mnt/d/career/projects/lightweight-speech-emotion-recognition-on-open-datasets/data/train/speech/Actor_03/03-01-02-02-02-01-03.wav,train,speech,2,calm,strong,3,male,2,1
/mnt/d/career/projects/lightweight-speech-emotion-recognition-on-open-datasets/data/train/speech/Actor_03/03-01-02-02-02-02-03.wav,train,speech,2,calm,strong,3,male,2,2
/mnt/d/career/projects/lightweight-speech-emotion-recognition-on-open-datasets/data/train/speech/Actor_03/03-01-03-01-01-01-03.wav,train,speech,3,happy,normal,3,male,1,1
/mnt/d/career/projects/lightweight-speech-emotion-recognition-on-open-datasets/data/train/speech/Actor_03/03-01-03-01-01-02-03.wav,train,speech,3,happy,normal,3,male,1,2
/mnt/d/career/projects/lightweight-speech-emotion-recognition-on-open-datasets/data/train/speech/Actor_03/03-01-03-01-02-01-03.wav,train,speech,3,happy,normal,3,male,2,1
/mnt/d/career/projects/lightweight-speech-emotion-recognition-on-open-datasets/data/train/speech/Actor_03/03-01-03-01-02-02-03.wav,train,speech,3,happy,normal,3,male,2,2
/mnt/d/career/projects/lightweight-speech-emotion-recognition-on-open-datasets/data/train/speech/Actor_03/03-01-03-02-01-01-03.wav,train,speech,3,happy,strong,3,male,1,1
/mnt/d/career/projects/lightweight-speech-emotion-recognition-on-open-datasets/data/train/speech/Actor_03/03-01-03-02-01-02-03.wav,train,speech,3,happy,strong,3,male,1,2
/mnt/d/career/projects/lightweight-speech-emotion-recognition-on-open-datasets/data/train/speech/Actor_03/03-01-03-02-02-01-03.wav,train,speech,3,happy,strong,3,male,2,1
/mnt/d/career/projects/lightweight-speech-emotion-recognition-on-open-datasets/data/train/speech/Actor_03/03-01-03-02-02-02-03.wav,train,speech,3,happy,strong,3,male,2,2
/mnt/d/career/projects/lightweight-speech-emotion-recognition-on-open-datasets/data/train/speech/Actor_03/03-01-04-01-01-01-03.wav,train,speech,4,sad,normal,3,male,1,1
/mnt/d/career/projects/lightweight-speech-emotion-recognition-on-open-datasets/data/train/speech/Actor_03/03-01-04-01-01-02-03.wav,train,speech,4,sad,normal,3,male,1,2
/mnt/d/career/projects/lightweight-speech-emotion-recognition-on-open-datasets/data/train/speech/Actor_03/03-01-04-01-02-01-03.wav,train,speech,4,sad,normal,3,male,2,1
/mnt/d/career/projects/lightweight-speech-emotion-recognition-on-open-datasets/data/train/speech/Actor_03/03-01-04-01-02-02-03.wav,train,speech,4,sad,normal,3,male,2,2
/mnt/d/career/projects/lightweight-speech-emotion-recognition-on-open-datasets/data/train/speech/Actor_03/03-01-04-02-01-01-03.wav,train,speech,4,sad,strong,3,male,1,1
/mnt/d/career/projects/lightweight-speech-emotion-recognition-on-open-datasets/data/train/speech/Actor_03/03-01-04-02-01-02-03.wav,train,speech,4,sad,strong,3,male,1,2
/mnt/d/career/projects/lightweight-speech-emotion-recognition-on-open-datasets/data/train/speech/Actor_03/03-01-04-02-02-01-03.wav,train,speech,4,sad,strong,3,male,2,1
/mnt/d/career/projects/lightweight-speech-emotion-recognition-on-open-datasets/data/train/speech/Actor_03/03-01-04-02-02-02-03.wav,train,speech,4,sad,strong,3,male,2,2
/mnt/d/career/projects/lightweight-speech-emotion-recognition-on-open-datasets/data/train/speech/Actor_03/03-01-05-01-01-01-03.wav,train,speech,5,angry,normal,3,male,1,1
/mnt/d/career/projects/lightweight-speech-emotion-recognition-on-open-datasets/data/train/speech/Actor_03/03-01-05-01-01-02-03.wav,train,speech,5,angry,normal,3,male,1,2
/mnt/d/career/projects/lightweight-speech-emotion-recognition-on-open-datasets/data/train/speech/Actor_03/03-01-05-01-02-01-03.wav,train,speech,5,angry,normal,3,male,2,1
/mnt/d/career/projects/lightweight-speech-emotion-recognition-on-open-datasets/data/train/speech/Actor_03/03-01-05-01-02-02-03.wav,train,speech,5,angry,normal,3,male,2,2
/mnt/d/career/projects/lightweight-speech-emotion-recognition-on-open-datasets/data/train/speech/Actor_03/03-01-05-02-01-01-03.wav,train,speech,5,angry,strong,3,male,1,1
/mnt/d/career/projects/lightweight-speech-emotion-recognition-on-open-datasets/data/train/speech/Actor_03/03-01-05-02-01-02-03.wav,train,speech,5,angry,strong,3,male,1,2
/mnt/d/career/projects/lightweight-speech-emotion-recognition-on-open-datasets/data/train/speech/Actor_03/03-01-05-02-02-01-03.wav,train,speech,5,angry,strong,3,male,2,1
/mnt/d/career/projects/lightweight-speech-emotion-recognition-on-open-datasets/data/train/speech/Actor_03/03-01-05-02-02-02-03.wav,train,speech,5,angry,strong,3,male,2,2
/mnt/d/career/projects/lightweight-speech-emotion-recognition-on-open-datasets/data/train/speech/Actor_03/03-01-06-01-01-01-03.wav,train,speech,6,fearful,normal,3,male,1,1
/mnt/d/career/projects/lightweight-speech-emotion-recognition-on-open-datasets/data/train/speech/Actor_03/03-01-06-01-01-02-03.wav,train,speech,6,fearful,normal,3,male,1,2
/mnt/d/career/projects/lightweight-speech-emotion-recognition-on-open-datasets/data/train/speech/Actor_03/03-01-06-01-02-01-03.wav,train,speech,6,fearful,normal,3,male,2,1
/mnt/d/career/projects/lightweight-speech-emotion-recognition-on-open-datasets/data/train/speech/Actor_03/03-01-06-01-02-02-03.wav,train,speech,6,fearful,normal,3,male,2,2
/mnt/d/career/projects/lightweight-speech-emotion-recognition-on-open-datasets/data/train/speech/Actor_03/03-01-06-02-01-01-03.wav,train,speech,6,fearful,strong,3,male,1,1
/mnt/d/career/projects/lightweight-speech-emotion-recognition-on-open-datasets/data/train/speech/Actor_03/03-01-06-02-01-02-03.wav,train,speech,6,fearful,strong,3,male,1,2
/mnt/d/career/projects/lightweight-speech-emotion-recognition-on-open-datasets/data/train/speech/Actor_03/03-01-06-02-02-01-03.wav,train,speech,6,fearful,strong,3,male,2,1
/mnt/d/career/projects/lightweight-speech-emotion-recognition-on-open-datasets/data/train/speech/Actor_03/03-01-06-02-02-02-03.wav,train,speech,6,fearful,strong,3,male,2,2
/mnt/d/career/projects/lightweight-speech-emotion-recognition-on-open-datasets/data/train/speech/Actor_03/03-01-07-01-01-01-03.wav,train,speech,7,disgust,normal,3,male,1,1
/mnt/d/career/projects/lightweight-speech-emotion-recognition-on-open-datasets/data/train/speech/Actor_03/03-01-07-01-01-02-03.wav,train,speech,7,disgust,normal,3,male,1,2
/mnt/d/career/projects/lightweight-speech-emotion-recognition-on-open-datasets/data/train/speech/Actor_03/03-01-07-01-02-01-03.wav,train,speech,7,disgust,normal,3,male,2,1
/mnt/d/career/projects/lightweight-speech-emotion-recognition-on-open-datasets/data/train/speech/Actor_03/03-01-07-01-02-02-03.wav,train,speech,7,disgust,normal,3,male,2,2
/mnt/d/career/projects/lightweight-speech-emotion-recognition-on-open-datasets/data/train/speech/Actor_03/03-01-07-02-01-01-03.wav,train,speech,7,disgust,strong,3,male,1,1
/mnt/d/career/projects/lightweight-speech-emotion-recognition-on-open-datasets/data/train/speech/Actor_03/03-01-07-02-01-02-03.wav,train,speech,7,disgust,strong,3,male,1,2
/mnt/d/career/projects/lightweight-speech-emotion-recognition-on-open-datasets/data/train/speech/Actor_03/03-01-07-02-02-01-03.wav,train,speech,7,disgust,strong,3,male,2,1
/mnt/d/career/projects/lightweight-speech-emotion-recognition-on-open-datasets/data/train/speech/Actor_03/03-01-07-02-02-02-03.wav,train,speech,7,disgust,strong,3,male,2,2
/mnt/d/career/projects/lightweight-speech-emotion-recognition-on-open-datasets/data/train/speech/Actor_03/03-01-08-01-01-01-03.wav,train,speech,8,surprised,normal,3,male,1,1
/mnt/d/career/projects/lightweight-speech-emotion-recognition-on-open-datasets/data/train/speech/Actor_03/03-01-08-01-01-02-03.wav,train,speech,8,surprised,normal,3,male,1,2
/mnt/d/career/projects/lightweight-speech-emotion-recognition-on-open-datasets/data/train/speech/Actor_03/03-01-08-01-02-01-03.wav,train,speech,8,surprised,normal,3,male,2,1
/mnt/d/career/projects/lightweight-speech-emotion-recognition-on-open-datasets/data/train/speech/Actor_03/03-01-08-01-02-02-03.wav,train,speech,8,surprised,normal,3,male,2,2
/mnt/d/career/projects/lightweight-speech-emotion-recognition-on-open-datasets/data/train/speech/Actor_03/03-01-08-02-01-01-03.wav,train,speech,8,surprised,strong,3,male,1,1
/mnt/d/career/projects/lightweight-speech-emotion-recognition-on-open-datasets/data/train/speech/Actor_03/03-01-08-02-01-02-03.wav,train,speech,8,surprised,strong,3,male,1,2
/mnt/d/career/projects/lightweight-speech-emotion-recognition-on-open-datasets/data/train/speech/Actor_03/03-01-08-02-02-01-03.wav,train,speech,8,surprised,strong,3,male,2,1
/mnt/d/career/projects/lightweight-speech-emotion-recognition-on-open-datasets/data/train/speech/Actor_03/03-01-08-02-02-02-03.wav,train,speech,8,surprised,strong,3,male,2,2
/mnt/d/career/projects/lightweight-speech-emotion-recognition-on-open-datasets/data/train/speech/Actor_04/03-01-01-01-01-01-04.wav,train,speech,1,neutral,normal,4,female,1,1
/mnt/d/career/projects/lightweight-speech-emotion-recognition-on-open-datasets/data/train/speech/Actor_04/03-01-01-01-01-02-04.wav,train,speech,1,neutral,normal,4,female,1,2
/mnt/d/career/projects/lightweight-speech-emotion-recognition-on-open-datasets/data/train/speech/Actor_04/03-01-01-01-02-01-04.wav,train,speech,1,neutral,normal,4,female,2,1
/mnt/d/career/projects/lightweight-speech-emotion-recognition-on-open-datasets/data/train/speech/Actor_04/03-01-01-01-02-02-04.wav,train,speech,1,neutral,normal,4,female,2,2
/mnt/d/career/projects/lightweight-speech-emotion-recognition-on-open-datasets/data/train/speech/Actor_04/03-01-02-01-01-01-04.wav,train,speech,2,calm,normal,4,female,1,1
/mnt/d/career/projects/lightweight-speech-emotion-recognition-on-open-datasets/data/train/speech/Actor_04/03-01-02-01-01-02-04.wav,train,speech,2,calm,normal,4,female,1,2
/mnt/d/career/projects/lightweight-speech-emotion-recognition-on-open-datasets/data/train/speech/Actor_04/03-01-02-01-02-01-04.wav,train,speech,2,calm,normal,4,female,2,1
/mnt/d/career/projects/lightweight-speech-emotion-recognition-on-open-datasets/data/train/speech/Actor_04/03-01-02-01-02-02-04.wav,train,speech,2,calm,normal,4,female,2,2
/mnt/d/career/projects/lightweight-speech-emotion-recognition-on-open-datasets/data/train/speech/Actor_04/03-01-02-02-01-01-04.wav,train,speech,2,calm,strong,4,female,1,1
/mnt/d/career/projects/lightweight-speech-emotion-recognition-on-open-datasets/data/train/speech/Actor_04/03-01-02-02-01-02-04.wav,train,speech,2,calm,strong,4,female,1,2
/mnt/d/career/projects/lightweight-speech-emotion-recognition-on-open-datasets/data/train/speech/Actor_04/03-01-02-02-02-01-04.wav,train,speech,2,calm,strong,4,female,2,1
/mnt/d/career/projects/lightweight-speech-emotion-recognition-on-open-datasets/data/train/speech/Actor_04/03-01-02-02-02-02-04.wav,train,speech,2,calm,strong,4,female,2,2
/mnt/d/career/projects/lightweight-speech-emotion-recognition-on-open-datasets/data/train/speech/Actor_04/03-01-03-01-01-01-04.wav,train,speech,3,happy,normal,4,female,1,1
/mnt/d/career/projects/lightweight-speech-emotion-recognition-on-open-datasets/data/train/speech/Actor_04/03-01-03-01-01-02-04.wav,train,speech,3,happy,normal,4,female,1,2
/mnt/d/career/projects/lightweight-speech-emotion-recognition-on-open-datasets/data/train/speech/Actor_04/03-01-03-01-02-01-04.wav,train,speech,3,happy,normal,4,female,2,1
/mnt/d/career/projects/lightweight-speech-emotion-recognition-on-open-datasets/data/train/speech/Actor_04/03-01-03-01-02-02-04.wav,train,speech,3,happy,normal,4,female,2,2
/mnt/d/career/projects/lightweight-speech-emotion-recognition-on-open-datasets/data/train/speech/Actor_04/03-01-03-02-01-01-04.wav,train,speech,3,happy,strong,4,female,1,1
/mnt/d/career/projects/lightweight-speech-emotion-recognition-on-open-datasets/data/train/speech/Actor_04/03-01-03-02-01-02-04.wav,train,speech,3,happy,strong,4,female,1,2
/mnt/d/career/projects/lightweight-speech-emotion-recognition-on-open-datasets/data/train/speech/Actor_04/03-01-03-02-02-01-04.wav,train,speech,3,happy,strong,4,female,2,1
/mnt/d/career/projects/lightweight-speech-emotion-recognition-on-open-datasets/data/train/speech/Actor_04/03-01-03-02-02-02-04.wav,train,speech,3,happy,strong,4,female,2,2
/mnt/d/career/projects/lightweight-speech-emotion-recognition-on-open-datasets/data/train/speech/Actor_04/03-01-04-01-01-01-04.wav,train,speech,4,sad,normal,4,female,1,1
/mnt/d/career/projects/lightweight-speech-emotion-recognition-on-open-datasets/data/train/speech/Actor_04/03-01-04-01-01-02-04.wav,train,speech,4,sad,normal,4,female,1,2
/mnt/d/career/projects/lightweight-speech-emotion-recognition-on-open-datasets/data/train/speech/Actor_04/03-01-04-01-02-01-04.wav,train,speech,4,sad,normal,4,female,2,1
/mnt/d/career/projects/lightweight-speech-emotion-recognition-on-open-datasets/data/train/speech/Actor_04/03-01-04-01-02-02-04.wav,train,speech,4,sad,normal,4,female,2,2
/mnt/d/career/projects/lightweight-speech-emotion-recognition-on-open-datasets/data/train/speech/Actor_04/03-01-04-02-01-01-04.wav,train,speech,4,sad,strong,4,female,1,1
/mnt/d/career/projects/lightweight-speech-emotion-recognition-on-open-datasets/data/train/speech/Actor_04/03-01-04-02-01-02-04.wav,train,speech,4,sad,strong,4,female,1,2
/mnt/d/career/projects/lightweight-speech-emotion-recognition-on-open-datasets/data/train/speech/Actor_04/03-01-04-02-02-01-04.wav,train,speech,4,sad,strong,4,female,2,1
/mnt/d/career/projects/lightweight-speech-emotion-recognition-on-open-datasets/data/train/speech/Actor_04/03-01-04-02-02-02-04.wav,train,speech,4,sad,strong,4,female,2,2
/mnt/d/career/projects/lightweight-speech-emotion-recognition-on-open-datasets/data/train/speech/Actor_04/03-01-05-01-01-01-04.wav,train,speech,5,angry,normal,4,female,1,1
/mnt/d/career/projects/lightweight-speech-emotion-recognition-on-open-datasets/data/train/speech/Actor_04/03-01-05-01-01-02-04.wav,train,speech,5,angry,normal,4,female,1,2
/mnt/d/career/projects/lightweight-speech-emotion-recognition-on-open-datasets/data/train/speech/Actor_04/03-01-05-01-02-01-04.wav,train,speech,5,angry,normal,4,female,2,1
/mnt/d/career/projects/lightweight-speech-emotion-recognition-on-open-datasets/data/train/speech/Actor_04/03-01-05-01-02-02-04.wav,train,speech,5,angry,normal,4,female,2,2
/mnt/d/career/projects/lightweight-speech-emotion-recognition-on-open-datasets/data/train/speech/Actor_04/03-01-05-02-01-01-04.wav,train,speech,5,angry,strong,4,female,1,1
/mnt/d/career/projects/lightweight-speech-emotion-recognition-on-open-datasets/data/train/speech/Actor_04/03-01-05-02-01-02-04.wav,train,speech,5,angry,strong,4,female,1,2
/mnt/d/career/projects/lightweight-speech-emotion-recognition-on-open-datasets/data/train/speech/Actor_04/03-01-05-02-02-01-04.wav,train,speech,5,angry,strong,4,female,2,1
/mnt/d/career/projects/lightweight-speech-emotion-recognition-on-open-datasets/data/train/speech/Actor_04/03-01-05-02-02-02-04.wav,train,speech,5,angry,strong,4,female,2,2
/mnt/d/career/projects/lightweight-speech-emotion-recognition-on-open-datasets/data/train/speech/Actor_04/03-01-06-01-01-01-04.wav,train,speech,6,fearful,normal,4,female,1,1
/mnt/d/career/projects/lightweight-speech-emotion-recognition-on-open-datasets/data/train/speech/Actor_04/03-01-06-01-01-02-04.wav,train,speech,6,fearful,normal,4,female,1,2
/mnt/d/career/projects/lightweight-speech-emotion-recognition-on-open-datasets/data/train/speech/Actor_04/03-01-06-01-02-01-04.wav,train,speech,6,fearful,normal,4,female,2,1
/mnt/d/career/projects/lightweight-speech-emotion-recognition-on-open-datasets/data/train/speech/Actor_04/03-01-06-01-02-02-04.wav,train,speech,6,fearful,normal,4,female,2,2
/mnt/d/career/projects/lightweight-speech-emotion-recognition-on-open-datasets/data/train/speech/Actor_04/03-01-06-02-01-01-04.wav,train,speech,6,fearful,strong,4,female,1,1
/mnt/d/career/projects/lightweight-speech-emotion-recognition-on-open-datasets/data/train/speech/Actor_04/03-01-06-02-01-02-04.wav,train,speech,6,fearful,strong,4,female,1,2
/mnt/d/career/projects/lightweight-speech-emotion-recognition-on-open-datasets/data/train/speech/Actor_04/03-01-06-02-02-01-04.wav,train,speech,6,fearful,strong,4,female,2,1
/mnt/d/career/projects/lightweight-speech-emotion-recognition-on-open-datasets/data/train/speech/Actor_04/03-01-06-02-02-02-04.wav,train,speech,6,fearful,strong,4,female,2,2
/mnt/d/career/projects/lightweight-speech-emotion-recognition-on-open-datasets/data/train/speech/Actor_04/03-01-07-01-01-01-04.wav,train,speech,7,disgust,normal,4,female,1,1
/mnt/d/career/projects/lightweight-speech-emotion-recognition-on-open-datasets/data/train/speech/Actor_04/03-01-07-01-01-02-04.wav,train,speech,7,disgust,normal,4,female,1,2
/mnt/d/career/projects/lightweight-speech-emotion-recognition-on-open-datasets/data/train/speech/Actor_04/03-01-07-01-02-01-04.wav,train,speech,7,disgust,normal,4,female,2,1
/mnt/d/career/projects/lightweight-speech-emotion-recognition-on-open-datasets/data/train/speech/Actor_04/03-01-07-01-02-02-04.wav,train,speech,7,disgust,normal,4,female,2,2
/mnt/d/career/projects/lightweight-speech-emotion-recognition-on-open-datasets/data/train/speech/Actor_04/03-01-07-02-01-01-04.wav,train,speech,7,disgust,strong,4,female,1,1
/mnt/d/career/projects/lightweight-speech-emotion-recognition-on-open-datasets/data/train/speech/Actor_04/03-01-07-02-01-02-04.wav,train,speech,7,disgust,strong,4,female,1,2
/mnt/d/career/projects/lightweight-speech-emotion-recognition-on-open-datasets/data/train/speech/Actor_04/03-01-07-02-02-01-04.wav,train,speech,7,disgust,strong,4,female,2,1
/mnt/d/career/projects/lightweight-speech-emotion-recognition-on-open-datasets/data/train/speech/Actor_04/03-01-07-02-02-02-04.wav,train,speech,7,disgust,strong,4,female,2,2
/mnt/d/career/projects/lightweight-speech-emotion-recognition-on-open-datasets/data/train/speech/Actor_04/03-01-08-01-01-01-04.wav,train,speech,8,surprised,normal,4,female,1,1
/mnt/d/career/projects/lightweight-speech-emotion-recognition-on-open-datasets/data/train/speech/Actor_04/03-01-08-01-01-02-04.wav,train,speech,8,surprised,normal,4,female,1,2
/mnt/d/career/projects/lightweight-speech-emotion-recognition-on-open-datasets/data/train/speech/Actor_04/03-01-08-01-02-01-04.wav,train,speech,8,surprised,normal,4,female,2,1
/mnt/d/career/projects/lightweight-speech-emotion-recognition-on-open-datasets/data/train/speech/Actor_04/03-01-08-01-02-02-04.wav,train,speech,8,surprised,normal,4,female,2,2
/mnt/d/career/projects/lightweight-speech-emotion-recognition-on-open-datasets/data/train/speech/Actor_04/03-01-08-02-01-01-04.wav,train,speech,8,surprised,strong,4,female,1,1
/mnt/d/career/projects/lightweight-speech-emotion-recognition-on-open-datasets/data/train/speech/Actor_04/03-01-08-02-01-02-04.wav,train,speech,8,surprised,strong,4,female,1,2
/mnt/d/career/projects/lightweight-speech-emotion-recognition-on-open-datasets/data/train/speech/Actor_04/03-01-08-02-02-01-04.wav,train,speech,8,surprised,strong,4,female,2,1
/mnt/d/career/projects/lightweight-speech-emotion-recognition-on-open-datasets/data/train/speech/Actor_04/03-01-08-02-02-02-04.wav,train,speech,8,surprised,strong,4,female,2,2
/mnt/d/career/projects/lightweight-speech-emotion-recognition-on-open-datasets/data/train/speech/Actor_05/03-01-01-01-01-01-05.wav,train,speech,1,neutral,normal,5,male,1,1
/mnt/d/career/projects/lightweight-speech-emotion-recognition-on-open-datasets/data/train/speech/Actor_05/03-01-01-01-01-02-05.wav,train,speech,1,neutral,normal,5,male,1,2
/mnt/d/career/projects/lightweight-speech-emotion-recognition-on-open-datasets/data/train/speech/Actor_05/03-01-01-01-02-01-05.wav,train,speech,1,neutral,normal,5,male,2,1
/mnt/d/career/projects/lightweight-speech-emotion-recognition-on-open-datasets/data/train/speech/Actor_05/03-01-01-01-02-02-05.wav,train,speech,1,neutral,normal,5,male,2,2
/mnt/d/career/projects/lightweight-speech-emotion-recognition-on-open-datasets/data/train/speech/Actor_05/03-01-02-01-01-01-05.wav,train,speech,2,calm,normal,5,male,1,1
/mnt/d/career/projects/lightweight-speech-emotion-recognition-on-open-datasets/data/train/speech/Actor_05/03-01-02-01-01-02-05.wav,train,speech,2,calm,normal,5,male,1,2
/mnt/d/career/projects/lightweight-speech-emotion-recognition-on-open-datasets/data/train/speech/Actor_05/03-01-02-01-02-01-05.wav,train,speech,2,calm,normal,5,male,2,1
/mnt/d/career/projects/lightweight-speech-emotion-recognition-on-open-datasets/data/train/speech/Actor_05/03-01-02-01-02-02-05.wav,train,speech,2,calm,normal,5,male,2,2
/mnt/d/career/projects/lightweight-speech-emotion-recognition-on-open-datasets/data/train/speech/Actor_05/03-01-02-02-01-01-05.wav,train,speech,2,calm,strong,5,male,1,1
/mnt/d/career/projects/lightweight-speech-emotion-recognition-on-open-datasets/data/train/speech/Actor_05/03-01-02-02-01-02-05.wav,train,speech,2,calm,strong,5,male,1,2
/mnt/d/career/projects/lightweight-speech-emotion-recognition-on-open-datasets/data/train/speech/Actor_05/03-01-02-02-02-01-05.wav,train,speech,2,calm,strong,5,male,2,1
/mnt/d/career/projects/lightweight-speech-emotion-recognition-on-open-datasets/data/train/speech/Actor_05/03-01-02-02-02-02-05.wav,train,speech,2,calm,strong,5,male,2,2
/mnt/d/career/projects/lightweight-speech-emotion-recognition-on-open-datasets/data/train/speech/Actor_05/03-01-03-01-01-01-05.wav,train,speech,3,happy,normal,5,male,1,1
/mnt/d/career/projects/lightweight-speech-emotion-recognition-on-open-datasets/data/train/speech/Actor_05/03-01-03-01-01-02-05.wav,train,speech,3,happy,normal,5,male,1,2
/mnt/d/career/projects/lightweight-speech-emotion-recognition-on-open-datasets/data/train/speech/Actor_05/03-01-03-01-02-01-05.wav,train,speech,3,happy,normal,5,male,2,1
/mnt/d/career/projects/lightweight-speech-emotion-recognition-on-open-datasets/data/train/speech/Actor_05/03-01-03-01-02-02-05.wav,train,speech,3,happy,normal,5,male,2,2
/mnt/d/career/projects/lightweight-speech-emotion-recognition-on-open-datasets/data/train/speech/Actor_05/03-01-03-02-01-01-05.wav,train,speech,3,happy,strong,5,male,1,1
/mnt/d/career/projects/lightweight-speech-emotion-recognition-on-open-datasets/data/train/speech/Actor_05/03-01-03-02-01-02-05.wav,train,speech,3,happy,strong,5,male,1,2
/mnt/d/career/projects/lightweight-speech-emotion-recognition-on-open-datasets/data/train/speech/Actor_05/03-01-03-02-02-01-05.wav,train,speech,3,happy,strong,5,male,2,1
/mnt/d/career/projects/lightweight-speech-emotion-recognition-on-open-datasets/data/train/speech/Actor_05/03-01-03-02-02-02-05.wav,train,speech,3,happy,strong,5,male,2,2
/mnt/d/career/projects/lightweight-speech-emotion-recognition-on-open-datasets/data/train/speech/Actor_05/03-01-04-01-01-01-05.wav,train,speech,4,sad,normal,5,male,1,1
/mnt/d/career/projects/lightweight-speech-emotion-recognition-on-open-datasets/data/train/speech/Actor_05/03-01-04-01-01-02-05.wav,train,speech,4,sad,normal,5,male,1,2
/mnt/d/career/projects/lightweight-speech-emotion-recognition-on-open-datasets/data/train/speech/Actor_05/03-01-04-01-02-01-05.wav,train,speech,4,sad,normal,5,male,2,1
/mnt/d/career/projects/lightweight-speech-emotion-recognition-on-open-datasets/data/train/speech/Actor_05/03-01-04-01-02-02-05.wav,train,speech,4,sad,normal,5,male,2,2
/mnt/d/career/projects/lightweight-speech-emotion-recognition-on-open-datasets/data/train/speech/Actor_05/03-01-04-02-01-01-05.wav,train,speech,4,sad,strong,5,male,1,1
/mnt/d/career/projects/lightweight-speech-emotion-recognition-on-open-datasets/data/train/speech/Actor_05/03-01-04-02-01-02-05.wav,train,speech,4,sad,strong,5,male,1,2
/mnt/d/career/projects/lightweight-speech-emotion-recognition-on-open-datasets/data/train/speech/Actor_05/03-01-04-02-02-01-05.wav,train,speech,4,sad,strong,5,male,2,1
/mnt/d/career/projects/lightweight-speech-emotion-recognition-on-open-datasets/data/train/speech/Actor_05/03-01-04-02-02-02-05.wav,train,speech,4,sad,strong,5,male,2,2
/mnt/d/career/projects/lightweight-speech-emotion-recognition-on-open-datasets/data/train/speech/Actor_05/03-01-05-01-01-01-05.wav,train,speech,5,angry,normal,5,male,1,1
/mnt/d/career/projects/lightweight-speech-emotion-recognition-on-open-datasets/data/train/speech/Actor_05/03-01-05-01-01-02-05.wav,train,speech,5,angry,normal,5,male,1,2
/mnt/d/career/projects/lightweight-speech-emotion-recognition-on-open-datasets/data/train/speech/Actor_05/03-01-05-01-02-01-05.wav,train,speech,5,angry,normal,5,male,2,1
/mnt/d/career/projects/lightweight-speech-emotion-recognition-on-open-datasets/data/train/speech/Actor_05/03-01-05-01-02-02-05.wav,train,speech,5,angry,normal,5,male,2,2
/mnt/d/career/projects/lightweight-speech-emotion-recognition-on-open-datasets/data/train/speech/Actor_05/03-01-05-02-01-01-05.wav,train,speech,5,angry,strong,5,male,1,1
/mnt/d/career/projects/lightweight-speech-emotion-recognition-on-open-datasets/data/train/speech/Actor_05/03-01-05-02-01-02-05.wav,train,speech,5,angry,strong,5,male,1,2
/mnt/d/career/projects/lightweight-speech-emotion-recognition-on-open-datasets/data/train/speech/Actor_05/03-01-05-02-02-01-05.wav,train,speech,5,angry,strong,5,male,2,1
/mnt/d/career/projects/lightweight-speech-emotion-recognition-on-open-datasets/data/train/speech/Actor_05/03-01-05-02-02-02-05.wav,train,speech,5,angry,strong,5,male,2,2
/mnt/d/career/projects/lightweight-speech-emotion-recognition-on-open-datasets/data/train/speech/Actor_05/03-01-06-01-01-01-05.wav,train,speech,6,fearful,normal,5,male,1,1
/mnt/d/career/projects/lightweight-speech-emotion-recognition-on-open-datasets/data/train/speech/Actor_05/03-01-06-01-01-02-05.wav,train,speech,6,fearful,normal,5,male,1,2
/mnt/d/career/projects/lightweight-speech-emotion-recognition-on-open-datasets/data/train/speech/Actor_05/03-01-06-01-02-01-05.wav,train,speech,6,fearful,normal,5,male,2,1
/mnt/d/career/projects/lightweight-speech-emotion-recognition-on-open-datasets/data/train/speech/Actor_05/03-01-06-01-02-02-05.wav,train,speech,6,fearful,normal,5,male,2,2
/mnt/d/career/projects/lightweight-speech-emotion-recognition-on-open-datasets/data/train/speech/Actor_05/03-01-06-02-01-01-05.wav,train,speech,6,fearful,strong,5,male,1,1
/mnt/d/career/projects/lightweight-speech-emotion-recognition-on-open-datasets/data/train/speech/Actor_05/03-01-06-02-01-02-05.wav,train,speech,6,fearful,strong,5,male,1,2
/mnt/d/career/projects/lightweight-speech-emotion-recognition-on-open-datasets/data/train/speech/Actor_05/03-01-06-02-02-01-05.wav,train,speech,6,fearful,strong,5,male,2,1
/mnt/d/career/projects/lightweight-speech-emotion-recognition-on-open-datasets/data/train/speech/Actor_05/03-01-06-02-02-02-05.wav,train,speech,6,fearful,strong,5,male,2,2
/mnt/d/career/projects/lightweight-speech-emotion-recognition-on-open-datasets/data/train/speech/Actor_05/03-01-07-01-01-01-05.wav,train,speech,7,disgust,normal,5,male,1,1
/mnt/d/career/projects/lightweight-speech-emotion-recognition-on-open-datasets/data/train/speech/Actor_05/03-01-07-01-01-02-05.wav,train,speech,7,disgust,normal,5,male,1,2
/mnt/d/career/projects/lightweight-speech-emotion-recognition-on-open-datasets/data/train/speech/Actor_05/03-01-07-01-02-01-05.wav,train,speech,7,disgust,normal,5,male,2,1
/mnt/d/career/projects/lightweight-speech-emotion-recognition-on-open-datasets/data/train/speech/Actor_05/03-01-07-01-02-02-05.wav,train,speech,7,disgust,normal,5,male,2,2
/mnt/d/career/projects/lightweight-speech-emotion-recognition-on-open-datasets/data/train/speech/Actor_05/03-01-07-02-01-01-05.wav,train,speech,7,disgust,strong,5,male,1,1
/mnt/d/career/projects/lightweight-speech-emotion-recognition-on-open-datasets/data/train/speech/Actor_05/03-01-07-02-01-02-05.wav,train,speech,7,disgust,strong,5,male,1,2
/mnt/d/career/projects/lightweight-speech-emotion-recognition-on-open-datasets/data/train/speech/Actor_05/03-01-07-02-02-01-05.wav,train,speech,7,disgust,strong,5,male,2,1
/mnt/d/career/projects/lightweight-speech-emotion-recognition-on-open-datasets/data/train/speech/Actor_05/03-01-07-02-02-02-05.wav,train,speech,7,disgust,strong,5,male,2,2
/mnt/d/career/projects/lightweight-speech-emotion-recognition-on-open-datasets/data/train/speech/Actor_05/03-01-08-01-01-01-05.wav,train,speech,8,surprised,normal,5,male,1,1
/mnt/d/career/projects/lightweight-speech-emotion-recognition-on-open-datasets/data/train/speech/Actor_05/03-01-08-01-01-02-05.wav,train,speech,8,surprised,normal,5,male,1,2
/mnt/d/career/projects/lightweight-speech-emotion-recognition-on-open-datasets/data/train/speech/Actor_05/03-01-08-01-02-01-05.wav,train,speech,8,surprised,normal,5,male,2,1
/mnt/d/career/projects/lightweight-speech-emotion-recognition-on-open-datasets/data/train/speech/Actor_05/03-01-08-01-02-02-05.wav,train,speech,8,surprised,normal,5,male,2,2
/mnt/d/career/projects/lightweight-speech-emotion-recognition-on-open-datasets/data/train/speech/Actor_05/03-01-08-02-01-01-05.wav,train,speech,8,surprised,strong,5,male,1,1
/mnt/d/career/projects/lightweight-speech-emotion-recognition-on-open-datasets/data/train/speech/Actor_05/03-01-08-02-01-02-05.wav,train,speech,8,surprised,strong,5,male,1,2
/mnt/d/career/projects/lightweight-speech-emotion-recognition-on-open-datasets/data/train/speech/Actor_05/03-01-08-02-02-01-05.wav,train,speech,8,surprised,strong,5,male,2,1
/mnt/d/career/projects/lightweight-speech-emotion-recognition-on-open-datasets/data/train/speech/Actor_05/03-01-08-02-02-02-05.wav,train,speech,8,surprised,strong,5,male,2,2
/mnt/d/career/projects/lightweight-speech-emotion-recognition-on-open-datasets/data/train/speech/Actor_06/03-01-01-01-01-01-06.wav,train,speech,1,neutral,normal,6,female,1,1
/mnt/d/career/projects/lightweight-speech-emotion-recognition-on-open-datasets/data/train/speech/Actor_06/03-01-01-01-01-02-06.wav,train,speech,1,neutral,normal,6,female,1,2
/mnt/d/career/projects/lightweight-speech-emotion-recognition-on-open-datasets/data/train/speech/Actor_06/03-01-01-01-02-01-06.wav,train,speech,1,neutral,normal,6,female,2,1
/mnt/d/career/projects/lightweight-speech-emotion-recognition-on-open-datasets/data/train/speech/Actor_06/03-01-01-01-02-02-06.wav,train,speech,1,neutral,normal,6,female,2,2
/mnt/d/career/projects/lightweight-speech-emotion-recognition-on-open-datasets/data/train/speech/Actor_06/03-01-02-01-01-01-06.wav,train,speech,2,calm,normal,6,female,1,1
/mnt/d/career/projects/lightweight-speech-emotion-recognition-on-open-datasets/data/train/speech/Actor_06/03-01-02-01-01-02-06.wav,train,speech,2,calm,normal,6,female,1,2
/mnt/d/career/projects/lightweight-speech-emotion-recognition-on-open-datasets/data/train/speech/Actor_06/03-01-02-01-02-01-06.wav,train,speech,2,calm,normal,6,female,2,1
/mnt/d/career/projects/lightweight-speech-emotion-recognition-on-open-datasets/data/train/speech/Actor_06/03-01-02-01-02-02-06.wav,train,speech,2,calm,normal,6,female,2,2
/mnt/d/career/projects/lightweight-speech-emotion-recognition-on-open-datasets/data/train/speech/Actor_06/03-01-02-02-01-01-06.wav,train,speech,2,calm,strong,6,female,1,1
/mnt/d/career/projects/lightweight-speech-emotion-recognition-on-open-datasets/data/train/speech/Actor_06/03-01-02-02-01-02-06.wav,train,speech,2,calm,strong,6,female,1,2
/mnt/d/career/projects/lightweight-speech-emotion-recognition-on-open-datasets/data/train/speech/Actor_06/03-01-02-02-02-01-06.wav,train,speech,2,calm,strong,6,female,2,1
/mnt/d/career/projects/lightweight-speech-emotion-recognition-on-open-datasets/data/train/speech/Actor_06/03-01-02-02-02-02-06.wav,train,speech,2,calm,strong,6,female,2,2
/mnt/d/career/projects/lightweight-speech-emotion-recognition-on-open-datasets/data/train/speech/Actor_06/03-01-03-01-01-01-06.wav,train,speech,3,happy,normal,6,female,1,1
/mnt/d/career/projects/lightweight-speech-emotion-recognition-on-open-datasets/data/train/speech/Actor_06/03-01-03-01-01-02-06.wav,train,speech,3,happy,normal,6,female,1,2
/mnt/d/career/projects/lightweight-speech-emotion-recognition-on-open-datasets/data/train/speech/Actor_06/03-01-03-01-02-01-06.wav,train,speech,3,happy,normal,6,female,2,1
/mnt/d/career/projects/lightweight-speech-emotion-recognition-on-open-datasets/data/train/speech/Actor_06/03-01-03-01-02-02-06.wav,train,speech,3,happy,normal,6,female,2,2
/mnt/d/career/projects/lightweight-speech-emotion-recognition-on-open-datasets/data/train/speech/Actor_06/03-01-03-02-01-01-06.wav,train,speech,3,happy,strong,6,female,1,1
/mnt/d/career/projects/lightweight-speech-emotion-recognition-on-open-datasets/data/train/speech/Actor_06/03-01-03-02-01-02-06.wav,train,speech,3,happy,strong,6,female,1,2
/mnt/d/career/projects/lightweight-speech-emotion-recognition-on-open-datasets/data/train/speech/Actor_06/03-01-03-02-02-01-06.wav,train,speech,3,happy,strong,6,female,2,1
/mnt/d/career/projects/lightweight-speech-emotion-recognition-on-open-datasets/data/train/speech/Actor_06/03-01-03-02-02-02-06.wav,train,speech,3,happy,strong,6,female,2,2
/mnt/d/career/projects/lightweight-speech-emotion-recognition-on-open-datasets/data/train/speech/Actor_06/03-01-04-01-01-01-06.wav,train,speech,4,sad,normal,6,female,1,1
/mnt/d/career/projects/lightweight-speech-emotion-recognition-on-open-datasets/data/train/speech/Actor_06/03-01-04-01-01-02-06.wav,train,speech,4,sad,normal,6,female,1,2
/mnt/d/career/projects/lightweight-speech-emotion-recognition-on-open-datasets/data/train/speech/Actor_06/03-01-04-01-02-01-06.wav,train,speech,4,sad,normal,6,female,2,1
/mnt/d/career/projects/lightweight-speech-emotion-recognition-on-open-datasets/data/train/speech/Actor_06/03-01-04-01-02-02-06.wav,train,speech,4,sad,normal,6,female,2,2
/mnt/d/career/projects/lightweight-speech-emotion-recognition-on-open-datasets/data/train/speech/Actor_06/03-01-04-02-01-01-06.wav,train,speech,4,sad,strong,6,female,1,1
/mnt/d/career/projects/lightweight-speech-emotion-recognition-on-open-datasets/data/train/speech/Actor_06/03-01-04-02-01-02-06.wav,train,speech,4,sad,strong,6,female,1,2
/mnt/d/career/projects/lightweight-speech-emotion-recognition-on-open-datasets/data/train/speech/Actor_06/03-01-04-02-02-01-06.wav,train,speech,4,sad,strong,6,female,2,1
/mnt/d/career/projects/lightweight-speech-emotion-recognition-on-open-datasets/data/train/speech/Actor_06/03-01-04-02-02-02-06.wav,train,speech,4,sad,strong,6,female,2,2
/mnt/d/career/projects/lightweight-speech-emotion-recognition-on-open-datasets/data/train/speech/Actor_06/03-01-05-01-01-01-06.wav,train,speech,5,angry,normal,6,female,1,1
/mnt/d/career/projects/lightweight-speech-emotion-recognition-on-open-datasets/data/train/speech/Actor_06/03-01-05-01-01-02-06.wav,train,speech,5,angry,normal,6,female,1,2
/mnt/d/career/projects/lightweight-speech-emotion-recognition-on-open-datasets/data/train/speech/Actor_06/03-01-05-01-02-01-06.wav,train,speech,5,angry,normal,6,female,2,1
/mnt/d/career/projects/lightweight-speech-emotion-recognition-on-open-datasets/data/train/speech/Actor_06/03-01-05-01-02-02-06.wav,train,speech,5,angry,normal,6,female,2,2
/mnt/d/career/projects/lightweight-speech-emotion-recognition-on-open-datasets/data/train/speech/Actor_06/03-01-05-02-01-01-06.wav,train,speech,5,angry,strong,6,female,1,1
/mnt/d/career/projects/lightweight-speech-emotion-recognition-on-open-datasets/data/train/speech/Actor_06/03-01-05-02-01-02-06.wav,train,speech,5,angry,strong,6,female,1,2
/mnt/d/career/projects/lightweight-speech-emotion-recognition-on-open-datasets/data/train/speech/Actor_06/03-01-05-02-02-01-06.wav,train,speech,5,angry,strong,6,female,2,1
/mnt/d/career/projects/lightweight-speech-emotion-recognition-on-open-datasets/data/train/speech/Actor_06/03-01-05-02-02-02-06.wav,train,speech,5,angry,strong,6,female,2,2
/mnt/d/career/projects/lightweight-speech-emotion-recognition-on-open-datasets/data/train/speech/Actor_06/03-01-06-01-01-01-06.wav,train,speech,6,fearful,normal,6,female,1,1
/mnt/d/career/projects/lightweight-speech-emotion-recognition-on-open-datasets/data/train/speech/Actor_06/03-01-06-01-01-02-06.wav,train,speech,6,fearful,normal,6,female,1,2
/mnt/d/career/projects/lightweight-speech-emotion-recognition-on-open-datasets/data/train/speech/Actor_06/03-01-06-01-02-01-06.wav,train,speech,6,fearful,normal,6,female,2,1
/mnt/d/career/projects/lightweight-speech-emotion-recognition-on-open-datasets/data/train/speech/Actor_06/03-01-06-01-02-02-06.wav,train,speech,6,fearful,normal,6,female,2,2
/mnt/d/career/projects/lightweight-speech-emotion-recognition-on-open-datasets/data/train/speech/Actor_06/03-01-06-02-01-01-06.wav,train,speech,6,fearful,strong,6,female,1,1
/mnt/d/career/projects/lightweight-speech-emotion-recognition-on-open-datasets/data/train/speech/Actor_06/03-01-06-02-01-02-06.wav,train,speech,6,fearful,strong,6,female,1,2
/mnt/d/career/projects/lightweight-speech-emotion-recognition-on-open-datasets/data/train/speech/Actor_06/03-01-06-02-02-01-06.wav,train,speech,6,fearful,strong,6,female,2,1
/mnt/d/career/projects/lightweight-speech-emotion-recognition-on-open-datasets/data/train/speech/Actor_06/03-01-06-02-02-02-06.wav,train,speech,6,fearful,strong,6,female,2,2
/mnt/d/career/projects/lightweight-speech-emotion-recognition-on-open-datasets/data/train/speech/Actor_06/03-01-07-01-01-01-06.wav,train,speech,7,disgust,normal,6,female,1,1
/mnt/d/career/projects/lightweight-speech-emotion-recognition-on-open-datasets/data/train/speech/Actor_06/03-01-07-01-01-02-06.wav,train,speech,7,disgust,normal,6,female,1,2
/mnt/d/career/projects/lightweight-speech-emotion-recognition-on-open-datasets/data/train/speech/Actor_06/03-01-07-01-02-01-06.wav,train,speech,7,disgust,normal,6,female,2,1
/mnt/d/career/projects/lightweight-speech-emotion-recognition-on-open-datasets/data/train/speech/Actor_06/03-01-07-01-02-02-06.wav,train,speech,7,disgust,normal,6,female,2,2
/mnt/d/career/projects/lightweight-speech-emotion-recognition-on-open-datasets/data/train/speech/Actor_06/03-01-07-02-01-01-06.wav,train,speech,7,disgust,strong,6,female,1,1
/mnt/d/career/projects/lightweight-speech-emotion-recognition-on-open-datasets/data/train/speech/Actor_06/03-01-07-02-01-02-06.wav,train,speech,7,disgust,strong,6,female,1,2
/mnt/d/career/projects/lightweight-speech-emotion-recognition-on-open-datasets/data/train/speech/Actor_06/03-01-07-02-02-01-06.wav,train,speech,7,disgust,strong,6,female,2,1
/mnt/d/career/projects/lightweight-speech-emotion-recognition-on-open-datasets/data/train/speech/Actor_06/03-01-07-02-02-02-06.wav,train,speech,7,disgust,strong,6,female,2,2
/mnt/d/career/projects/lightweight-speech-emotion-recognition-on-open-datasets/data/train/speech/Actor_06/03-01-08-01-01-01-06.wav,train,speech,8,surprised,normal,6,female,1,1
/mnt/d/career/projects/lightweight-speech-emotion-recognition-on-open-datasets/data/train/speech/Actor_06/03-01-08-01-01-02-06.wav,train,speech,8,surprised,normal,6,female,1,2
/mnt/d/career/projects/lightweight-speech-emotion-recognition-on-open-datasets/data/train/speech/Actor_06/03-01-08-01-02-01-06.wav,train,speech,8,surprised,normal,6,female,2,1
/mnt/d/career/projects/lightweight-speech-emotion-recognition-on-open-datasets/data/train/speech/Actor_06/03-01-08-01-02-02-06.wav,train,speech,8,surprised,normal,6,female,2,2
/mnt/d/career/projects/lightweight-speech-emotion-recognition-on-open-datasets/data/train/speech/Actor_06/03-01-08-02-01-01-06.wav,train,speech,8,surprised,strong,6,female,1,1
/mnt/d/career/projects/lightweight-speech-emotion-recognition-on-open-datasets/data/train/speech/Actor_06/03-01-08-02-01-02-06.wav,train,speech,8,surprised,strong,6,female,1,2
/mnt/d/career/projects/lightweight-speech-emotion-recognition-on-open-datasets/data/train/speech/Actor_06/03-01-08-02-02-01-06.wav,train,speech,8,surprised,strong,6,female,2,1
/mnt/d/career/projects/lightweight-speech-emotion-recognition-on-open-datasets/data/train/speech/Actor_06/03-01-08-02-02-02-06.wav,train,speech,8,surprised,strong,6,female,2,2
/mnt/d/career/projects/lightweight-speech-emotion-recognition-on-open-datasets/data/train/speech/Actor_07/03-01-01-01-01-01-07.wav,train,speech,1,neutral,normal,7,male,1,1
/mnt/d/career/projects/lightweight-speech-emotion-recognition-on-open-datasets/data/train/speech/Actor_07/03-01-01-01-01-02-07.wav,train,speech,1,neutral,normal,7,male,1,2
/mnt/d/career/projects/lightweight-speech-emotion-recognition-on-open-datasets/data/train/speech/Actor_07/03-01-01-01-02-01-07.wav,train,speech,1,neutral,normal,7,male,2,1
/mnt/d/career/projects/lightweight-speech-emotion-recognition-on-open-datasets/data/train/speech/Actor_07/03-01-01-01-02-02-07.wav,train,speech,1,neutral,normal,7,male,2,2
/mnt/d/career/projects/lightweight-speech-emotion-recognition-on-open-datasets/data/train/speech/Actor_07/03-01-02-01-01-01-07.wav,train,speech,2,calm,normal,7,male,1,1
/mnt/d/career/projects/lightweight-speech-emotion-recognition-on-open-datasets/data/train/speech/Actor_07/03-01-02-01-01-02-07.wav,train,speech,2,calm,normal,7,male,1,2
/mnt/d/career/projects/lightweight-speech-emotion-recognition-on-open-datasets/data/train/speech/Actor_07/03-01-02-01-02-01-07.wav,train,speech,2,calm,normal,7,male,2,1
/mnt/d/career/projects/lightweight-speech-emotion-recognition-on-open-datasets/data/train/speech/Actor_07/03-01-02-01-02-02-07.wav,train,speech,2,calm,normal,7,male,2,2
/mnt/d/career/projects/lightweight-speech-emotion-recognition-on-open-datasets/data/train/speech/Actor_07/03-01-02-02-01-01-07.wav,train,speech,2,calm,strong,7,male,1,1
/mnt/d/career/projects/lightweight-speech-emotion-recognition-on-open-datasets/data/train/speech/Actor_07/03-01-02-02-01-02-07.wav,train,speech,2,calm,strong,7,male,1,2
/mnt/d/career/projects/lightweight-speech-emotion-recognition-on-open-datasets/data/train/speech/Actor_07/03-01-02-02-02-01-07.wav,train,speech,2,calm,strong,7,male,2,1
/mnt/d/career/projects/lightweight-speech-emotion-recognition-on-open-datasets/data/train/speech/Actor_07/03-01-02-02-02-02-07.wav,train,speech,2,calm,strong,7,male,2,2
/mnt/d/career/projects/lightweight-speech-emotion-recognition-on-open-datasets/data/train/speech/Actor_07/03-01-03-01-01-01-07.wav,train,speech,3,happy,normal,7,male,1,1
/mnt/d/career/projects/lightweight-speech-emotion-recognition-on-open-datasets/data/train/speech/Actor_07/03-01-03-01-01-02-07.wav,train,speech,3,happy,normal,7,male,1,2
/mnt/d/career/projects/lightweight-speech-emotion-recognition-on-open-datasets/data/train/speech/Actor_07/03-01-03-01-02-01-07.wav,train,speech,3,happy,normal,7,male,2,1
/mnt/d/career/projects/lightweight-speech-emotion-recognition-on-open-datasets/data/train/speech/Actor_07/03-01-03-01-02-02-07.wav,train,speech,3,happy,normal,7,male,2,2
/mnt/d/career/projects/lightweight-speech-emotion-recognition-on-open-datasets/data/train/speech/Actor_07/03-01-03-02-01-01-07.wav,train,speech,3,happy,strong,7,male,1,1
/mnt/d/career/projects/lightweight-speech-emotion-recognition-on-open-datasets/data/train/speech/Actor_07/03-01-03-02-01-02-07.wav,train,speech,3,happy,strong,7,male,1,2
/mnt/d/career/projects/lightweight-speech-emotion-recognition-on-open-datasets/data/train/speech/Actor_07/03-01-03-02-02-01-07.wav,train,speech,3,happy,strong,7,male,2,1
/mnt/d/career/projects/lightweight-speech-emotion-recognition-on-open-datasets/data/train/speech/Actor_07/03-01-03-02-02-02-07.wav,train,speech,3,happy,strong,7,male,2,2
/mnt/d/career/projects/lightweight-speech-emotion-recognition-on-open-datasets/data/train/speech/Actor_07/03-01-04-01-01-01-07.wav,train,speech,4,sad,normal,7,male,1,1
/mnt/d/career/projects/lightweight-speech-emotion-recognition-on-open-datasets/data/train/speech/Actor_07/03-01-04-01-01-02-07.wav,train,speech,4,sad,normal,7,male,1,2
/mnt/d/career/projects/lightweight-speech-emotion-recognition-on-open-datasets/data/train/speech/Actor_07/03-01-04-01-02-01-07.wav,train,speech,4,sad,normal,7,male,2,1
/mnt/d/career/projects/lightweight-speech-emotion-recognition-on-open-datasets/data/train/speech/Actor_07/03-01-04-01-02-02-07.wav,train,speech,4,sad,normal,7,male,2,2
/mnt/d/career/projects/lightweight-speech-emotion-recognition-on-open-datasets/data/train/speech/Actor_07/03-01-04-02-01-01-07.wav,train,speech,4,sad,strong,7,male,1,1
/mnt/d/career/projects/lightweight-speech-emotion-recognition-on-open-datasets/data/train/speech/Actor_07/03-01-04-02-01-02-07.wav,train,speech,4,sad,strong,7,male,1,2
/mnt/d/career/projects/lightweight-speech-emotion-recognition-on-open-datasets/data/train/speech/Actor_07/03-01-04-02-02-01-07.wav,train,speech,4,sad,strong,7,male,2,1
/mnt/d/career/projects/lightweight-speech-emotion-recognition-on-open-datasets/data/train/speech/Actor_07/03-01-04-02-02-02-07.wav,train,speech,4,sad,strong,7,male,2,2
/mnt/d/career/projects/lightweight-speech-emotion-recognition-on-open-datasets/data/train/speech/Actor_07/03-01-05-01-01-01-07.wav,train,speech,5,angry,normal,7,male,1,1
/mnt/d/career/projects/lightweight-speech-emotion-recognition-on-open-datasets/data/train/speech/Actor_07/03-01-05-01-01-02-07.wav,train,speech,5,angry,normal,7,male,1,2
/mnt/d/career/projects/lightweight-speech-emotion-recognition-on-open-datasets/data/train/speech/Actor_07/03-01-05-01-02-01-07.wav,train,speech,5,angry,normal,7,male,2,1
/mnt/d/career/projects/lightweight-speech-emotion-recognition-on-open-datasets/data/train/speech/Actor_07/03-01-05-01-02-02-07.wav,train,speech,5,angry,normal,7,male,2,2
/mnt/d/career/projects/lightweight-speech-emotion-recognition-on-open-datasets/data/train/speech/Actor_07/03-01-05-02-01-01-07.wav,train,speech,5,angry,strong,7,male,1,1
/mnt/d/career/projects/lightweight-speech-emotion-recognition-on-open-datasets/data/train/speech/Actor_07/03-01-05-02-01-02-07.wav,train,speech,5,angry,strong,7,male,1,2
/mnt/d/career/projects/lightweight-speech-emotion-recognition-on-open-datasets/data/train/speech/Actor_07/03-01-05-02-02-01-07.wav,train,speech,5,angry,strong,7,male,2,1
/mnt/d/career/projects/lightweight-speech-emotion-recognition-on-open-datasets/data/train/speech/Actor_07/03-01-05-02-02-02-07.wav,train,speech,5,angry,strong,7,male,2,2
/mnt/d/career/projects/lightweight-speech-emotion-recognition-on-open-datasets/data/train/speech/Actor_07/03-01-06-01-01-01-07.wav,train,speech,6,fearful,normal,7,male,1,1
/mnt/d/career/projects/lightweight-speech-emotion-recognition-on-open-datasets/data/train/speech/Actor_07/03-01-06-01-01-02-07.wav,train,speech,6,fearful,normal,7,male,1,2
/mnt/d/career/projects/lightweight-speech-emotion-recognition-on-open-datasets/data/train/speech/Actor_07/03-01-06-01-02-01-07.wav,train,speech,6,fearful,normal,7,male,2,1
/mnt/d/career/projects/lightweight-speech-emotion-recognition-on-open-datasets/data/train/speech/Actor_07/03-01-06-01-02-02-07.wav,train,speech,6,fearful,normal,7,male,2,2
/mnt/d/career/projects/lightweight-speech-emotion-recognition-on-open-datasets/data/train/speech/Actor_07/03-01-06-02-01-01-07.wav,train,speech,6,fearful,strong,7,male,1,1
/mnt/d/career/projects/lightweight-speech-emotion-recognition-on-open-datasets/data/train/speech/Actor_07/03-01-06-02-01-02-07.wav,train,speech,6,fearful,strong,7,male,1,2
/mnt/d/career/projects/lightweight-speech-emotion-recognition-on-open-datasets/data/train/speech/Actor_07/03-01-06-02-02-01-07.wav,train,speech,6,fearful,strong,7,male,2,1
/mnt/d/career/projects/lightweight-speech-emotion-recognition-on-open-datasets/data/train/speech/Actor_07/03-01-06-02-02-02-07.wav,train,speech,6,fearful,strong,7,male,2,2
/mnt/d/career/projects/lightweight-speech-emotion-recognition-on-open-datasets/data/train/speech/Actor_07/03-01-07-01-01-01-07.wav,train,speech,7,disgust,normal,7,male,1,1
/mnt/d/career/projects/lightweight-speech-emotion-recognition-on-open-datasets/data/train/speech/Actor_07/03-01-07-01-01-02-07.wav,train,speech,7,disgust,normal,7,male,1,2
/mnt/d/career/projects/lightweight-speech-emotion-recognition-on-open-datasets/data/train/speech/Actor_07/03-01-07-01-02-01-07.wav,train,speech,7,disgust,normal,7,male,2,1
/mnt/d/career/projects/lightweight-speech-emotion-recognition-on-open-datasets/data/train/speech/Actor_07/03-01-07-01-02-02-07.wav,train,speech,7,disgust,normal,7,male,2,2
/mnt/d/career/projects/lightweight-speech-emotion-recognition-on-open-datasets/data/train/speech/Actor_07/03-01-07-02-01-01-07.wav,train,speech,7,disgust,strong,7,male,1,1
/mnt/d/career/projects/lightweight-speech-emotion-recognition-on-open-datasets/data/train/speech/Actor_07/03-01-07-02-01-02-07.wav,train,speech,7,disgust,strong,7,male,1,2
/mnt/d/career/projects/lightweight-speech-emotion-recognition-on-open-datasets/data/train/speech/Actor_07/03-01-07-02-02-01-07.wav,train,speech,7,disgust,strong,7,male,2,1
/mnt/d/career/projects/lightweight-speech-emotion-recognition-on-open-datasets/data/train/speech/Actor_07/03-01-07-02-02-02-07.wav,train,speech,7,disgust,strong,7,male,2,2
/mnt/d/career/projects/lightweight-speech-emotion-recognition-on-open-datasets/data/train/speech/Actor_07/03-01-08-01-01-01-07.wav,train,speech,8,surprised,normal,7,male,1,1
/mnt/d/career/projects/lightweight-speech-emotion-recognition-on-open-datasets/data/train/speech/Actor_07/03-01-08-01-01-02-07.wav,train,speech,8,surprised,normal,7,male,1,2
/mnt/d/career/projects/lightweight-speech-emotion-recognition-on-open-datasets/data/train/speech/Actor_07/03-01-08-01-02-01-07.wav,train,speech,8,surprised,normal,7,male,2,1
/mnt/d/career/projects/lightweight-speech-emotion-recognition-on-open-datasets/data/train/speech/Actor_07/03-01-08-01-02-02-07.wav,train,speech,8,surprised,normal,7,male,2,2
/mnt/d/career/projects/lightweight-speech-emotion-recognition-on-open-datasets/data/train/speech/Actor_07/03-01-08-02-01-01-07.wav,train,speech,8,surprised,strong,7,male,1,1
/mnt/d/career/projects/lightweight-speech-emotion-recognition-on-open-datasets/data/train/speech/Actor_07/03-01-08-02-01-02-07.wav,train,speech,8,surprised,strong,7,male,1,2
/mnt/d/career/projects/lightweight-speech-emotion-recognition-on-open-datasets/data/train/speech/Actor_07/03-01-08-02-02-01-07.wav,train,speech,8,surprised,strong,7,male,2,1
/mnt/d/career/projects/lightweight-speech-emotion-recognition-on-open-datasets/data/train/speech/Actor_07/03-01-08-02-02-02-07.wav,train,speech,8,surprised,strong,7,male,2,2
/mnt/d/career/projects/lightweight-speech-emotion-recognition-on-open-datasets/data/train/speech/Actor_08/03-01-01-01-01-01-08.wav,train,speech,1,neutral,normal,8,female,1,1
/mnt/d/career/projects/lightweight-speech-emotion-recognition-on-open-datasets/data/train/speech/Actor_08/03-01-01-01-01-02-08.wav,train,speech,1,neutral,normal,8,female,1,2
/mnt/d/career/projects/lightweight-speech-emotion-recognition-on-open-datasets/data/train/speech/Actor_08/03-01-01-01-02-01-08.wav,train,speech,1,neutral,normal,8,female,2,1
/mnt/d/career/projects/lightweight-speech-emotion-recognition-on-open-datasets/data/train/speech/Actor_08/03-01-01-01-02-02-08.wav,train,speech,1,neutral,normal,8,female,2,2
/mnt/d/career/projects/lightweight-speech-emotion-recognition-on-open-datasets/data/train/speech/Actor_08/03-01-02-01-01-01-08.wav,train,speech,2,calm,normal,8,female,1,1
/mnt/d/career/projects/lightweight-speech-emotion-recognition-on-open-datasets/data/train/speech/Actor_08/03-01-02-01-01-02-08.wav,train,speech,2,calm,normal,8,female,1,2
/mnt/d/career/projects/lightweight-speech-emotion-recognition-on-open-datasets/data/train/speech/Actor_08/03-01-02-01-02-01-08.wav,train,speech,2,calm,normal,8,female,2,1
/mnt/d/career/projects/lightweight-speech-emotion-recognition-on-open-datasets/data/train/speech/Actor_08/03-01-02-01-02-02-08.wav,train,speech,2,calm,normal,8,female,2,2
/mnt/d/career/projects/lightweight-speech-emotion-recognition-on-open-datasets/data/train/speech/Actor_08/03-01-02-02-01-01-08.wav,train,speech,2,calm,strong,8,female,1,1
/mnt/d/career/projects/lightweight-speech-emotion-recognition-on-open-datasets/data/train/speech/Actor_08/03-01-02-02-01-02-08.wav,train,speech,2,calm,strong,8,female,1,2
/mnt/d/career/projects/lightweight-speech-emotion-recognition-on-open-datasets/data/train/speech/Actor_08/03-01-02-02-02-01-08.wav,train,speech,2,calm,strong,8,female,2,1
/mnt/d/career/projects/lightweight-speech-emotion-recognition-on-open-datasets/data/train/speech/Actor_08/03-01-02-02-02-02-08.wav,train,speech,2,calm,strong,8,female,2,2
/mnt/d/career/projects/lightweight-speech-emotion-recognition-on-open-datasets/data/train/speech/Actor_08/03-01-03-01-01-01-08.wav,train,speech,3,happy,normal,8,female,1,1
/mnt/d/career/projects/lightweight-speech-emotion-recognition-on-open-datasets/data/train/speech/Actor_08/03-01-03-01-01-02-08.wav,train,speech,3,happy,normal,8,female,1,2
/mnt/d/career/projects/lightweight-speech-emotion-recognition-on-open-datasets/data/train/speech/Actor_08/03-01-03-01-02-01-08.wav,train,speech,3,happy,normal,8,female,2,1
/mnt/d/career/projects/lightweight-speech-emotion-recognition-on-open-datasets/data/train/speech/Actor_08/03-01-03-01-02-02-08.wav,train,speech,3,happy,normal,8,female,2,2
/mnt/d/career/projects/lightweight-speech-emotion-recognition-on-open-datasets/data/train/speech/Actor_08/03-01-03-02-01-01-08.wav,train,speech,3,happy,strong,8,female,1,1
/mnt/d/career/projects/lightweight-speech-emotion-recognition-on-open-datasets/data/train/speech/Actor_08/03-01-03-02-01-02-08.wav,train,speech,3,happy,strong,8,female,1,2
/mnt/d/career/projects/lightweight-speech-emotion-recognition-on-open-datasets/data/train/speech/Actor_08/03-01-03-02-02-01-08.wav,train,speech,3,happy,strong,8,female,2,1
/mnt/d/career/projects/lightweight-speech-emotion-recognition-on-open-datasets/data/train/speech/Actor_08/03-01-03-02-02-02-08.wav,train,speech,3,happy,strong,8,female,2,2
/mnt/d/career/projects/lightweight-speech-emotion-recognition-on-open-datasets/data/train/speech/Actor_08/03-01-04-01-01-01-08.wav,train,speech,4,sad,normal,8,female,1,1
/mnt/d/career/projects/lightweight-speech-emotion-recognition-on-open-datasets/data/train/speech/Actor_08/03-01-04-01-01-02-08.wav,train,speech,4,sad,normal,8,female,1,2
/mnt/d/career/projects/lightweight-speech-emotion-recognition-on-open-datasets/data/train/speech/Actor_08/03-01-04-01-02-01-08.wav,train,speech,4,sad,normal,8,female,2,1
/mnt/d/career/projects/lightweight-speech-emotion-recognition-on-open-datasets/data/train/speech/Actor_08/03-01-04-01-02-02-08.wav,train,speech,4,sad,normal,8,female,2,2
/mnt/d/career/projects/lightweight-speech-emotion-recognition-on-open-datasets/data/train/speech/Actor_08/03-01-04-02-01-01-08.wav,train,speech,4,sad,strong,8,female,1,1
/mnt/d/career/projects/lightweight-speech-emotion-recognition-on-open-datasets/data/train/speech/Actor_08/03-01-04-02-01-02-08.wav,train,speech,4,sad,strong,8,female,1,2
/mnt/d/career/projects/lightweight-speech-emotion-recognition-on-open-datasets/data/train/speech/Actor_08/03-01-04-02-02-01-08.wav,train,speech,4,sad,strong,8,female,2,1
/mnt/d/career/projects/lightweight-speech-emotion-recognition-on-open-datasets/data/train/speech/Actor_08/03-01-04-02-02-02-08.wav,train,speech,4,sad,strong,8,female,2,2
/mnt/d/career/projects/lightweight-speech-emotion-recognition-on-open-datasets/data/train/speech/Actor_08/03-01-05-01-01-01-08.wav,train,speech,5,angry,normal,8,female,1,1
/mnt/d/career/projects/lightweight-speech-emotion-recognition-on-open-datasets/data/train/speech/Actor_08/03-01-05-01-01-02-08.wav,train,speech,5,angry,normal,8,female,1,2
/mnt/d/career/projects/lightweight-speech-emotion-recognition-on-open-datasets/data/train/speech/Actor_08/03-01-05-01-02-01-08.wav,train,speech,5,angry,normal,8,female,2,1
/mnt/d/career/projects/lightweight-speech-emotion-recognition-on-open-datasets/data/train/speech/Actor_08/03-01-05-01-02-02-08.wav,train,speech,5,angry,normal,8,female,2,2
/mnt/d/career/projects/lightweight-speech-emotion-recognition-on-open-datasets/data/train/speech/Actor_08/03-01-05-02-01-01-08.wav,train,speech,5,angry,strong,8,female,1,1
/mnt/d/career/projects/lightweight-speech-emotion-recognition-on-open-datasets/data/train/speech/Actor_08/03-01-05-02-01-02-08.wav,train,speech,5,angry,strong,8,female,1,2
/mnt/d/career/projects/lightweight-speech-emotion-recognition-on-open-datasets/data/train/speech/Actor_08/03-01-05-02-02-01-08.wav,train,speech,5,angry,strong,8,female,2,1
/mnt/d/career/projects/lightweight-speech-emotion-recognition-on-open-datasets/data/train/speech/Actor_08/03-01-05-02-02-02-08.wav,train,speech,5,angry,strong,8,female,2,2
/mnt/d/career/projects/lightweight-speech-emotion-recognition-on-open-datasets/data/train/speech/Actor_08/03-01-06-01-01-01-08.wav,train,speech,6,fearful,normal,8,female,1,1
/mnt/d/career/projects/lightweight-speech-emotion-recognition-on-open-datasets/data/train/speech/Actor_08/03-01-06-01-01-02-08.wav,train,speech,6,fearful,normal,8,female,1,2
/mnt/d/career/projects/lightweight-speech-emotion-recognition-on-open-datasets/data/train/speech/Actor_08/03-01-06-01-02-01-08.wav,train,speech,6,fearful,normal,8,female,2,1
/mnt/d/career/projects/lightweight-speech-emotion-recognition-on-open-datasets/data/train/speech/Actor_08/03-01-06-01-02-02-08.wav,train,speech,6,fearful,normal,8,female,2,2
/mnt/d/career/projects/lightweight-speech-emotion-recognition-on-open-datasets/data/train/speech/Actor_08/03-01-06-02-01-01-08.wav,train,speech,6,fearful,strong,8,female,1,1
/mnt/d/career/projects/lightweight-speech-emotion-recognition-on-open-datasets/data/train/speech/Actor_08/03-01-06-02-01-02-08.wav,train,speech,6,fearful,strong,8,female,1,2
/mnt/d/career/projects/lightweight-speech-emotion-recognition-on-open-datasets/data/train/speech/Actor_08/03-01-06-02-02-01-08.wav,train,speech,6,fearful,strong,8,female,2,1
/mnt/d/career/projects/lightweight-speech-emotion-recognition-on-open-datasets/data/train/speech/Actor_08/03-01-06-02-02-02-08.wav,train,speech,6,fearful,strong,8,female,2,2
/mnt/d/career/projects/lightweight-speech-emotion-recognition-on-open-datasets/data/train/speech/Actor_08/03-01-07-01-01-01-08.wav,train,speech,7,disgust,normal,8,female,1,1
/mnt/d/career/projects/lightweight-speech-emotion-recognition-on-open-datasets/data/train/speech/Actor_08/03-01-07-01-01-02-08.wav,train,speech,7,disgust,normal,8,female,1,2
/mnt/d/career/projects/lightweight-speech-emotion-recognition-on-open-datasets/data/train/speech/Actor_08/03-01-07-01-02-01-08.wav,train,speech,7,disgust,normal,8,female,2,1
/mnt/d/career/projects/lightweight-speech-emotion-recognition-on-open-datasets/data/train/speech/Actor_08/03-01-07-01-02-02-08.wav,train,speech,7,disgust,normal,8,female,2,2
/mnt/d/career/projects/lightweight-speech-emotion-recognition-on-open-datasets/data/train/speech/Actor_08/03-01-07-02-01-01-08.wav,train,speech,7,disgust,strong,8,female,1,1
/mnt/d/career/projects/lightweight-speech-emotion-recognition-on-open-datasets/data/train/speech/Actor_08/03-01-07-02-01-02-08.wav,train,speech,7,disgust,strong,8,female,1,2
/mnt/d/career/projects/lightweight-speech-emotion-recognition-on-open-datasets/data/train/speech/Actor_08/03-01-07-02-02-01-08.wav,train,speech,7,disgust,strong,8,female,2,1
/mnt/d/career/projects/lightweight-speech-emotion-recognition-on-open-datasets/data/train/speech/Actor_08/03-01-07-02-02-02-08.wav,train,speech,7,disgust,strong,8,female,2,2
/mnt/d/career/projects/lightweight-speech-emotion-recognition-on-open-datasets/data/train/speech/Actor_08/03-01-08-01-01-01-08.wav,train,speech,8,surprised,normal,8,female,1,1
/mnt/d/career/projects/lightweight-speech-emotion-recognition-on-open-datasets/data/train/speech/Actor_08/03-01-08-01-01-02-08.wav,train,speech,8,surprised,normal,8,female,1,2
/mnt/d/career/projects/lightweight-speech-emotion-recognition-on-open-datasets/data/train/speech/Actor_08/03-01-08-01-02-01-08.wav,train,speech,8,surprised,normal,8,female,2,1
/mnt/d/career/projects/lightweight-speech-emotion-recognition-on-open-datasets/data/train/speech/Actor_08/03-01-08-01-02-02-08.wav,train,speech,8,surprised,normal,8,female,2,2
/mnt/d/career/projects/lightweight-speech-emotion-recognition-on-open-datasets/data/train/speech/Actor_08/03-01-08-02-01-01-08.wav,train,speech,8,surprised,strong,8,female,1,1
/mnt/d/career/projects/lightweight-speech-emotion-recognition-on-open-datasets/data/train/speech/Actor_08/03-01-08-02-01-02-08.wav,train,speech,8,surprised,strong,8,female,1,2
/mnt/d/career/projects/lightweight-speech-emotion-recognition-on-open-datasets/data/train/speech/Actor_08/03-01-08-02-02-01-08.wav,train,speech,8,surprised,strong,8,female,2,1
/mnt/d/career/projects/lightweight-speech-emotion-recognition-on-open-datasets/data/train/speech/Actor_08/03-01-08-02-02-02-08.wav,train,speech,8,surprised,strong,8,female,2,2
/mnt/d/career/projects/lightweight-speech-emotion-recognition-on-open-datasets/data/train/speech/Actor_09/03-01-01-01-01-01-09.wav,train,speech,1,neutral,normal,9,male,1,1
/mnt/d/career/projects/lightweight-speech-emotion-recognition-on-open-datasets/data/train/speech/Actor_09/03-01-01-01-01-02-09.wav,train,speech,1,neutral,normal,9,male,1,2
/mnt/d/career/projects/lightweight-speech-emotion-recognition-on-open-datasets/data/train/speech/Actor_09/03-01-01-01-02-01-09.wav,train,speech,1,neutral,normal,9,male,2,1
/mnt/d/career/projects/lightweight-speech-emotion-recognition-on-open-datasets/data/train/speech/Actor_09/03-01-01-01-02-02-09.wav,train,speech,1,neutral,normal,9,male,2,2
/mnt/d/career/projects/lightweight-speech-emotion-recognition-on-open-datasets/data/train/speech/Actor_09/03-01-02-01-01-01-09.wav,train,speech,2,calm,normal,9,male,1,1
/mnt/d/career/projects/lightweight-speech-emotion-recognition-on-open-datasets/data/train/speech/Actor_09/03-01-02-01-01-02-09.wav,train,speech,2,calm,normal,9,male,1,2
/mnt/d/career/projects/lightweight-speech-emotion-recognition-on-open-datasets/data/train/speech/Actor_09/03-01-02-01-02-01-09.wav,train,speech,2,calm,normal,9,male,2,1
/mnt/d/career/projects/lightweight-speech-emotion-recognition-on-open-datasets/data/train/speech/Actor_09/03-01-02-01-02-02-09.wav,train,speech,2,calm,normal,9,male,2,2
/mnt/d/career/projects/lightweight-speech-emotion-recognition-on-open-datasets/data/train/speech/Actor_09/03-01-02-02-01-01-09.wav,train,speech,2,calm,strong,9,male,1,1
/mnt/d/career/projects/lightweight-speech-emotion-recognition-on-open-datasets/data/train/speech/Actor_09/03-01-02-02-01-02-09.wav,train,speech,2,calm,strong,9,male,1,2
/mnt/d/career/projects/lightweight-speech-emotion-recognition-on-open-datasets/data/train/speech/Actor_09/03-01-02-02-02-01-09.wav,train,speech,2,calm,strong,9,male,2,1
/mnt/d/career/projects/lightweight-speech-emotion-recognition-on-open-datasets/data/train/speech/Actor_09/03-01-02-02-02-02-09.wav,train,speech,2,calm,strong,9,male,2,2
/mnt/d/career/projects/lightweight-speech-emotion-recognition-on-open-datasets/data/train/speech/Actor_09/03-01-03-01-01-01-09.wav,train,speech,3,happy,normal,9,male,1,1
/mnt/d/career/projects/lightweight-speech-emotion-recognition-on-open-datasets/data/train/speech/Actor_09/03-01-03-01-01-02-09.wav,train,speech,3,happy,normal,9,male,1,2
/mnt/d/career/projects/lightweight-speech-emotion-recognition-on-open-datasets/data/train/speech/Actor_09/03-01-03-01-02-01-09.wav,train,speech,3,happy,normal,9,male,2,1
/mnt/d/career/projects/lightweight-speech-emotion-recognition-on-open-datasets/data/train/speech/Actor_09/03-01-03-01-02-02-09.wav,train,speech,3,happy,normal,9,male,2,2
/mnt/d/career/projects/lightweight-speech-emotion-recognition-on-open-datasets/data/train/speech/Actor_09/03-01-03-02-01-01-09.wav,train,speech,3,happy,strong,9,male,1,1
/mnt/d/career/projects/lightweight-speech-emotion-recognition-on-open-datasets/data/train/speech/Actor_09/03-01-03-02-01-02-09.wav,train,speech,3,happy,strong,9,male,1,2
/mnt/d/career/projects/lightweight-speech-emotion-recognition-on-open-datasets/data/train/speech/Actor_09/03-01-03-02-02-01-09.wav,train,speech,3,happy,strong,9,male,2,1
/mnt/d/career/projects/lightweight-speech-emotion-recognition-on-open-datasets/data/train/speech/Actor_09/03-01-03-02-02-02-09.wav,train,speech,3,happy,strong,9,male,2,2
/mnt/d/career/projects/lightweight-speech-emotion-recognition-on-open-datasets/data/train/speech/Actor_09/03-01-04-01-01-01-09.wav,train,speech,4,sad,normal,9,male,1,1
/mnt/d/career/projects/lightweight-speech-emotion-recognition-on-open-datasets/data/train/speech/Actor_09/03-01-04-01-01-02-09.wav,train,speech,4,sad,normal,9,male,1,2
/mnt/d/career/projects/lightweight-speech-emotion-recognition-on-open-datasets/data/train/speech/Actor_09/03-01-04-01-02-01-09.wav,train,speech,4,sad,normal,9,male,2,1
/mnt/d/career/projects/lightweight-speech-emotion-recognition-on-open-datasets/data/train/speech/Actor_09/03-01-04-01-02-02-09.wav,train,speech,4,sad,normal,9,male,2,2
/mnt/d/career/projects/lightweight-speech-emotion-recognition-on-open-datasets/data/train/speech/Actor_09/03-01-04-02-01-01-09.wav,train,speech,4,sad,strong,9,male,1,1
/mnt/d/career/projects/lightweight-speech-emotion-recognition-on-open-datasets/data/train/speech/Actor_09/03-01-04-02-01-02-09.wav,train,speech,4,sad,strong,9,male,1,2
/mnt/d/career/projects/lightweight-speech-emotion-recognition-on-open-datasets/data/train/speech/Actor_09/03-01-04-02-02-01-09.wav,train,speech,4,sad,strong,9,male,2,1
/mnt/d/career/projects/lightweight-speech-emotion-recognition-on-open-datasets/data/train/speech/Actor_09/03-01-04-02-02-02-09.wav,train,speech,4,sad,strong,9,male,2,2
/mnt/d/career/projects/lightweight-speech-emotion-recognition-on-open-datasets/data/train/speech/Actor_09/03-01-05-01-01-01-09.wav,train,speech,5,angry,normal,9,male,1,1
/mnt/d/career/projects/lightweight-speech-emotion-recognition-on-open-datasets/data/train/speech/Actor_09/03-01-05-01-01-02-09.wav,train,speech,5,angry,normal,9,male,1,2
/mnt/d/career/projects/lightweight-speech-emotion-recognition-on-open-datasets/data/train/speech/Actor_09/03-01-05-01-02-01-09.wav,train,speech,5,angry,normal,9,male,2,1
/mnt/d/career/projects/lightweight-speech-emotion-recognition-on-open-datasets/data/train/speech/Actor_09/03-01-05-01-02-02-09.wav,train,speech,5,angry,normal,9,male,2,2
/mnt/d/career/projects/lightweight-speech-emotion-recognition-on-open-datasets/data/train/speech/Actor_09/03-01-05-02-01-01-09.wav,train,speech,5,angry,strong,9,male,1,1
/mnt/d/career/projects/lightweight-speech-emotion-recognition-on-open-datasets/data/train/speech/Actor_09/03-01-05-02-01-02-09.wav,train,speech,5,angry,strong,9,male,1,2
/mnt/d/career/projects/lightweight-speech-emotion-recognition-on-open-datasets/data/train/speech/Actor_09/03-01-05-02-02-01-09.wav,train,speech,5,angry,strong,9,male,2,1
/mnt/d/career/projects/lightweight-speech-emotion-recognition-on-open-datasets/data/train/speech/Actor_09/03-01-05-02-02-02-09.wav,train,speech,5,angry,strong,9,male,2,2
/mnt/d/career/projects/lightweight-speech-emotion-recognition-on-open-datasets/data/train/speech/Actor_09/03-01-06-01-01-01-09.wav,train,speech,6,fearful,normal,9,male,1,1
/mnt/d/career/projects/lightweight-speech-emotion-recognition-on-open-datasets/data/train/speech/Actor_09/03-01-06-01-01-02-09.wav,train,speech,6,fearful,normal,9,male,1,2
/mnt/d/career/projects/lightweight-speech-emotion-recognition-on-open-datasets/data/train/speech/Actor_09/03-01-06-01-02-01-09.wav,train,speech,6,fearful,normal,9,male,2,1
/mnt/d/career/projects/lightweight-speech-emotion-recognition-on-open-datasets/data/train/speech/Actor_09/03-01-06-01-02-02-09.wav,train,speech,6,fearful,normal,9,male,2,2
/mnt/d/career/projects/lightweight-speech-emotion-recognition-on-open-datasets/data/train/speech/Actor_09/03-01-06-02-01-01-09.wav,train,speech,6,fearful,strong,9,male,1,1
/mnt/d/career/projects/lightweight-speech-emotion-recognition-on-open-datasets/data/train/speech/Actor_09/03-01-06-02-01-02-09.wav,train,speech,6,fearful,strong,9,male,1,2
/mnt/d/career/projects/lightweight-speech-emotion-recognition-on-open-datasets/data/train/speech/Actor_09/03-01-06-02-02-01-09.wav,train,speech,6,fearful,strong,9,male,2,1
/mnt/d/career/projects/lightweight-speech-emotion-recognition-on-open-datasets/data/train/speech/Actor_09/03-01-06-02-02-02-09.wav,train,speech,6,fearful,strong,9,male,2,2
/mnt/d/career/projects/lightweight-speech-emotion-recognition-on-open-datasets/data/train/speech/Actor_09/03-01-07-01-01-01-09.wav,train,speech,7,disgust,normal,9,male,1,1
/mnt/d/career/projects/lightweight-speech-emotion-recognition-on-open-datasets/data/train/speech/Actor_09/03-01-07-01-01-02-09.wav,train,speech,7,disgust,normal,9,male,1,2
/mnt/d/career/projects/lightweight-speech-emotion-recognition-on-open-datasets/data/train/speech/Actor_09/03-01-07-01-02-01-09.wav,train,speech,7,disgust,normal,9,male,2,1
/mnt/d/career/projects/lightweight-speech-emotion-recognition-on-open-datasets/data/train/speech/Actor_09/03-01-07-01-02-02-09.wav,train,speech,7,disgust,normal,9,male,2,2
/mnt/d/career/projects/lightweight-speech-emotion-recognition-on-open-datasets/data/train/speech/Actor_09/03-01-07-02-01-01-09.wav,train,speech,7,disgust,strong,9,male,1,1
/mnt/d/career/projects/lightweight-speech-emotion-recognition-on-open-datasets/data/train/speech/Actor_09/03-01-07-02-01-02-09.wav,train,speech,7,disgust,strong,9,male,1,2
/mnt/d/career/projects/lightweight-speech-emotion-recognition-on-open-datasets/data/train/speech/Actor_09/03-01-07-02-02-01-09.wav,train,speech,7,disgust,strong,9,male,2,1
/mnt/d/career/projects/lightweight-speech-emotion-recognition-on-open-datasets/data/train/speech/Actor_09/03-01-07-02-02-02-09.wav,train,speech,7,disgust,strong,9,male,2,2
/mnt/d/career/projects/lightweight-speech-emotion-recognition-on-open-datasets/data/train/speech/Actor_09/03-01-08-01-01-01-09.wav,train,speech,8,surprised,normal,9,male,1,1
/mnt/d/career/projects/lightweight-speech-emotion-recognition-on-open-datasets/data/train/speech/Actor_09/03-01-08-01-01-02-09.wav,train,speech,8,surprised,normal,9,male,1,2
/mnt/d/career/projects/lightweight-speech-emotion-recognition-on-open-datasets/data/train/speech/Actor_09/03-01-08-01-02-01-09.wav,train,speech,8,surprised,normal,9,male,2,1
/mnt/d/career/projects/lightweight-speech-emotion-recognition-on-open-datasets/data/train/speech/Actor_09/03-01-08-01-02-02-09.wav,train,speech,8,surprised,normal,9,male,2,2
/mnt/d/career/projects/lightweight-speech-emotion-recognition-on-open-datasets/data/train/speech/Actor_09/03-01-08-02-01-01-09.wav,train,speech,8,surprised,strong,9,male,1,1
/mnt/d/career/projects/lightweight-speech-emotion-recognition-on-open-datasets/data/train/speech/Actor_09/03-01-08-02-01-02-09.wav,train,speech,8,surprised,strong,9,male,1,2
/mnt/d/career/projects/lightweight-speech-emotion-recognition-on-open-datasets/data/train/speech/Actor_09/03-01-08-02-02-01-09.wav,train,speech,8,surprised,strong,9,male,2,1
/mnt/d/career/projects/lightweight-speech-emotion-recognition-on-open-datasets/data/train/speech/Actor_09/03-01-08-02-02-02-09.wav,train,speech,8,surprised,strong,9,male,2,2
/mnt/d/career/projects/lightweight-speech-emotion-recognition-on-open-datasets/data/train/speech/Actor_10/03-01-01-01-01-01-10.wav,train,speech,1,neutral,normal,10,female,1,1
/mnt/d/career/projects/lightweight-speech-emotion-recognition-on-open-datasets/data/train/speech/Actor_10/03-01-01-01-01-02-10.wav,train,speech,1,neutral,normal,10,female,1,2
/mnt/d/career/projects/lightweight-speech-emotion-recognition-on-open-datasets/data/train/speech/Actor_10/03-01-01-01-02-01-10.wav,train,speech,1,neutral,normal,10,female,2,1
/mnt/d/career/projects/lightweight-speech-emotion-recognition-on-open-datasets/data/train/speech/Actor_10/03-01-01-01-02-02-10.wav,train,speech,1,neutral,normal,10,female,2,2
/mnt/d/career/projects/lightweight-speech-emotion-recognition-on-open-datasets/data/train/speech/Actor_10/03-01-02-01-01-01-10.wav,train,speech,2,calm,normal,10,female,1,1
/mnt/d/career/projects/lightweight-speech-emotion-recognition-on-open-datasets/data/train/speech/Actor_10/03-01-02-01-01-02-10.wav,train,speech,2,calm,normal,10,female,1,2
/mnt/d/career/projects/lightweight-speech-emotion-recognition-on-open-datasets/data/train/speech/Actor_10/03-01-02-01-02-01-10.wav,train,speech,2,calm,normal,10,female,2,1
/mnt/d/career/projects/lightweight-speech-emotion-recognition-on-open-datasets/data/train/speech/Actor_10/03-01-02-01-02-02-10.wav,train,speech,2,calm,normal,10,female,2,2
/mnt/d/career/projects/lightweight-speech-emotion-recognition-on-open-datasets/data/train/speech/Actor_10/03-01-02-02-01-01-10.wav,train,speech,2,calm,strong,10,female,1,1
/mnt/d/career/projects/lightweight-speech-emotion-recognition-on-open-datasets/data/train/speech/Actor_10/03-01-02-02-01-02-10.wav,train,speech,2,calm,strong,10,female,1,2
/mnt/d/career/projects/lightweight-speech-emotion-recognition-on-open-datasets/data/train/speech/Actor_10/03-01-02-02-02-01-10.wav,train,speech,2,calm,strong,10,female,2,1
/mnt/d/career/projects/lightweight-speech-emotion-recognition-on-open-datasets/data/train/speech/Actor_10/03-01-02-02-02-02-10.wav,train,speech,2,calm,strong,10,female,2,2
/mnt/d/career/projects/lightweight-speech-emotion-recognition-on-open-datasets/data/train/speech/Actor_10/03-01-03-01-01-01-10.wav,train,speech,3,happy,normal,10,female,1,1
/mnt/d/career/projects/lightweight-speech-emotion-recognition-on-open-datasets/data/train/speech/Actor_10/03-01-03-01-01-02-10.wav,train,speech,3,happy,normal,10,female,1,2
/mnt/d/career/projects/lightweight-speech-emotion-recognition-on-open-datasets/data/train/speech/Actor_10/03-01-03-01-02-01-10.wav,train,speech,3,happy,normal,10,female,2,1
/mnt/d/career/projects/lightweight-speech-emotion-recognition-on-open-datasets/data/train/speech/Actor_10/03-01-03-01-02-02-10.wav,train,speech,3,happy,normal,10,female,2,2
/mnt/d/career/projects/lightweight-speech-emotion-recognition-on-open-datasets/data/train/speech/Actor_10/03-01-03-02-01-01-10.wav,train,speech,3,happy,strong,10,female,1,1
/mnt/d/career/projects/lightweight-speech-emotion-recognition-on-open-datasets/data/train/speech/Actor_10/03-01-03-02-01-02-10.wav,train,speech,3,happy,strong,10,female,1,2
/mnt/d/career/projects/lightweight-speech-emotion-recognition-on-open-datasets/data/train/speech/Actor_10/03-01-03-02-02-01-10.wav,train,speech,3,happy,strong,10,female,2,1
/mnt/d/career/projects/lightweight-speech-emotion-recognition-on-open-datasets/data/train/speech/Actor_10/03-01-03-02-02-02-10.wav,train,speech,3,happy,strong,10,female,2,2
/mnt/d/career/projects/lightweight-speech-emotion-recognition-on-open-datasets/data/train/speech/Actor_10/03-01-04-01-01-01-10.wav,train,speech,4,sad,normal,10,female,1,1
/mnt/d/career/projects/lightweight-speech-emotion-recognition-on-open-datasets/data/train/speech/Actor_10/03-01-04-01-01-02-10.wav,train,speech,4,sad,normal,10,female,1,2
/mnt/d/career/projects/lightweight-speech-emotion-recognition-on-open-datasets/data/train/speech/Actor_10/03-01-04-01-02-01-10.wav,train,speech,4,sad,normal,10,female,2,1
/mnt/d/career/projects/lightweight-speech-emotion-recognition-on-open-datasets/data/train/speech/Actor_10/03-01-04-01-02-02-10.wav,train,speech,4,sad,normal,10,female,2,2
/mnt/d/career/projects/lightweight-speech-emotion-recognition-on-open-datasets/data/train/speech/Actor_10/03-01-04-02-01-01-10.wav,train,speech,4,sad,strong,10,female,1,1
/mnt/d/career/projects/lightweight-speech-emotion-recognition-on-open-datasets/data/train/speech/Actor_10/03-01-04-02-01-02-10.wav,train,speech,4,sad,strong,10,female,1,2
/mnt/d/career/projects/lightweight-speech-emotion-recognition-on-open-datasets/data/train/speech/Actor_10/03-01-04-02-02-01-10.wav,train,speech,4,sad,strong,10,female,2,1
/mnt/d/career/projects/lightweight-speech-emotion-recognition-on-open-datasets/data/train/speech/Actor_10/03-01-04-02-02-02-10.wav,train,speech,4,sad,strong,10,female,2,2
/mnt/d/career/projects/lightweight-speech-emotion-recognition-on-open-datasets/data/train/speech/Actor_10/03-01-05-01-01-01-10.wav,train,speech,5,angry,normal,10,female,1,1
/mnt/d/career/projects/lightweight-speech-emotion-recognition-on-open-datasets/data/train/speech/Actor_10/03-01-05-01-01-02-10.wav,train,speech,5,angry,normal,10,female,1,2
/mnt/d/career/projects/lightweight-speech-emotion-recognition-on-open-datasets/data/train/speech/Actor_10/03-01-05-01-02-01-10.wav,train,speech,5,angry,normal,10,female,2,1
/mnt/d/career/projects/lightweight-speech-emotion-recognition-on-open-datasets/data/train/speech/Actor_10/03-01-05-01-02-02-10.wav,train,speech,5,angry,normal,10,female,2,2
/mnt/d/career/projects/lightweight-speech-emotion-recognition-on-open-datasets/data/train/speech/Actor_10/03-01-05-02-01-01-10.wav,train,speech,5,angry,strong,10,female,1,1
/mnt/d/career/projects/lightweight-speech-emotion-recognition-on-open-datasets/data/train/speech/Actor_10/03-01-05-02-01-02-10.wav,train,speech,5,angry,strong,10,female,1,2
/mnt/d/career/projects/lightweight-speech-emotion-recognition-on-open-datasets/data/train/speech/Actor_10/03-01-05-02-02-01-10.wav,train,speech,5,angry,strong,10,female,2,1
/mnt/d/career/projects/lightweight-speech-emotion-recognition-on-open-datasets/data/train/speech/Actor_10/03-01-05-02-02-02-10.wav,train,speech,5,angry,strong,10,female,2,2
/mnt/d/career/projects/lightweight-speech-emotion-recognition-on-open-datasets/data/train/speech/Actor_10/03-01-06-01-01-01-10.wav,train,speech,6,fearful,normal,10,female,1,1
/mnt/d/career/projects/lightweight-speech-emotion-recognition-on-open-datasets/data/train/speech/Actor_10/03-01-06-01-01-02-10.wav,train,speech,6,fearful,normal,10,female,1,2
/mnt/d/career/projects/lightweight-speech-emotion-recognition-on-open-datasets/data/train/speech/Actor_10/03-01-06-01-02-01-10.wav,train,speech,6,fearful,normal,10,female,2,1
/mnt/d/career/projects/lightweight-speech-emotion-recognition-on-open-datasets/data/train/speech/Actor_10/03-01-06-01-02-02-10.wav,train,speech,6,fearful,normal,10,female,2,2
/mnt/d/career/projects/lightweight-speech-emotion-recognition-on-open-datasets/data/train/speech/Actor_10/03-01-06-02-01-01-10.wav,train,speech,6,fearful,strong,10,female,1,1
/mnt/d/career/projects/lightweight-speech-emotion-recognition-on-open-datasets/data/train/speech/Actor_10/03-01-06-02-01-02-10.wav,train,speech,6,fearful,strong,10,female,1,2
/mnt/d/career/projects/lightweight-speech-emotion-recognition-on-open-datasets/data/train/speech/Actor_10/03-01-06-02-02-01-10.wav,train,speech,6,fearful,strong,10,female,2,1
/mnt/d/career/projects/lightweight-speech-emotion-recognition-on-open-datasets/data/train/speech/Actor_10/03-01-06-02-02-02-10.wav,train,speech,6,fearful,strong,10,female,2,2
/mnt/d/career/projects/lightweight-speech-emotion-recognition-on-open-datasets/data/train/speech/Actor_10/03-01-07-01-01-01-10.wav,train,speech,7,disgust,normal,10,female,1,1
/mnt/d/career/projects/lightweight-speech-emotion-recognition-on-open-datasets/data/train/speech/Actor_10/03-01-07-01-01-02-10.wav,train,speech,7,disgust,normal,10,female,1,2
/mnt/d/career/projects/lightweight-speech-emotion-recognition-on-open-datasets/data/train/speech/Actor_10/03-01-07-01-02-01-10.wav,train,speech,7,disgust,normal,10,female,2,1
/mnt/d/career/projects/lightweight-speech-emotion-recognition-on-open-datasets/data/train/speech/Actor_10/03-01-07-01-02-02-10.wav,train,speech,7,disgust,normal,10,female,2,2
/mnt/d/career/projects/lightweight-speech-emotion-recognition-on-open-datasets/data/train/speech/Actor_10/03-01-07-02-01-01-10.wav,train,speech,7,disgust,strong,10,female,1,1
/mnt/d/career/projects/lightweight-speech-emotion-recognition-on-open-datasets/data/train/speech/Actor_10/03-01-07-02-01-02-10.wav,train,speech,7,disgust,strong,10,female,1,2
/mnt/d/career/projects/lightweight-speech-emotion-recognition-on-open-datasets/data/train/speech/Actor_10/03-01-07-02-02-01-10.wav,train,speech,7,disgust,strong,10,female,2,1
/mnt/d/career/projects/lightweight-speech-emotion-recognition-on-open-datasets/data/train/speech/Actor_10/03-01-07-02-02-02-10.wav,train,speech,7,disgust,strong,10,female,2,2
/mnt/d/career/projects/lightweight-speech-emotion-recognition-on-open-datasets/data/train/speech/Actor_10/03-01-08-01-01-01-10.wav,train,speech,8,surprised,normal,10,female,1,1
/mnt/d/career/projects/lightweight-speech-emotion-recognition-on-open-datasets/data/train/speech/Actor_10/03-01-08-01-01-02-10.wav,train,speech,8,surprised,normal,10,female,1,2
/mnt/d/career/projects/lightweight-speech-emotion-recognition-on-open-datasets/data/train/speech/Actor_10/03-01-08-01-02-01-10.wav,train,speech,8,surprised,normal,10,female,2,1
/mnt/d/career/projects/lightweight-speech-emotion-recognition-on-open-datasets/data/train/speech/Actor_10/03-01-08-01-02-02-10.wav,train,speech,8,surprised,normal,10,female,2,2
/mnt/d/career/projects/lightweight-speech-emotion-recognition-on-open-datasets/data/train/speech/Actor_10/03-01-08-02-01-01-10.wav,train,speech,8,surprised,strong,10,female,1,1
/mnt/d/career/projects/lightweight-speech-emotion-recognition-on-open-datasets/data/train/speech/Actor_10/03-01-08-02-01-02-10.wav,train,speech,8,surprised,strong,10,female,1,2
/mnt/d/career/projects/lightweight-speech-emotion-recognition-on-open-datasets/data/train/speech/Actor_10/03-01-08-02-02-01-10.wav,train,speech,8,surprised,strong,10,female,2,1
/mnt/d/career/projects/lightweight-speech-emotion-recognition-on-open-datasets/data/train/speech/Actor_10/03-01-08-02-02-02-10.wav,train,speech,8,surprised,strong,10,female,2,2
/mnt/d/career/projects/lightweight-speech-emotion-recognition-on-open-datasets/data/train/speech/Actor_11/03-01-01-01-01-01-11.wav,train,speech,1,neutral,normal,11,male,1,1
/mnt/d/career/projects/lightweight-speech-emotion-recognition-on-open-datasets/data/train/speech/Actor_11/03-01-01-01-01-02-11.wav,train,speech,1,neutral,normal,11,male,1,2
/mnt/d/career/projects/lightweight-speech-emotion-recognition-on-open-datasets/data/train/speech/Actor_11/03-01-01-01-02-01-11.wav,train,speech,1,neutral,normal,11,male,2,1
/mnt/d/career/projects/lightweight-speech-emotion-recognition-on-open-datasets/data/train/speech/Actor_11/03-01-01-01-02-02-11.wav,train,speech,1,neutral,normal,11,male,2,2
/mnt/d/career/projects/lightweight-speech-emotion-recognition-on-open-datasets/data/train/speech/Actor_11/03-01-02-01-01-01-11.wav,train,speech,2,calm,normal,11,male,1,1
/mnt/d/career/projects/lightweight-speech-emotion-recognition-on-open-datasets/data/train/speech/Actor_11/03-01-02-01-01-02-11.wav,train,speech,2,calm,normal,11,male,1,2
/mnt/d/career/projects/lightweight-speech-emotion-recognition-on-open-datasets/data/train/speech/Actor_11/03-01-02-01-02-01-11.wav,train,speech,2,calm,normal,11,male,2,1
/mnt/d/career/projects/lightweight-speech-emotion-recognition-on-open-datasets/data/train/speech/Actor_11/03-01-02-01-02-02-11.wav,train,speech,2,calm,normal,11,male,2,2
/mnt/d/career/projects/lightweight-speech-emotion-recognition-on-open-datasets/data/train/speech/Actor_11/03-01-02-02-01-01-11.wav,train,speech,2,calm,strong,11,male,1,1
/mnt/d/career/projects/lightweight-speech-emotion-recognition-on-open-datasets/data/train/speech/Actor_11/03-01-02-02-01-02-11.wav,train,speech,2,calm,strong,11,male,1,2
/mnt/d/career/projects/lightweight-speech-emotion-recognition-on-open-datasets/data/train/speech/Actor_11/03-01-02-02-02-01-11.wav,train,speech,2,calm,strong,11,male,2,1
/mnt/d/career/projects/lightweight-speech-emotion-recognition-on-open-datasets/data/train/speech/Actor_11/03-01-02-02-02-02-11.wav,train,speech,2,calm,strong,11,male,2,2
/mnt/d/career/projects/lightweight-speech-emotion-recognition-on-open-datasets/data/train/speech/Actor_11/03-01-03-01-01-01-11.wav,train,speech,3,happy,normal,11,male,1,1
/mnt/d/career/projects/lightweight-speech-emotion-recognition-on-open-datasets/data/train/speech/Actor_11/03-01-03-01-01-02-11.wav,train,speech,3,happy,normal,11,male,1,2
/mnt/d/career/projects/lightweight-speech-emotion-recognition-on-open-datasets/data/train/speech/Actor_11/03-01-03-01-02-01-11.wav,train,speech,3,happy,normal,11,male,2,1
/mnt/d/career/projects/lightweight-speech-emotion-recognition-on-open-datasets/data/train/speech/Actor_11/03-01-03-01-02-02-11.wav,train,speech,3,happy,normal,11,male,2,2
/mnt/d/career/projects/lightweight-speech-emotion-recognition-on-open-datasets/data/train/speech/Actor_11/03-01-03-02-01-01-11.wav,train,speech,3,happy,strong,11,male,1,1
/mnt/d/career/projects/lightweight-speech-emotion-recognition-on-open-datasets/data/train/speech/Actor_11/03-01-03-02-01-02-11.wav,train,speech,3,happy,strong,11,male,1,2
/mnt/d/career/projects/lightweight-speech-emotion-recognition-on-open-datasets/data/train/speech/Actor_11/03-01-03-02-02-01-11.wav,train,speech,3,happy,strong,11,male,2,1
/mnt/d/career/projects/lightweight-speech-emotion-recognition-on-open-datasets/data/train/speech/Actor_11/03-01-03-02-02-02-11.wav,train,speech,3,happy,strong,11,male,2,2
/mnt/d/career/projects/lightweight-speech-emotion-recognition-on-open-datasets/data/train/speech/Actor_11/03-01-04-01-01-01-11.wav,train,speech,4,sad,normal,11,male,1,1
/mnt/d/career/projects/lightweight-speech-emotion-recognition-on-open-datasets/data/train/speech/Actor_11/03-01-04-01-01-02-11.wav,train,speech,4,sad,normal,11,male,1,2
/mnt/d/career/projects/lightweight-speech-emotion-recognition-on-open-datasets/data/train/speech/Actor_11/03-01-04-01-02-01-11.wav,train,speech,4,sad,normal,11,male,2,1
/mnt/d/career/projects/lightweight-speech-emotion-recognition-on-open-datasets/data/train/speech/Actor_11/03-01-04-01-02-02-11.wav,train,speech,4,sad,normal,11,male,2,2
/mnt/d/career/projects/lightweight-speech-emotion-recognition-on-open-datasets/data/train/speech/Actor_11/03-01-04-02-01-01-11.wav,train,speech,4,sad,strong,11,male,1,1
/mnt/d/career/projects/lightweight-speech-emotion-recognition-on-open-datasets/data/train/speech/Actor_11/03-01-04-02-01-02-11.wav,train,speech,4,sad,strong,11,male,1,2
/mnt/d/career/projects/lightweight-speech-emotion-recognition-on-open-datasets/data/train/speech/Actor_11/03-01-04-02-02-01-11.wav,train,speech,4,sad,strong,11,male,2,1
/mnt/d/career/projects/lightweight-speech-emotion-recognition-on-open-datasets/data/train/speech/Actor_11/03-01-04-02-02-02-11.wav,train,speech,4,sad,strong,11,male,2,2
/mnt/d/career/projects/lightweight-speech-emotion-recognition-on-open-datasets/data/train/speech/Actor_11/03-01-05-01-01-01-11.wav,train,speech,5,angry,normal,11,male,1,1
/mnt/d/career/projects/lightweight-speech-emotion-recognition-on-open-datasets/data/train/speech/Actor_11/03-01-05-01-01-02-11.wav,train,speech,5,angry,normal,11,male,1,2
/mnt/d/career/projects/lightweight-speech-emotion-recognition-on-open-datasets/data/train/speech/Actor_11/03-01-05-01-02-01-11.wav,train,speech,5,angry,normal,11,male,2,1
/mnt/d/career/projects/lightweight-speech-emotion-recognition-on-open-datasets/data/train/speech/Actor_11/03-01-05-01-02-02-11.wav,train,speech,5,angry,normal,11,male,2,2
/mnt/d/career/projects/lightweight-speech-emotion-recognition-on-open-datasets/data/train/speech/Actor_11/03-01-05-02-01-01-11.wav,train,speech,5,angry,strong,11,male,1,1
/mnt/d/career/projects/lightweight-speech-emotion-recognition-on-open-datasets/data/train/speech/Actor_11/03-01-05-02-01-02-11.wav,train,speech,5,angry,strong,11,male,1,2
/mnt/d/career/projects/lightweight-speech-emotion-recognition-on-open-datasets/data/train/speech/Actor_11/03-01-05-02-02-01-11.wav,train,speech,5,angry,strong,11,male,2,1
/mnt/d/career/projects/lightweight-speech-emotion-recognition-on-open-datasets/data/train/speech/Actor_11/03-01-05-02-02-02-11.wav,train,speech,5,angry,strong,11,male,2,2
/mnt/d/career/projects/lightweight-speech-emotion-recognition-on-open-datasets/data/train/speech/Actor_11/03-01-06-01-01-01-11.wav,train,speech,6,fearful,normal,11,male,1,1
/mnt/d/career/projects/lightweight-speech-emotion-recognition-on-open-datasets/data/train/speech/Actor_11/03-01-06-01-01-02-11.wav,train,speech,6,fearful,normal,11,male,1,2
/mnt/d/career/projects/lightweight-speech-emotion-recognition-on-open-datasets/data/train/speech/Actor_11/03-01-06-01-02-01-11.wav,train,speech,6,fearful,normal,11,male,2,1
/mnt/d/career/projects/lightweight-speech-emotion-recognition-on-open-datasets/data/train/speech/Actor_11/03-01-06-01-02-02-11.wav,train,speech,6,fearful,normal,11,male,2,2
/mnt/d/career/projects/lightweight-speech-emotion-recognition-on-open-datasets/data/train/speech/Actor_11/03-01-06-02-01-01-11.wav,train,speech,6,fearful,strong,11,male,1,1
/mnt/d/career/projects/lightweight-speech-emotion-recognition-on-open-datasets/data/train/speech/Actor_11/03-01-06-02-01-02-11.wav,train,speech,6,fearful,strong,11,male,1,2
/mnt/d/career/projects/lightweight-speech-emotion-recognition-on-open-datasets/data/train/speech/Actor_11/03-01-06-02-02-01-11.wav,train,speech,6,fearful,strong,11,male,2,1
/mnt/d/career/projects/lightweight-speech-emotion-recognition-on-open-datasets/data/train/speech/Actor_11/03-01-06-02-02-02-11.wav,train,speech,6,fearful,strong,11,male,2,2
/mnt/d/career/projects/lightweight-speech-emotion-recognition-on-open-datasets/data/train/speech/Actor_11/03-01-07-01-01-01-11.wav,train,speech,7,disgust,normal,11,male,1,1
/mnt/d/career/projects/lightweight-speech-emotion-recognition-on-open-datasets/data/train/speech/Actor_11/03-01-07-01-01-02-11.wav,train,speech,7,disgust,normal,11,male,1,2
/mnt/d/career/projects/lightweight-speech-emotion-recognition-on-open-datasets/data/train/speech/Actor_11/03-01-07-01-02-01-11.wav,train,speech,7,disgust,normal,11,male,2,1
/mnt/d/career/projects/lightweight-speech-emotion-recognition-on-open-datasets/data/train/speech/Actor_11/03-01-07-01-02-02-11.wav,train,speech,7,disgust,normal,11,male,2,2
/mnt/d/career/projects/lightweight-speech-emotion-recognition-on-open-datasets/data/train/speech/Actor_11/03-01-07-02-01-01-11.wav,train,speech,7,disgust,strong,11,male,1,1
/mnt/d/career/projects/lightweight-speech-emotion-recognition-on-open-datasets/data/train/speech/Actor_11/03-01-07-02-01-02-11.wav,train,speech,7,disgust,strong,11,male,1,2
/mnt/d/career/projects/lightweight-speech-emotion-recognition-on-open-datasets/data/train/speech/Actor_11/03-01-07-02-02-01-11.wav,train,speech,7,disgust,strong,11,male,2,1
/mnt/d/career/projects/lightweight-speech-emotion-recognition-on-open-datasets/data/train/speech/Actor_11/03-01-07-02-02-02-11.wav,train,speech,7,disgust,strong,11,male,2,2
/mnt/d/career/projects/lightweight-speech-emotion-recognition-on-open-datasets/data/train/speech/Actor_11/03-01-08-01-01-01-11.wav,train,speech,8,surprised,normal,11,male,1,1
/mnt/d/career/projects/lightweight-speech-emotion-recognition-on-open-datasets/data/train/speech/Actor_11/03-01-08-01-01-02-11.wav,train,speech,8,surprised,normal,11,male,1,2
/mnt/d/career/projects/lightweight-speech-emotion-recognition-on-open-datasets/data/train/speech/Actor_11/03-01-08-01-02-01-11.wav,train,speech,8,surprised,normal,11,male,2,1
/mnt/d/career/projects/lightweight-speech-emotion-recognition-on-open-datasets/data/train/speech/Actor_11/03-01-08-01-02-02-11.wav,train,speech,8,surprised,normal,11,male,2,2
/mnt/d/career/projects/lightweight-speech-emotion-recognition-on-open-datasets/data/train/speech/Actor_11/03-01-08-02-01-01-11.wav,train,speech,8,surprised,strong,11,male,1,1
/mnt/d/career/projects/lightweight-speech-emotion-recognition-on-open-datasets/data/train/speech/Actor_11/03-01-08-02-01-02-11.wav,train,speech,8,surprised,strong,11,male,1,2
/mnt/d/career/projects/lightweight-speech-emotion-recognition-on-open-datasets/data/train/speech/Actor_11/03-01-08-02-02-01-11.wav,train,speech,8,surprised,strong,11,male,2,1
/mnt/d/career/projects/lightweight-speech-emotion-recognition-on-open-datasets/data/train/speech/Actor_11/03-01-08-02-02-02-11.wav,train,speech,8,surprised,strong,11,male,2,2
/mnt/d/career/projects/lightweight-speech-emotion-recognition-on-open-datasets/data/train/speech/Actor_12/03-01-01-01-01-01-12.wav,train,speech,1,neutral,normal,12,female,1,1
/mnt/d/career/projects/lightweight-speech-emotion-recognition-on-open-datasets/data/train/speech/Actor_12/03-01-01-01-01-02-12.wav,train,speech,1,neutral,normal,12,female,1,2
/mnt/d/career/projects/lightweight-speech-emotion-recognition-on-open-datasets/data/train/speech/Actor_12/03-01-01-01-02-01-12.wav,train,speech,1,neutral,normal,12,female,2,1
/mnt/d/career/projects/lightweight-speech-emotion-recognition-on-open-datasets/data/train/speech/Actor_12/03-01-01-01-02-02-12.wav,train,speech,1,neutral,normal,12,female,2,2
/mnt/d/career/projects/lightweight-speech-emotion-recognition-on-open-datasets/data/train/speech/Actor_12/03-01-02-01-01-01-12.wav,train,speech,2,calm,normal,12,female,1,1
/mnt/d/career/projects/lightweight-speech-emotion-recognition-on-open-datasets/data/train/speech/Actor_12/03-01-02-01-01-02-12.wav,train,speech,2,calm,normal,12,female,1,2
/mnt/d/career/projects/lightweight-speech-emotion-recognition-on-open-datasets/data/train/speech/Actor_12/03-01-02-01-02-01-12.wav,train,speech,2,calm,normal,12,female,2,1
/mnt/d/career/projects/lightweight-speech-emotion-recognition-on-open-datasets/data/train/speech/Actor_12/03-01-02-01-02-02-12.wav,train,speech,2,calm,normal,12,female,2,2
/mnt/d/career/projects/lightweight-speech-emotion-recognition-on-open-datasets/data/train/speech/Actor_12/03-01-02-02-01-01-12.wav,train,speech,2,calm,strong,12,female,1,1
/mnt/d/career/projects/lightweight-speech-emotion-recognition-on-open-datasets/data/train/speech/Actor_12/03-01-02-02-01-02-12.wav,train,speech,2,calm,strong,12,female,1,2
/mnt/d/career/projects/lightweight-speech-emotion-recognition-on-open-datasets/data/train/speech/Actor_12/03-01-02-02-02-01-12.wav,train,speech,2,calm,strong,12,female,2,1
/mnt/d/career/projects/lightweight-speech-emotion-recognition-on-open-datasets/data/train/speech/Actor_12/03-01-02-02-02-02-12.wav,train,speech,2,calm,strong,12,female,2,2
/mnt/d/career/projects/lightweight-speech-emotion-recognition-on-open-datasets/data/train/speech/Actor_12/03-01-03-01-01-01-12.wav,train,speech,3,happy,normal,12,female,1,1
/mnt/d/career/projects/lightweight-speech-emotion-recognition-on-open-datasets/data/train/speech/Actor_12/03-01-03-01-01-02-12.wav,train,speech,3,happy,normal,12,female,1,2
/mnt/d/career/projects/lightweight-speech-emotion-recognition-on-open-datasets/data/train/speech/Actor_12/03-01-03-01-02-01-12.wav,train,speech,3,happy,normal,12,female,2,1
/mnt/d/career/projects/lightweight-speech-emotion-recognition-on-open-datasets/data/train/speech/Actor_12/03-01-03-01-02-02-12.wav,train,speech,3,happy,normal,12,female,2,2
/mnt/d/career/projects/lightweight-speech-emotion-recognition-on-open-datasets/data/train/speech/Actor_12/03-01-03-02-01-01-12.wav,train,speech,3,happy,strong,12,female,1,1
/mnt/d/career/projects/lightweight-speech-emotion-recognition-on-open-datasets/data/train/speech/Actor_12/03-01-03-02-01-02-12.wav,train,speech,3,happy,strong,12,female,1,2
/mnt/d/career/projects/lightweight-speech-emotion-recognition-on-open-datasets/data/train/speech/Actor_12/03-01-03-02-02-01-12.wav,train,speech,3,happy,strong,12,female,2,1
/mnt/d/career/projects/lightweight-speech-emotion-recognition-on-open-datasets/data/train/speech/Actor_12/03-01-03-02-02-02-12.wav,train,speech,3,happy,strong,12,female,2,2
/mnt/d/career/projects/lightweight-speech-emotion-recognition-on-open-datasets/data/train/speech/Actor_12/03-01-04-01-01-01-12.wav,train,speech,4,sad,normal,12,female,1,1
/mnt/d/career/projects/lightweight-speech-emotion-recognition-on-open-datasets/data/train/speech/Actor_12/03-01-04-01-01-02-12.wav,train,speech,4,sad,normal,12,female,1,2
/mnt/d/career/projects/lightweight-speech-emotion-recognition-on-open-datasets/data/train/speech/Actor_12/03-01-04-01-02-01-12.wav,train,speech,4,sad,normal,12,female,2,1
/mnt/d/career/projects/lightweight-speech-emotion-recognition-on-open-datasets/data/train/speech/Actor_12/03-01-04-01-02-02-12.wav,train,speech,4,sad,normal,12,female,2,2
/mnt/d/career/projects/lightweight-speech-emotion-recognition-on-open-datasets/data/train/speech/Actor_12/03-01-04-02-01-01-12.wav,train,speech,4,sad,strong,12,female,1,1
/mnt/d/career/projects/lightweight-speech-emotion-recognition-on-open-datasets/data/train/speech/Actor_12/03-01-04-02-01-02-12.wav,train,speech,4,sad,strong,12,female,1,2
/mnt/d/career/projects/lightweight-speech-emotion-recognition-on-open-datasets/data/train/speech/Actor_12/03-01-04-02-02-01-12.wav,train,speech,4,sad,strong,12,female,2,1
/mnt/d/career/projects/lightweight-speech-emotion-recognition-on-open-datasets/data/train/speech/Actor_12/03-01-04-02-02-02-12.wav,train,speech,4,sad,strong,12,female,2,2
/mnt/d/career/projects/lightweight-speech-emotion-recognition-on-open-datasets/data/train/speech/Actor_12/03-01-05-01-01-01-12.wav,train,speech,5,angry,normal,12,female,1,1
/mnt/d/career/projects/lightweight-speech-emotion-recognition-on-open-datasets/data/train/speech/Actor_12/03-01-05-01-01-02-12.wav,train,speech,5,angry,normal,12,female,1,2
/mnt/d/career/projects/lightweight-speech-emotion-recognition-on-open-datasets/data/train/speech/Actor_12/03-01-05-01-02-01-12.wav,train,speech,5,angry,normal,12,female,2,1
/mnt/d/career/projects/lightweight-speech-emotion-recognition-on-open-datasets/data/train/speech/Actor_12/03-01-05-01-02-02-12.wav,train,speech,5,angry,normal,12,female,2,2
/mnt/d/career/projects/lightweight-speech-emotion-recognition-on-open-datasets/data/train/speech/Actor_12/03-01-05-02-01-01-12.wav,train,speech,5,angry,strong,12,female,1,1
/mnt/d/career/projects/lightweight-speech-emotion-recognition-on-open-datasets/data/train/speech/Actor_12/03-01-05-02-01-02-12.wav,train,speech,5,angry,strong,12,female,1,2
/mnt/d/career/projects/lightweight-speech-emotion-recognition-on-open-datasets/data/train/speech/Actor_12/03-01-05-02-02-01-12.wav,train,speech,5,angry,strong,12,female,2,1
/mnt/d/career/projects/lightweight-speech-emotion-recognition-on-open-datasets/data/train/speech/Actor_12/03-01-05-02-02-02-12.wav,train,speech,5,angry,strong,12,female,2,2
/mnt/d/career/projects/lightweight-speech-emotion-recognition-on-open-datasets/data/train/speech/Actor_12/03-01-06-01-01-01-12.wav,train,speech,6,fearful,normal,12,female,1,1
/mnt/d/career/projects/lightweight-speech-emotion-recognition-on-open-datasets/data/train/speech/Actor_12/03-01-06-01-01-02-12.wav,train,speech,6,fearful,normal,12,female,1,2
/mnt/d/career/projects/lightweight-speech-emotion-recognition-on-open-datasets/data/train/speech/Actor_12/03-01-06-01-02-01-12.wav,train,speech,6,fearful,normal,12,female,2,1
/mnt/d/career/projects/lightweight-speech-emotion-recognition-on-open-datasets/data/train/speech/Actor_12/03-01-06-01-02-02-12.wav,train,speech,6,fearful,normal,12,female,2,2
/mnt/d/career/projects/lightweight-speech-emotion-recognition-on-open-datasets/data/train/speech/Actor_12/03-01-06-02-01-01-12.wav,train,speech,6,fearful,strong,12,female,1,1
/mnt/d/career/projects/lightweight-speech-emotion-recognition-on-open-datasets/data/train/speech/Actor_12/03-01-06-02-01-02-12.wav,train,speech,6,fearful,strong,12,female,1,2
/mnt/d/career/projects/lightweight-speech-emotion-recognition-on-open-datasets/data/train/speech/Actor_12/03-01-06-02-02-01-12.wav,train,speech,6,fearful,strong,12,female,2,1
/mnt/d/career/projects/lightweight-speech-emotion-recognition-on-open-datasets/data/train/speech/Actor_12/03-01-06-02-02-02-12.wav,train,speech,6,fearful,strong,12,female,2,2
/mnt/d/career/projects/lightweight-speech-emotion-recognition-on-open-datasets/data/train/speech/Actor_12/03-01-07-01-01-01-12.wav,train,speech,7,disgust,normal,12,female,1,1
/mnt/d/career/projects/lightweight-speech-emotion-recognition-on-open-datasets/data/train/speech/Actor_12/03-01-07-01-01-02-12.wav,train,speech,7,disgust,normal,12,female,1,2
/mnt/d/career/projects/lightweight-speech-emotion-recognition-on-open-datasets/data/train/speech/Actor_12/03-01-07-01-02-01-12.wav,train,speech,7,disgust,normal,12,female,2,1
/mnt/d/career/projects/lightweight-speech-emotion-recognition-on-open-datasets/data/train/speech/Actor_12/03-01-07-01-02-02-12.wav,train,speech,7,disgust,normal,12,female,2,2
/mnt/d/career/projects/lightweight-speech-emotion-recognition-on-open-datasets/data/train/speech/Actor_12/03-01-07-02-01-01-12.wav,train,speech,7,disgust,strong,12,female,1,1
/mnt/d/career/projects/lightweight-speech-emotion-recognition-on-open-datasets/data/train/speech/Actor_12/03-01-07-02-01-02-12.wav,train,speech,7,disgust,strong,12,female,1,2
/mnt/d/career/projects/lightweight-speech-emotion-recognition-on-open-datasets/data/train/speech/Actor_12/03-01-07-02-02-01-12.wav,train,speech,7,disgust,strong,12,female,2,1
/mnt/d/career/projects/lightweight-speech-emotion-recognition-on-open-datasets/data/train/speech/Actor_12/03-01-07-02-02-02-12.wav,train,speech,7,disgust,strong,12,female,2,2
/mnt/d/career/projects/lightweight-speech-emotion-recognition-on-open-datasets/data/train/speech/Actor_12/03-01-08-01-01-01-12.wav,train,speech,8,surprised,normal,12,female,1,1
/mnt/d/career/projects/lightweight-speech-emotion-recognition-on-open-datasets/data/train/speech/Actor_12/03-01-08-01-01-02-12.wav,train,speech,8,surprised,normal,12,female,1,2
/mnt/d/career/projects/lightweight-speech-emotion-recognition-on-open-datasets/data/train/speech/Actor_12/03-01-08-01-02-01-12.wav,train,speech,8,surprised,normal,12,female,2,1
/mnt/d/career/projects/lightweight-speech-emotion-recognition-on-open-datasets/data/train/speech/Actor_12/03-01-08-01-02-02-12.wav,train,speech,8,surprised,normal,12,female,2,2
/mnt/d/career/projects/lightweight-speech-emotion-recognition-on-open-datasets/data/train/speech/Actor_12/03-01-08-02-01-01-12.wav,train,speech,8,surprised,strong,12,female,1,1
/mnt/d/career/projects/lightweight-speech-emotion-recognition-on-open-datasets/data/train/speech/Actor_12/03-01-08-02-01-02-12.wav,train,speech,8,surprised,strong,12,female,1,2
/mnt/d/career/projects/lightweight-speech-emotion-recognition-on-open-datasets/data/train/speech/Actor_12/03-01-08-02-02-01-12.wav,train,speech,8,surprised,strong,12,female,2,1
/mnt/d/career/projects/lightweight-speech-emotion-recognition-on-open-datasets/data/train/speech/Actor_12/03-01-08-02-02-02-12.wav,train,speech,8,surprised,strong,12,female,2,2
/mnt/d/career/projects/lightweight-speech-emotion-recognition-on-open-datasets/data/train/speech/Actor_13/03-01-01-01-01-01-13.wav,train,speech,1,neutral,normal,13,male,1,1
/mnt/d/career/projects/lightweight-speech-emotion-recognition-on-open-datasets/data/train/speech/Actor_13/03-01-01-01-01-02-13.wav,train,speech,1,neutral,normal,13,male,1,2
/mnt/d/career/projects/lightweight-speech-emotion-recognition-on-open-datasets/data/train/speech/Actor_13/03-01-01-01-02-01-13.wav,train,speech,1,neutral,normal,13,male,2,1
/mnt/d/career/projects/lightweight-speech-emotion-recognition-on-open-datasets/data/train/speech/Actor_13/03-01-01-01-02-02-13.wav,train,speech,1,neutral,normal,13,male,2,2
/mnt/d/career/projects/lightweight-speech-emotion-recognition-on-open-datasets/data/train/speech/Actor_13/03-01-02-01-01-01-13.wav,train,speech,2,calm,normal,13,male,1,1
/mnt/d/career/projects/lightweight-speech-emotion-recognition-on-open-datasets/data/train/speech/Actor_13/03-01-02-01-01-02-13.wav,train,speech,2,calm,normal,13,male,1,2
/mnt/d/career/projects/lightweight-speech-emotion-recognition-on-open-datasets/data/train/speech/Actor_13/03-01-02-01-02-01-13.wav,train,speech,2,calm,normal,13,male,2,1
/mnt/d/career/projects/lightweight-speech-emotion-recognition-on-open-datasets/data/train/speech/Actor_13/03-01-02-01-02-02-13.wav,train,speech,2,calm,normal,13,male,2,2
/mnt/d/career/projects/lightweight-speech-emotion-recognition-on-open-datasets/data/train/speech/Actor_13/03-01-02-02-01-01-13.wav,train,speech,2,calm,strong,13,male,1,1
/mnt/d/career/projects/lightweight-speech-emotion-recognition-on-open-datasets/data/train/speech/Actor_13/03-01-02-02-01-02-13.wav,train,speech,2,calm,strong,13,male,1,2
/mnt/d/career/projects/lightweight-speech-emotion-recognition-on-open-datasets/data/train/speech/Actor_13/03-01-02-02-02-01-13.wav,train,speech,2,calm,strong,13,male,2,1
/mnt/d/career/projects/lightweight-speech-emotion-recognition-on-open-datasets/data/train/speech/Actor_13/03-01-02-02-02-02-13.wav,train,speech,2,calm,strong,13,male,2,2
/mnt/d/career/projects/lightweight-speech-emotion-recognition-on-open-datasets/data/train/speech/Actor_13/03-01-03-01-01-01-13.wav,train,speech,3,happy,normal,13,male,1,1
/mnt/d/career/projects/lightweight-speech-emotion-recognition-on-open-datasets/data/train/speech/Actor_13/03-01-03-01-01-02-13.wav,train,speech,3,happy,normal,13,male,1,2
/mnt/d/career/projects/lightweight-speech-emotion-recognition-on-open-datasets/data/train/speech/Actor_13/03-01-03-01-02-01-13.wav,train,speech,3,happy,normal,13,male,2,1
/mnt/d/career/projects/lightweight-speech-emotion-recognition-on-open-datasets/data/train/speech/Actor_13/03-01-03-01-02-02-13.wav,train,speech,3,happy,normal,13,male,2,2
/mnt/d/career/projects/lightweight-speech-emotion-recognition-on-open-datasets/data/train/speech/Actor_13/03-01-03-02-01-01-13.wav,train,speech,3,happy,strong,13,male,1,1
/mnt/d/career/projects/lightweight-speech-emotion-recognition-on-open-datasets/data/train/speech/Actor_13/03-01-03-02-01-02-13.wav,train,speech,3,happy,strong,13,male,1,2
/mnt/d/career/projects/lightweight-speech-emotion-recognition-on-open-datasets/data/train/speech/Actor_13/03-01-03-02-02-01-13.wav,train,speech,3,happy,strong,13,male,2,1
/mnt/d/career/projects/lightweight-speech-emotion-recognition-on-open-datasets/data/train/speech/Actor_13/03-01-03-02-02-02-13.wav,train,speech,3,happy,strong,13,male,2,2
/mnt/d/career/projects/lightweight-speech-emotion-recognition-on-open-datasets/data/train/speech/Actor_13/03-01-04-01-01-01-13.wav,train,speech,4,sad,normal,13,male,1,1
/mnt/d/career/projects/lightweight-speech-emotion-recognition-on-open-datasets/data/train/speech/Actor_13/03-01-04-01-01-02-13.wav,train,speech,4,sad,normal,13,male,1,2
/mnt/d/career/projects/lightweight-speech-emotion-recognition-on-open-datasets/data/train/speech/Actor_13/03-01-04-01-02-01-13.wav,train,speech,4,sad,normal,13,male,2,1
/mnt/d/career/projects/lightweight-speech-emotion-recognition-on-open-datasets/data/train/speech/Actor_13/03-01-04-01-02-02-13.wav,train,speech,4,sad,normal,13,male,2,2
/mnt/d/career/projects/lightweight-speech-emotion-recognition-on-open-datasets/data/train/speech/Actor_13/03-01-04-02-01-01-13.wav,train,speech,4,sad,strong,13,male,1,1
/mnt/d/career/projects/lightweight-speech-emotion-recognition-on-open-datasets/data/train/speech/Actor_13/03-01-04-02-01-02-13.wav,train,speech,4,sad,strong,13,male,1,2
/mnt/d/career/projects/lightweight-speech-emotion-recognition-on-open-datasets/data/train/speech/Actor_13/03-01-04-02-02-01-13.wav,train,speech,4,sad,strong,13,male,2,1
/mnt/d/career/projects/lightweight-speech-emotion-recognition-on-open-datasets/data/train/speech/Actor_13/03-01-04-02-02-02-13.wav,train,speech,4,sad,strong,13,male,2,2
/mnt/d/career/projects/lightweight-speech-emotion-recognition-on-open-datasets/data/train/speech/Actor_13/03-01-05-01-01-01-13.wav,train,speech,5,angry,normal,13,male,1,1
/mnt/d/career/projects/lightweight-speech-emotion-recognition-on-open-datasets/data/train/speech/Actor_13/03-01-05-01-01-02-13.wav,train,speech,5,angry,normal,13,male,1,2
/mnt/d/career/projects/lightweight-speech-emotion-recognition-on-open-datasets/data/train/speech/Actor_13/03-01-05-01-02-01-13.wav,train,speech,5,angry,normal,13,male,2,1
/mnt/d/career/projects/lightweight-speech-emotion-recognition-on-open-datasets/data/train/speech/Actor_13/03-01-05-01-02-02-13.wav,train,speech,5,angry,normal,13,male,2,2
/mnt/d/career/projects/lightweight-speech-emotion-recognition-on-open-datasets/data/train/speech/Actor_13/03-01-05-02-01-01-13.wav,train,speech,5,angry,strong,13,male,1,1
/mnt/d/career/projects/lightweight-speech-emotion-recognition-on-open-datasets/data/train/speech/Actor_13/03-01-05-02-01-02-13.wav,train,speech,5,angry,strong,13,male,1,2
/mnt/d/career/projects/lightweight-speech-emotion-recognition-on-open-datasets/data/train/speech/Actor_13/03-01-05-02-02-01-13.wav,train,speech,5,angry,strong,13,male,2,1
/mnt/d/career/projects/lightweight-speech-emotion-recognition-on-open-datasets/data/train/speech/Actor_13/03-01-05-02-02-02-13.wav,train,speech,5,angry,strong,13,male,2,2
/mnt/d/career/projects/lightweight-speech-emotion-recognition-on-open-datasets/data/train/speech/Actor_13/03-01-06-01-01-01-13.wav,train,speech,6,fearful,normal,13,male,1,1
/mnt/d/career/projects/lightweight-speech-emotion-recognition-on-open-datasets/data/train/speech/Actor_13/03-01-06-01-01-02-13.wav,train,speech,6,fearful,normal,13,male,1,2
/mnt/d/career/projects/lightweight-speech-emotion-recognition-on-open-datasets/data/train/speech/Actor_13/03-01-06-01-02-01-13.wav,train,speech,6,fearful,normal,13,male,2,1
/mnt/d/career/projects/lightweight-speech-emotion-recognition-on-open-datasets/data/train/speech/Actor_13/03-01-06-01-02-02-13.wav,train,speech,6,fearful,normal,13,male,2,2
/mnt/d/career/projects/lightweight-speech-emotion-recognition-on-open-datasets/data/train/speech/Actor_13/03-01-06-02-01-01-13.wav,train,speech,6,fearful,strong,13,male,1,1
/mnt/d/career/projects/lightweight-speech-emotion-recognition-on-open-datasets/data/train/speech/Actor_13/03-01-06-02-01-02-13.wav,train,speech,6,fearful,strong,13,male,1,2
/mnt/d/career/projects/lightweight-speech-emotion-recognition-on-open-datasets/data/train/speech/Actor_13/03-01-06-02-02-01-13.wav,train,speech,6,fearful,strong,13,male,2,1
/mnt/d/career/projects/lightweight-speech-emotion-recognition-on-open-datasets/data/train/speech/Actor_13/03-01-06-02-02-02-13.wav,train,speech,6,fearful,strong,13,male,2,2
/mnt/d/career/projects/lightweight-speech-emotion-recognition-on-open-datasets/data/train/speech/Actor_13/03-01-07-01-01-01-13.wav,train,speech,7,disgust,normal,13,male,1,1
/mnt/d/career/projects/lightweight-speech-emotion-recognition-on-open-datasets/data/train/speech/Actor_13/03-01-07-01-01-02-13.wav,train,speech,7,disgust,normal,13,male,1,2
/mnt/d/career/projects/lightweight-speech-emotion-recognition-on-open-datasets/data/train/speech/Actor_13/03-01-07-01-02-01-13.wav,train,speech,7,disgust,normal,13,male,2,1
/mnt/d/career/projects/lightweight-speech-emotion-recognition-on-open-datasets/data/train/speech/Actor_13/03-01-07-01-02-02-13.wav,train,speech,7,disgust,normal,13,male,2,2
/mnt/d/career/projects/lightweight-speech-emotion-recognition-on-open-datasets/data/train/speech/Actor_13/03-01-07-02-01-01-13.wav,train,speech,7,disgust,strong,13,male,1,1
/mnt/d/career/projects/lightweight-speech-emotion-recognition-on-open-datasets/data/train/speech/Actor_13/03-01-07-02-01-02-13.wav,train,speech,7,disgust,strong,13,male,1,2
/mnt/d/career/projects/lightweight-speech-emotion-recognition-on-open-datasets/data/train/speech/Actor_13/03-01-07-02-02-01-13.wav,train,speech,7,disgust,strong,13,male,2,1
/mnt/d/career/projects/lightweight-speech-emotion-recognition-on-open-datasets/data/train/speech/Actor_13/03-01-07-02-02-02-13.wav,train,speech,7,disgust,strong,13,male,2,2
/mnt/d/career/projects/lightweight-speech-emotion-recognition-on-open-datasets/data/train/speech/Actor_13/03-01-08-01-01-01-13.wav,train,speech,8,surprised,normal,13,male,1,1
/mnt/d/career/projects/lightweight-speech-emotion-recognition-on-open-datasets/data/train/speech/Actor_13/03-01-08-01-01-02-13.wav,train,speech,8,surprised,normal,13,male,1,2
/mnt/d/career/projects/lightweight-speech-emotion-recognition-on-open-datasets/data/train/speech/Actor_13/03-01-08-01-02-01-13.wav,train,speech,8,surprised,normal,13,male,2,1
/mnt/d/career/projects/lightweight-speech-emotion-recognition-on-open-datasets/data/train/speech/Actor_13/03-01-08-01-02-02-13.wav,train,speech,8,surprised,normal,13,male,2,2
/mnt/d/career/projects/lightweight-speech-emotion-recognition-on-open-datasets/data/train/speech/Actor_13/03-01-08-02-01-01-13.wav,train,speech,8,surprised,strong,13,male,1,1
/mnt/d/career/projects/lightweight-speech-emotion-recognition-on-open-datasets/data/train/speech/Actor_13/03-01-08-02-01-02-13.wav,train,speech,8,surprised,strong,13,male,1,2
/mnt/d/career/projects/lightweight-speech-emotion-recognition-on-open-datasets/data/train/speech/Actor_13/03-01-08-02-02-01-13.wav,train,speech,8,surprised,strong,13,male,2,1
/mnt/d/career/projects/lightweight-speech-emotion-recognition-on-open-datasets/data/train/speech/Actor_13/03-01-08-02-02-02-13.wav,train,speech,8,surprised,strong,13,male,2,2
/mnt/d/career/projects/lightweight-speech-emotion-recognition-on-open-datasets/data/train/speech/Actor_14/03-01-01-01-01-01-14.wav,train,speech,1,neutral,normal,14,female,1,1
/mnt/d/career/projects/lightweight-speech-emotion-recognition-on-open-datasets/data/train/speech/Actor_14/03-01-01-01-01-02-14.wav,train,speech,1,neutral,normal,14,female,1,2
/mnt/d/career/projects/lightweight-speech-emotion-recognition-on-open-datasets/data/train/speech/Actor_14/03-01-01-01-02-01-14.wav,train,speech,1,neutral,normal,14,female,2,1
/mnt/d/career/projects/lightweight-speech-emotion-recognition-on-open-datasets/data/train/speech/Actor_14/03-01-01-01-02-02-14.wav,train,speech,1,neutral,normal,14,female,2,2
/mnt/d/career/projects/lightweight-speech-emotion-recognition-on-open-datasets/data/train/speech/Actor_14/03-01-02-01-01-01-14.wav,train,speech,2,calm,normal,14,female,1,1
/mnt/d/career/projects/lightweight-speech-emotion-recognition-on-open-datasets/data/train/speech/Actor_14/03-01-02-01-01-02-14.wav,train,speech,2,calm,normal,14,female,1,2
/mnt/d/career/projects/lightweight-speech-emotion-recognition-on-open-datasets/data/train/speech/Actor_14/03-01-02-01-02-01-14.wav,train,speech,2,calm,normal,14,female,2,1
/mnt/d/career/projects/lightweight-speech-emotion-recognition-on-open-datasets/data/train/speech/Actor_14/03-01-02-01-02-02-14.wav,train,speech,2,calm,normal,14,female,2,2
/mnt/d/career/projects/lightweight-speech-emotion-recognition-on-open-datasets/data/train/speech/Actor_14/03-01-02-02-01-01-14.wav,train,speech,2,calm,strong,14,female,1,1
/mnt/d/career/projects/lightweight-speech-emotion-recognition-on-open-datasets/data/train/speech/Actor_14/03-01-02-02-01-02-14.wav,train,speech,2,calm,strong,14,female,1,2
/mnt/d/career/projects/lightweight-speech-emotion-recognition-on-open-datasets/data/train/speech/Actor_14/03-01-02-02-02-01-14.wav,train,speech,2,calm,strong,14,female,2,1
/mnt/d/career/projects/lightweight-speech-emotion-recognition-on-open-datasets/data/train/speech/Actor_14/03-01-02-02-02-02-14.wav,train,speech,2,calm,strong,14,female,2,2
/mnt/d/career/projects/lightweight-speech-emotion-recognition-on-open-datasets/data/train/speech/Actor_14/03-01-03-01-01-01-14.wav,train,speech,3,happy,normal,14,female,1,1
/mnt/d/career/projects/lightweight-speech-emotion-recognition-on-open-datasets/data/train/speech/Actor_14/03-01-03-01-01-02-14.wav,train,speech,3,happy,normal,14,female,1,2
/mnt/d/career/projects/lightweight-speech-emotion-recognition-on-open-datasets/data/train/speech/Actor_14/03-01-03-01-02-01-14.wav,train,speech,3,happy,normal,14,female,2,1
/mnt/d/career/projects/lightweight-speech-emotion-recognition-on-open-datasets/data/train/speech/Actor_14/03-01-03-01-02-02-14.wav,train,speech,3,happy,normal,14,female,2,2
/mnt/d/career/projects/lightweight-speech-emotion-recognition-on-open-datasets/data/train/speech/Actor_14/03-01-03-02-01-01-14.wav,train,speech,3,happy,strong,14,female,1,1
/mnt/d/career/projects/lightweight-speech-emotion-recognition-on-open-datasets/data/train/speech/Actor_14/03-01-03-02-01-02-14.wav,train,speech,3,happy,strong,14,female,1,2
/mnt/d/career/projects/lightweight-speech-emotion-recognition-on-open-datasets/data/train/speech/Actor_14/03-01-03-02-02-01-14.wav,train,speech,3,happy,strong,14,female,2,1
/mnt/d/career/projects/lightweight-speech-emotion-recognition-on-open-datasets/data/train/speech/Actor_14/03-01-03-02-02-02-14.wav,train,speech,3,happy,strong,14,female,2,2
/mnt/d/career/projects/lightweight-speech-emotion-recognition-on-open-datasets/data/train/speech/Actor_14/03-01-04-01-01-01-14.wav,train,speech,4,sad,normal,14,female,1,1
/mnt/d/career/projects/lightweight-speech-emotion-recognition-on-open-datasets/data/train/speech/Actor_14/03-01-04-01-01-02-14.wav,train,speech,4,sad,normal,14,female,1,2
/mnt/d/career/projects/lightweight-speech-emotion-recognition-on-open-datasets/data/train/speech/Actor_14/03-01-04-01-02-01-14.wav,train,speech,4,sad,normal,14,female,2,1
/mnt/d/career/projects/lightweight-speech-emotion-recognition-on-open-datasets/data/train/speech/Actor_14/03-01-04-01-02-02-14.wav,train,speech,4,sad,normal,14,female,2,2
/mnt/d/career/projects/lightweight-speech-emotion-recognition-on-open-datasets/data/train/speech/Actor_14/03-01-04-02-01-01-14.wav,train,speech,4,sad,strong,14,female,1,1
/mnt/d/career/projects/lightweight-speech-emotion-recognition-on-open-datasets/data/train/speech/Actor_14/03-01-04-02-01-02-14.wav,train,speech,4,sad,strong,14,female,1,2
/mnt/d/career/projects/lightweight-speech-emotion-recognition-on-open-datasets/data/train/speech/Actor_14/03-01-04-02-02-01-14.wav,train,speech,4,sad,strong,14,female,2,1
/mnt/d/career/projects/lightweight-speech-emotion-recognition-on-open-datasets/data/train/speech/Actor_14/03-01-04-02-02-02-14.wav,train,speech,4,sad,strong,14,female,2,2
/mnt/d/career/projects/lightweight-speech-emotion-recognition-on-open-datasets/data/train/speech/Actor_14/03-01-05-01-01-01-14.wav,train,speech,5,angry,normal,14,female,1,1
/mnt/d/career/projects/lightweight-speech-emotion-recognition-on-open-datasets/data/train/speech/Actor_14/03-01-05-01-01-02-14.wav,train,speech,5,angry,normal,14,female,1,2
/mnt/d/career/projects/lightweight-speech-emotion-recognition-on-open-datasets/data/train/speech/Actor_14/03-01-05-01-02-01-14.wav,train,speech,5,angry,normal,14,female,2,1
/mnt/d/career/projects/lightweight-speech-emotion-recognition-on-open-datasets/data/train/speech/Actor_14/03-01-05-01-02-02-14.wav,train,speech,5,angry,normal,14,female,2,2
/mnt/d/career/projects/lightweight-speech-emotion-recognition-on-open-datasets/data/train/speech/Actor_14/03-01-05-02-01-01-14.wav,train,speech,5,angry,strong,14,female,1,1
/mnt/d/career/projects/lightweight-speech-emotion-recognition-on-open-datasets/data/train/speech/Actor_14/03-01-05-02-01-02-14.wav,train,speech,5,angry,strong,14,female,1,2
/mnt/d/career/projects/lightweight-speech-emotion-recognition-on-open-datasets/data/train/speech/Actor_14/03-01-05-02-02-01-14.wav,train,speech,5,angry,strong,14,female,2,1
/mnt/d/career/projects/lightweight-speech-emotion-recognition-on-open-datasets/data/train/speech/Actor_14/03-01-05-02-02-02-14.wav,train,speech,5,angry,strong,14,female,2,2
/mnt/d/career/projects/lightweight-speech-emotion-recognition-on-open-datasets/data/train/speech/Actor_14/03-01-06-01-01-01-14.wav,train,speech,6,fearful,normal,14,female,1,1
/mnt/d/career/projects/lightweight-speech-emotion-recognition-on-open-datasets/data/train/speech/Actor_14/03-01-06-01-01-02-14.wav,train,speech,6,fearful,normal,14,female,1,2
/mnt/d/career/projects/lightweight-speech-emotion-recognition-on-open-datasets/data/train/speech/Actor_14/03-01-06-01-02-01-14.wav,train,speech,6,fearful,normal,14,female,2,1
/mnt/d/career/projects/lightweight-speech-emotion-recognition-on-open-datasets/data/train/speech/Actor_14/03-01-06-01-02-02-14.wav,train,speech,6,fearful,normal,14,female,2,2
/mnt/d/career/projects/lightweight-speech-emotion-recognition-on-open-datasets/data/train/speech/Actor_14/03-01-06-02-01-01-14.wav,train,speech,6,fearful,strong,14,female,1,1
/mnt/d/career/projects/lightweight-speech-emotion-recognition-on-open-datasets/data/train/speech/Actor_14/03-01-06-02-01-02-14.wav,train,speech,6,fearful,strong,14,female,1,2
/mnt/d/career/projects/lightweight-speech-emotion-recognition-on-open-datasets/data/train/speech/Actor_14/03-01-06-02-02-01-14.wav,train,speech,6,fearful,strong,14,female,2,1
/mnt/d/career/projects/lightweight-speech-emotion-recognition-on-open-datasets/data/train/speech/Actor_14/03-01-06-02-02-02-14.wav,train,speech,6,fearful,strong,14,female,2,2
/mnt/d/career/projects/lightweight-speech-emotion-recognition-on-open-datasets/data/train/speech/Actor_14/03-01-07-01-01-01-14.wav,train,speech,7,disgust,normal,14,female,1,1
/mnt/d/career/projects/lightweight-speech-emotion-recognition-on-open-datasets/data/train/speech/Actor_14/03-01-07-01-01-02-14.wav,train,speech,7,disgust,normal,14,female,1,2
/mnt/d/career/projects/lightweight-speech-emotion-recognition-on-open-datasets/data/train/speech/Actor_14/03-01-07-01-02-01-14.wav,train,speech,7,disgust,normal,14,female,2,1
/mnt/d/career/projects/lightweight-speech-emotion-recognition-on-open-datasets/data/train/speech/Actor_14/03-01-07-01-02-02-14.wav,train,speech,7,disgust,normal,14,female,2,2
/mnt/d/career/projects/lightweight-speech-emotion-recognition-on-open-datasets/data/train/speech/Actor_14/03-01-07-02-01-01-14.wav,train,speech,7,disgust,strong,14,female,1,1
/mnt/d/career/projects/lightweight-speech-emotion-recognition-on-open-datasets/data/train/speech/Actor_14/03-01-07-02-01-02-14.wav,train,speech,7,disgust,strong,14,female,1,2
/mnt/d/career/projects/lightweight-speech-emotion-recognition-on-open-datasets/data/train/speech/Actor_14/03-01-07-02-02-01-14.wav,train,speech,7,disgust,strong,14,female,2,1
/mnt/d/career/projects/lightweight-speech-emotion-recognition-on-open-datasets/data/train/speech/Actor_14/03-01-07-02-02-02-14.wav,train,speech,7,disgust,strong,14,female,2,2
/mnt/d/career/projects/lightweight-speech-emotion-recognition-on-open-datasets/data/train/speech/Actor_14/03-01-08-01-01-01-14.wav,train,speech,8,surprised,normal,14,female,1,1
/mnt/d/career/projects/lightweight-speech-emotion-recognition-on-open-datasets/data/train/speech/Actor_14/03-01-08-01-01-02-14.wav,train,speech,8,surprised,normal,14,female,1,2
/mnt/d/career/projects/lightweight-speech-emotion-recognition-on-open-datasets/data/train/speech/Actor_14/03-01-08-01-02-01-14.wav,train,speech,8,surprised,normal,14,female,2,1
/mnt/d/career/projects/lightweight-speech-emotion-recognition-on-open-datasets/data/train/speech/Actor_14/03-01-08-01-02-02-14.wav,train,speech,8,surprised,normal,14,female,2,2
/mnt/d/career/projects/lightweight-speech-emotion-recognition-on-open-datasets/data/train/speech/Actor_14/03-01-08-02-01-01-14.wav,train,speech,8,surprised,strong,14,female,1,1
/mnt/d/career/projects/lightweight-speech-emotion-recognition-on-open-datasets/data/train/speech/Actor_14/03-01-08-02-01-02-14.wav,train,speech,8,surprised,strong,14,female,1,2
/mnt/d/career/projects/lightweight-speech-emotion-recognition-on-open-datasets/data/train/speech/Actor_14/03-01-08-02-02-01-14.wav,train,speech,8,surprised,strong,14,female,2,1
/mnt/d/career/projects/lightweight-speech-emotion-recognition-on-open-datasets/data/train/speech/Actor_14/03-01-08-02-02-02-14.wav,train,speech,8,surprised,strong,14,female,2,2
/mnt/d/career/projects/lightweight-speech-emotion-recognition-on-open-datasets/data/train/speech/Actor_15/03-01-01-01-01-01-15.wav,train,speech,1,neutral,normal,15,male,1,1
/mnt/d/career/projects/lightweight-speech-emotion-recognition-on-open-datasets/data/train/speech/Actor_15/03-01-01-01-01-02-15.wav,train,speech,1,neutral,normal,15,male,1,2
/mnt/d/career/projects/lightweight-speech-emotion-recognition-on-open-datasets/data/train/speech/Actor_15/03-01-01-01-02-01-15.wav,train,speech,1,neutral,normal,15,male,2,1
/mnt/d/career/projects/lightweight-speech-emotion-recognition-on-open-datasets/data/train/speech/Actor_15/03-01-01-01-02-02-15.wav,train,speech,1,neutral,normal,15,male,2,2
/mnt/d/career/projects/lightweight-speech-emotion-recognition-on-open-datasets/data/train/speech/Actor_15/03-01-02-01-01-01-15.wav,train,speech,2,calm,normal,15,male,1,1
/mnt/d/career/projects/lightweight-speech-emotion-recognition-on-open-datasets/data/train/speech/Actor_15/03-01-02-01-01-02-15.wav,train,speech,2,calm,normal,15,male,1,2
/mnt/d/career/projects/lightweight-speech-emotion-recognition-on-open-datasets/data/train/speech/Actor_15/03-01-02-01-02-01-15.wav,train,speech,2,calm,normal,15,male,2,1
/mnt/d/career/projects/lightweight-speech-emotion-recognition-on-open-datasets/data/train/speech/Actor_15/03-01-02-01-02-02-15.wav,train,speech,2,calm,normal,15,male,2,2
/mnt/d/career/projects/lightweight-speech-emotion-recognition-on-open-datasets/data/train/speech/Actor_15/03-01-02-02-01-01-15.wav,train,speech,2,calm,strong,15,male,1,1
/mnt/d/career/projects/lightweight-speech-emotion-recognition-on-open-datasets/data/train/speech/Actor_15/03-01-02-02-01-02-15.wav,train,speech,2,calm,strong,15,male,1,2
/mnt/d/career/projects/lightweight-speech-emotion-recognition-on-open-datasets/data/train/speech/Actor_15/03-01-02-02-02-01-15.wav,train,speech,2,calm,strong,15,male,2,1
/mnt/d/career/projects/lightweight-speech-emotion-recognition-on-open-datasets/data/train/speech/Actor_15/03-01-02-02-02-02-15.wav,train,speech,2,calm,strong,15,male,2,2
/mnt/d/career/projects/lightweight-speech-emotion-recognition-on-open-datasets/data/train/speech/Actor_15/03-01-03-01-01-01-15.wav,train,speech,3,happy,normal,15,male,1,1
/mnt/d/career/projects/lightweight-speech-emotion-recognition-on-open-datasets/data/train/speech/Actor_15/03-01-03-01-01-02-15.wav,train,speech,3,happy,normal,15,male,1,2
/mnt/d/career/projects/lightweight-speech-emotion-recognition-on-open-datasets/data/train/speech/Actor_15/03-01-03-01-02-01-15.wav,train,speech,3,happy,normal,15,male,2,1
/mnt/d/career/projects/lightweight-speech-emotion-recognition-on-open-datasets/data/train/speech/Actor_15/03-01-03-01-02-02-15.wav,train,speech,3,happy,normal,15,male,2,2
/mnt/d/career/projects/lightweight-speech-emotion-recognition-on-open-datasets/data/train/speech/Actor_15/03-01-03-02-01-01-15.wav,train,speech,3,happy,strong,15,male,1,1
/mnt/d/career/projects/lightweight-speech-emotion-recognition-on-open-datasets/data/train/speech/Actor_15/03-01-03-02-01-02-15.wav,train,speech,3,happy,strong,15,male,1,2
/mnt/d/career/projects/lightweight-speech-emotion-recognition-on-open-datasets/data/train/speech/Actor_15/03-01-03-02-02-01-15.wav,train,speech,3,happy,strong,15,male,2,1
/mnt/d/career/projects/lightweight-speech-emotion-recognition-on-open-datasets/data/train/speech/Actor_15/03-01-03-02-02-02-15.wav,train,speech,3,happy,strong,15,male,2,2
/mnt/d/career/projects/lightweight-speech-emotion-recognition-on-open-datasets/data/train/speech/Actor_15/03-01-04-01-01-01-15.wav,train,speech,4,sad,normal,15,male,1,1
/mnt/d/career/projects/lightweight-speech-emotion-recognition-on-open-datasets/data/train/speech/Actor_15/03-01-04-01-01-02-15.wav,train,speech,4,sad,normal,15,male,1,2
/mnt/d/career/projects/lightweight-speech-emotion-recognition-on-open-datasets/data/train/speech/Actor_15/03-01-04-01-02-01-15.wav,train,speech,4,sad,normal,15,male,2,1
/mnt/d/career/projects/lightweight-speech-emotion-recognition-on-open-datasets/data/train/speech/Actor_15/03-01-04-01-02-02-15.wav,train,speech,4,sad,normal,15,male,2,2
/mnt/d/career/projects/lightweight-speech-emotion-recognition-on-open-datasets/data/train/speech/Actor_15/03-01-04-02-01-01-15.wav,train,speech,4,sad,strong,15,male,1,1
/mnt/d/career/projects/lightweight-speech-emotion-recognition-on-open-datasets/data/train/speech/Actor_15/03-01-04-02-01-02-15.wav,train,speech,4,sad,strong,15,male,1,2
/mnt/d/career/projects/lightweight-speech-emotion-recognition-on-open-datasets/data/train/speech/Actor_15/03-01-04-02-02-01-15.wav,train,speech,4,sad,strong,15,male,2,1
/mnt/d/career/projects/lightweight-speech-emotion-recognition-on-open-datasets/data/train/speech/Actor_15/03-01-04-02-02-02-15.wav,train,speech,4,sad,strong,15,male,2,2
/mnt/d/career/projects/lightweight-speech-emotion-recognition-on-open-datasets/data/train/speech/Actor_15/03-01-05-01-01-01-15.wav,train,speech,5,angry,normal,15,male,1,1
/mnt/d/career/projects/lightweight-speech-emotion-recognition-on-open-datasets/data/train/speech/Actor_15/03-01-05-01-01-02-15.wav,train,speech,5,angry,normal,15,male,1,2
/mnt/d/career/projects/lightweight-speech-emotion-recognition-on-open-datasets/data/train/speech/Actor_15/03-01-05-01-02-01-15.wav,train,speech,5,angry,normal,15,male,2,1
/mnt/d/career/projects/lightweight-speech-emotion-recognition-on-open-datasets/data/train/speech/Actor_15/03-01-05-01-02-02-15.wav,train,speech,5,angry,normal,15,male,2,2
/mnt/d/career/projects/lightweight-speech-emotion-recognition-on-open-datasets/data/train/speech/Actor_15/03-01-05-02-01-01-15.wav,train,speech,5,angry,strong,15,male,1,1
/mnt/d/career/projects/lightweight-speech-emotion-recognition-on-open-datasets/data/train/speech/Actor_15/03-01-05-02-01-02-15.wav,train,speech,5,angry,strong,15,male,1,2
/mnt/d/career/projects/lightweight-speech-emotion-recognition-on-open-datasets/data/train/speech/Actor_15/03-01-05-02-02-01-15.wav,train,speech,5,angry,strong,15,male,2,1
/mnt/d/career/projects/lightweight-speech-emotion-recognition-on-open-datasets/data/train/speech/Actor_15/03-01-05-02-02-02-15.wav,train,speech,5,angry,strong,15,male,2,2
/mnt/d/career/projects/lightweight-speech-emotion-recognition-on-open-datasets/data/train/speech/Actor_15/03-01-06-01-01-01-15.wav,train,speech,6,fearful,normal,15,male,1,1
/mnt/d/career/projects/lightweight-speech-emotion-recognition-on-open-datasets/data/train/speech/Actor_15/03-01-06-01-01-02-15.wav,train,speech,6,fearful,normal,15,male,1,2
/mnt/d/career/projects/lightweight-speech-emotion-recognition-on-open-datasets/data/train/speech/Actor_15/03-01-06-01-02-01-15.wav,train,speech,6,fearful,normal,15,male,2,1
/mnt/d/career/projects/lightweight-speech-emotion-recognition-on-open-datasets/data/train/speech/Actor_15/03-01-06-01-02-02-15.wav,train,speech,6,fearful,normal,15,male,2,2
/mnt/d/career/projects/lightweight-speech-emotion-recognition-on-open-datasets/data/train/speech/Actor_15/03-01-06-02-01-01-15.wav,train,speech,6,fearful,strong,15,male,1,1
/mnt/d/career/projects/lightweight-speech-emotion-recognition-on-open-datasets/data/train/speech/Actor_15/03-01-06-02-01-02-15.wav,train,speech,6,fearful,strong,15,male,1,2
/mnt/d/career/projects/lightweight-speech-emotion-recognition-on-open-datasets/data/train/speech/Actor_15/03-01-06-02-02-01-15.wav,train,speech,6,fearful,strong,15,male,2,1
/mnt/d/career/projects/lightweight-speech-emotion-recognition-on-open-datasets/data/train/speech/Actor_15/03-01-06-02-02-02-15.wav,train,speech,6,fearful,strong,15,male,2,2
/mnt/d/career/projects/lightweight-speech-emotion-recognition-on-open-datasets/data/train/speech/Actor_15/03-01-07-01-01-01-15.wav,train,speech,7,disgust,normal,15,male,1,1
/mnt/d/career/projects/lightweight-speech-emotion-recognition-on-open-datasets/data/train/speech/Actor_15/03-01-07-01-01-02-15.wav,train,speech,7,disgust,normal,15,male,1,2
/mnt/d/career/projects/lightweight-speech-emotion-recognition-on-open-datasets/data/train/speech/Actor_15/03-01-07-01-02-01-15.wav,train,speech,7,disgust,normal,15,male,2,1
/mnt/d/career/projects/lightweight-speech-emotion-recognition-on-open-datasets/data/train/speech/Actor_15/03-01-07-01-02-02-15.wav,train,speech,7,disgust,normal,15,male,2,2
/mnt/d/career/projects/lightweight-speech-emotion-recognition-on-open-datasets/data/train/speech/Actor_15/03-01-07-02-01-01-15.wav,train,speech,7,disgust,strong,15,male,1,1
/mnt/d/career/projects/lightweight-speech-emotion-recognition-on-open-datasets/data/train/speech/Actor_15/03-01-07-02-01-02-15.wav,train,speech,7,disgust,strong,15,male,1,2
/mnt/d/career/projects/lightweight-speech-emotion-recognition-on-open-datasets/data/train/speech/Actor_15/03-01-07-02-02-01-15.wav,train,speech,7,disgust,strong,15,male,2,1
/mnt/d/career/projects/lightweight-speech-emotion-recognition-on-open-datasets/data/train/speech/Actor_15/03-01-07-02-02-02-15.wav,train,speech,7,disgust,strong,15,male,2,2
/mnt/d/career/projects/lightweight-speech-emotion-recognition-on-open-datasets/data/train/speech/Actor_15/03-01-08-01-01-01-15.wav,train,speech,8,surprised,normal,15,male,1,1
/mnt/d/career/projects/lightweight-speech-emotion-recognition-on-open-datasets/data/train/speech/Actor_15/03-01-08-01-01-02-15.wav,train,speech,8,surprised,normal,15,male,1,2
/mnt/d/career/projects/lightweight-speech-emotion-recognition-on-open-datasets/data/train/speech/Actor_15/03-01-08-01-02-01-15.wav,train,speech,8,surprised,normal,15,male,2,1
/mnt/d/career/projects/lightweight-speech-emotion-recognition-on-open-datasets/data/train/speech/Actor_15/03-01-08-01-02-02-15.wav,train,speech,8,surprised,normal,15,male,2,2
/mnt/d/career/projects/lightweight-speech-emotion-recognition-on-open-datasets/data/train/speech/Actor_15/03-01-08-02-01-01-15.wav,train,speech,8,surprised,strong,15,male,1,1
/mnt/d/career/projects/lightweight-speech-emotion-recognition-on-open-datasets/data/train/speech/Actor_15/03-01-08-02-01-02-15.wav,train,speech,8,surprised,strong,15,male,1,2
/mnt/d/career/projects/lightweight-speech-emotion-recognition-on-open-datasets/data/train/speech/Actor_15/03-01-08-02-02-01-15.wav,train,speech,8,surprised,strong,15,male,2,1
/mnt/d/career/projects/lightweight-speech-emotion-recognition-on-open-datasets/data/train/speech/Actor_15/03-01-08-02-02-02-15.wav,train,speech,8,surprised,strong,15,male,2,2
/mnt/d/career/projects/lightweight-speech-emotion-recognition-on-open-datasets/data/train/speech/Actor_16/03-01-01-01-01-01-16.wav,train,speech,1,neutral,normal,16,female,1,1
/mnt/d/career/projects/lightweight-speech-emotion-recognition-on-open-datasets/data/train/speech/Actor_16/03-01-01-01-01-02-16.wav,train,speech,1,neutral,normal,16,female,1,2
/mnt/d/career/projects/lightweight-speech-emotion-recognition-on-open-datasets/data/train/speech/Actor_16/03-01-01-01-02-01-16.wav,train,speech,1,neutral,normal,16,female,2,1
/mnt/d/career/projects/lightweight-speech-emotion-recognition-on-open-datasets/data/train/speech/Actor_16/03-01-01-01-02-02-16.wav,train,speech,1,neutral,normal,16,female,2,2
/mnt/d/career/projects/lightweight-speech-emotion-recognition-on-open-datasets/data/train/speech/Actor_16/03-01-02-01-01-01-16.wav,train,speech,2,calm,normal,16,female,1,1
/mnt/d/career/projects/lightweight-speech-emotion-recognition-on-open-datasets/data/train/speech/Actor_16/03-01-02-01-01-02-16.wav,train,speech,2,calm,normal,16,female,1,2
/mnt/d/career/projects/lightweight-speech-emotion-recognition-on-open-datasets/data/train/speech/Actor_16/03-01-02-01-02-01-16.wav,train,speech,2,calm,normal,16,female,2,1
/mnt/d/career/projects/lightweight-speech-emotion-recognition-on-open-datasets/data/train/speech/Actor_16/03-01-02-01-02-02-16.wav,train,speech,2,calm,normal,16,female,2,2
/mnt/d/career/projects/lightweight-speech-emotion-recognition-on-open-datasets/data/train/speech/Actor_16/03-01-02-02-01-01-16.wav,train,speech,2,calm,strong,16,female,1,1
/mnt/d/career/projects/lightweight-speech-emotion-recognition-on-open-datasets/data/train/speech/Actor_16/03-01-02-02-01-02-16.wav,train,speech,2,calm,strong,16,female,1,2
/mnt/d/career/projects/lightweight-speech-emotion-recognition-on-open-datasets/data/train/speech/Actor_16/03-01-02-02-02-01-16.wav,train,speech,2,calm,strong,16,female,2,1
/mnt/d/career/projects/lightweight-speech-emotion-recognition-on-open-datasets/data/train/speech/Actor_16/03-01-02-02-02-02-16.wav,train,speech,2,calm,strong,16,female,2,2
/mnt/d/career/projects/lightweight-speech-emotion-recognition-on-open-datasets/data/train/speech/Actor_16/03-01-03-01-01-01-16.wav,train,speech,3,happy,normal,16,female,1,1
/mnt/d/career/projects/lightweight-speech-emotion-recognition-on-open-datasets/data/train/speech/Actor_16/03-01-03-01-01-02-16.wav,train,speech,3,happy,normal,16,female,1,2
/mnt/d/career/projects/lightweight-speech-emotion-recognition-on-open-datasets/data/train/speech/Actor_16/03-01-03-01-02-01-16.wav,train,speech,3,happy,normal,16,female,2,1
/mnt/d/career/projects/lightweight-speech-emotion-recognition-on-open-datasets/data/train/speech/Actor_16/03-01-03-01-02-02-16.wav,train,speech,3,happy,normal,16,female,2,2
/mnt/d/career/projects/lightweight-speech-emotion-recognition-on-open-datasets/data/train/speech/Actor_16/03-01-03-02-01-01-16.wav,train,speech,3,happy,strong,16,female,1,1
/mnt/d/career/projects/lightweight-speech-emotion-recognition-on-open-datasets/data/train/speech/Actor_16/03-01-03-02-01-02-16.wav,train,speech,3,happy,strong,16,female,1,2
/mnt/d/career/projects/lightweight-speech-emotion-recognition-on-open-datasets/data/train/speech/Actor_16/03-01-03-02-02-01-16.wav,train,speech,3,happy,strong,16,female,2,1
/mnt/d/career/projects/lightweight-speech-emotion-recognition-on-open-datasets/data/train/speech/Actor_16/03-01-03-02-02-02-16.wav,train,speech,3,happy,strong,16,female,2,2
/mnt/d/career/projects/lightweight-speech-emotion-recognition-on-open-datasets/data/train/speech/Actor_16/03-01-04-01-01-01-16.wav,train,speech,4,sad,normal,16,female,1,1
/mnt/d/career/projects/lightweight-speech-emotion-recognition-on-open-datasets/data/train/speech/Actor_16/03-01-04-01-01-02-16.wav,train,speech,4,sad,normal,16,female,1,2
/mnt/d/career/projects/lightweight-speech-emotion-recognition-on-open-datasets/data/train/speech/Actor_16/03-01-04-01-02-01-16.wav,train,speech,4,sad,normal,16,female,2,1
/mnt/d/career/projects/lightweight-speech-emotion-recognition-on-open-datasets/data/train/speech/Actor_16/03-01-04-01-02-02-16.wav,train,speech,4,sad,normal,16,female,2,2
/mnt/d/career/projects/lightweight-speech-emotion-recognition-on-open-datasets/data/train/speech/Actor_16/03-01-04-02-01-01-16.wav,train,speech,4,sad,strong,16,female,1,1
/mnt/d/career/projects/lightweight-speech-emotion-recognition-on-open-datasets/data/train/speech/Actor_16/03-01-04-02-01-02-16.wav,train,speech,4,sad,strong,16,female,1,2
/mnt/d/career/projects/lightweight-speech-emotion-recognition-on-open-datasets/data/train/speech/Actor_16/03-01-04-02-02-01-16.wav,train,speech,4,sad,strong,16,female,2,1
/mnt/d/career/projects/lightweight-speech-emotion-recognition-on-open-datasets/data/train/speech/Actor_16/03-01-04-02-02-02-16.wav,train,speech,4,sad,strong,16,female,2,2
/mnt/d/career/projects/lightweight-speech-emotion-recognition-on-open-datasets/data/train/speech/Actor_16/03-01-05-01-01-01-16.wav,train,speech,5,angry,normal,16,female,1,1
/mnt/d/career/projects/lightweight-speech-emotion-recognition-on-open-datasets/data/train/speech/Actor_16/03-01-05-01-01-02-16.wav,train,speech,5,angry,normal,16,female,1,2
/mnt/d/career/projects/lightweight-speech-emotion-recognition-on-open-datasets/data/train/speech/Actor_16/03-01-05-01-02-01-16.wav,train,speech,5,angry,normal,16,female,2,1
/mnt/d/career/projects/lightweight-speech-emotion-recognition-on-open-datasets/data/train/speech/Actor_16/03-01-05-01-02-02-16.wav,train,speech,5,angry,normal,16,female,2,2
/mnt/d/career/projects/lightweight-speech-emotion-recognition-on-open-datasets/data/train/speech/Actor_16/03-01-05-02-01-01-16.wav,train,speech,5,angry,strong,16,female,1,1
/mnt/d/career/projects/lightweight-speech-emotion-recognition-on-open-datasets/data/train/speech/Actor_16/03-01-05-02-01-02-16.wav,train,speech,5,angry,strong,16,female,1,2
/mnt/d/career/projects/lightweight-speech-emotion-recognition-on-open-datasets/data/train/speech/Actor_16/03-01-05-02-02-01-16.wav,train,speech,5,angry,strong,16,female,2,1
/mnt/d/career/projects/lightweight-speech-emotion-recognition-on-open-datasets/data/train/speech/Actor_16/03-01-05-02-02-02-16.wav,train,speech,5,angry,strong,16,female,2,2
/mnt/d/career/projects/lightweight-speech-emotion-recognition-on-open-datasets/data/train/speech/Actor_16/03-01-06-01-01-01-16.wav,train,speech,6,fearful,normal,16,female,1,1
/mnt/d/career/projects/lightweight-speech-emotion-recognition-on-open-datasets/data/train/speech/Actor_16/03-01-06-01-01-02-16.wav,train,speech,6,fearful,normal,16,female,1,2
/mnt/d/career/projects/lightweight-speech-emotion-recognition-on-open-datasets/data/train/speech/Actor_16/03-01-06-01-02-01-16.wav,train,speech,6,fearful,normal,16,female,2,1
/mnt/d/career/projects/lightweight-speech-emotion-recognition-on-open-datasets/data/train/speech/Actor_16/03-01-06-01-02-02-16.wav,train,speech,6,fearful,normal,16,female,2,2
/mnt/d/career/projects/lightweight-speech-emotion-recognition-on-open-datasets/data/train/speech/Actor_16/03-01-06-02-01-01-16.wav,train,speech,6,fearful,strong,16,female,1,1
/mnt/d/career/projects/lightweight-speech-emotion-recognition-on-open-datasets/data/train/speech/Actor_16/03-01-06-02-01-02-16.wav,train,speech,6,fearful,strong,16,female,1,2
/mnt/d/career/projects/lightweight-speech-emotion-recognition-on-open-datasets/data/train/speech/Actor_16/03-01-06-02-02-01-16.wav,train,speech,6,fearful,strong,16,female,2,1
/mnt/d/career/projects/lightweight-speech-emotion-recognition-on-open-datasets/data/train/speech/Actor_16/03-01-06-02-02-02-16.wav,train,speech,6,fearful,strong,16,female,2,2
/mnt/d/career/projects/lightweight-speech-emotion-recognition-on-open-datasets/data/train/speech/Actor_16/03-01-07-01-01-01-16.wav,train,speech,7,disgust,normal,16,female,1,1
/mnt/d/career/projects/lightweight-speech-emotion-recognition-on-open-datasets/data/train/speech/Actor_16/03-01-07-01-01-02-16.wav,train,speech,7,disgust,normal,16,female,1,2
/mnt/d/career/projects/lightweight-speech-emotion-recognition-on-open-datasets/data/train/speech/Actor_16/03-01-07-01-02-01-16.wav,train,speech,7,disgust,normal,16,female,2,1
/mnt/d/career/projects/lightweight-speech-emotion-recognition-on-open-datasets/data/train/speech/Actor_16/03-01-07-01-02-02-16.wav,train,speech,7,disgust,normal,16,female,2,2
/mnt/d/career/projects/lightweight-speech-emotion-recognition-on-open-datasets/data/train/speech/Actor_16/03-01-07-02-01-01-16.wav,train,speech,7,disgust,strong,16,female,1,1
/mnt/d/career/projects/lightweight-speech-emotion-recognition-on-open-datasets/data/train/speech/Actor_16/03-01-07-02-01-02-16.wav,train,speech,7,disgust,strong,16,female,1,2
/mnt/d/career/projects/lightweight-speech-emotion-recognition-on-open-datasets/data/train/speech/Actor_16/03-01-07-02-02-01-16.wav,train,speech,7,disgust,strong,16,female,2,1
/mnt/d/career/projects/lightweight-speech-emotion-recognition-on-open-datasets/data/train/speech/Actor_16/03-01-07-02-02-02-16.wav,train,speech,7,disgust,strong,16,female,2,2
/mnt/d/career/projects/lightweight-speech-emotion-recognition-on-open-datasets/data/train/speech/Actor_16/03-01-08-01-01-01-16.wav,train,speech,8,surprised,normal,16,female,1,1
/mnt/d/career/projects/lightweight-speech-emotion-recognition-on-open-datasets/data/train/speech/Actor_16/03-01-08-01-01-02-16.wav,train,speech,8,surprised,normal,16,female,1,2
/mnt/d/career/projects/lightweight-speech-emotion-recognition-on-open-datasets/data/train/speech/Actor_16/03-01-08-01-02-01-16.wav,train,speech,8,surprised,normal,16,female,2,1
/mnt/d/career/projects/lightweight-speech-emotion-recognition-on-open-datasets/data/train/speech/Actor_16/03-01-08-01-02-02-16.wav,train,speech,8,surprised,normal,16,female,2,2
/mnt/d/career/projects/lightweight-speech-emotion-recognition-on-open-datasets/data/train/speech/Actor_16/03-01-08-02-01-01-16.wav,train,speech,8,surprised,strong,16,female,1,1
/mnt/d/career/projects/lightweight-speech-emotion-recognition-on-open-datasets/data/train/speech/Actor_16/03-01-08-02-01-02-16.wav,train,speech,8,surprised,strong,16,female,1,2
/mnt/d/career/projects/lightweight-speech-emotion-recognition-on-open-datasets/data/train/speech/Actor_16/03-01-08-02-02-01-16.wav,train,speech,8,surprised,strong,16,female,2,1
/mnt/d/career/projects/lightweight-speech-emotion-recognition-on-open-datasets/data/train/speech/Actor_16/03-01-08-02-02-02-16.wav,train,speech,8,surprised,strong,16,female,2,2
/mnt/d/career/projects/lightweight-speech-emotion-recognition-on-open-datasets/data/train/speech/Actor_17/03-01-01-01-01-01-17.wav,train,speech,1,neutral,normal,17,male,1,1
/mnt/d/career/projects/lightweight-speech-emotion-recognition-on-open-datasets/data/train/speech/Actor_17/03-01-01-01-01-02-17.wav,train,speech,1,neutral,normal,17,male,1,2
/mnt/d/career/projects/lightweight-speech-emotion-recognition-on-open-datasets/data/train/speech/Actor_17/03-01-01-01-02-01-17.wav,train,speech,1,neutral,normal,17,male,2,1
/mnt/d/career/projects/lightweight-speech-emotion-recognition-on-open-datasets/data/train/speech/Actor_17/03-01-01-01-02-02-17.wav,train,speech,1,neutral,normal,17,male,2,2
/mnt/d/career/projects/lightweight-speech-emotion-recognition-on-open-datasets/data/train/speech/Actor_17/03-01-02-01-01-01-17.wav,train,speech,2,calm,normal,17,male,1,1
/mnt/d/career/projects/lightweight-speech-emotion-recognition-on-open-datasets/data/train/speech/Actor_17/03-01-02-01-01-02-17.wav,train,speech,2,calm,normal,17,male,1,2
/mnt/d/career/projects/lightweight-speech-emotion-recognition-on-open-datasets/data/train/speech/Actor_17/03-01-02-01-02-01-17.wav,train,speech,2,calm,normal,17,male,2,1
/mnt/d/career/projects/lightweight-speech-emotion-recognition-on-open-datasets/data/train/speech/Actor_17/03-01-02-01-02-02-17.wav,train,speech,2,calm,normal,17,male,2,2
/mnt/d/career/projects/lightweight-speech-emotion-recognition-on-open-datasets/data/train/speech/Actor_17/03-01-02-02-01-01-17.wav,train,speech,2,calm,strong,17,male,1,1
/mnt/d/career/projects/lightweight-speech-emotion-recognition-on-open-datasets/data/train/speech/Actor_17/03-01-02-02-01-02-17.wav,train,speech,2,calm,strong,17,male,1,2
/mnt/d/career/projects/lightweight-speech-emotion-recognition-on-open-datasets/data/train/speech/Actor_17/03-01-02-02-02-01-17.wav,train,speech,2,calm,strong,17,male,2,1
/mnt/d/career/projects/lightweight-speech-emotion-recognition-on-open-datasets/data/train/speech/Actor_17/03-01-02-02-02-02-17.wav,train,speech,2,calm,strong,17,male,2,2
/mnt/d/career/projects/lightweight-speech-emotion-recognition-on-open-datasets/data/train/speech/Actor_17/03-01-03-01-01-01-17.wav,train,speech,3,happy,normal,17,male,1,1
/mnt/d/career/projects/lightweight-speech-emotion-recognition-on-open-datasets/data/train/speech/Actor_17/03-01-03-01-01-02-17.wav,train,speech,3,happy,normal,17,male,1,2
/mnt/d/career/projects/lightweight-speech-emotion-recognition-on-open-datasets/data/train/speech/Actor_17/03-01-03-01-02-01-17.wav,train,speech,3,happy,normal,17,male,2,1
/mnt/d/career/projects/lightweight-speech-emotion-recognition-on-open-datasets/data/train/speech/Actor_17/03-01-03-01-02-02-17.wav,train,speech,3,happy,normal,17,male,2,2
/mnt/d/career/projects/lightweight-speech-emotion-recognition-on-open-datasets/data/train/speech/Actor_17/03-01-03-02-01-01-17.wav,train,speech,3,happy,strong,17,male,1,1
/mnt/d/career/projects/lightweight-speech-emotion-recognition-on-open-datasets/data/train/speech/Actor_17/03-01-03-02-01-02-17.wav,train,speech,3,happy,strong,17,male,1,2
/mnt/d/career/projects/lightweight-speech-emotion-recognition-on-open-datasets/data/train/speech/Actor_17/03-01-03-02-02-01-17.wav,train,speech,3,happy,strong,17,male,2,1
/mnt/d/career/projects/lightweight-speech-emotion-recognition-on-open-datasets/data/train/speech/Actor_17/03-01-03-02-02-02-17.wav,train,speech,3,happy,strong,17,male,2,2
/mnt/d/career/projects/lightweight-speech-emotion-recognition-on-open-datasets/data/train/speech/Actor_17/03-01-04-01-01-01-17.wav,train,speech,4,sad,normal,17,male,1,1
/mnt/d/career/projects/lightweight-speech-emotion-recognition-on-open-datasets/data/train/speech/Actor_17/03-01-04-01-01-02-17.wav,train,speech,4,sad,normal,17,male,1,2
/mnt/d/career/projects/lightweight-speech-emotion-recognition-on-open-datasets/data/train/speech/Actor_17/03-01-04-01-02-01-17.wav,train,speech,4,sad,normal,17,male,2,1
/mnt/d/career/projects/lightweight-speech-emotion-recognition-on-open-datasets/data/train/speech/Actor_17/03-01-04-01-02-02-17.wav,train,speech,4,sad,normal,17,male,2,2
/mnt/d/career/projects/lightweight-speech-emotion-recognition-on-open-datasets/data/train/speech/Actor_17/03-01-04-02-01-01-17.wav,train,speech,4,sad,strong,17,male,1,1
/mnt/d/career/projects/lightweight-speech-emotion-recognition-on-open-datasets/data/train/speech/Actor_17/03-01-04-02-01-02-17.wav,train,speech,4,sad,strong,17,male,1,2
/mnt/d/career/projects/lightweight-speech-emotion-recognition-on-open-datasets/data/train/speech/Actor_17/03-01-04-02-02-01-17.wav,train,speech,4,sad,strong,17,male,2,1
/mnt/d/career/projects/lightweight-speech-emotion-recognition-on-open-datasets/data/train/speech/Actor_17/03-01-04-02-02-02-17.wav,train,speech,4,sad,strong,17,male,2,2
/mnt/d/career/projects/lightweight-speech-emotion-recognition-on-open-datasets/data/train/speech/Actor_17/03-01-05-01-01-01-17.wav,train,speech,5,angry,normal,17,male,1,1
/mnt/d/career/projects/lightweight-speech-emotion-recognition-on-open-datasets/data/train/speech/Actor_17/03-01-05-01-01-02-17.wav,train,speech,5,angry,normal,17,male,1,2
/mnt/d/career/projects/lightweight-speech-emotion-recognition-on-open-datasets/data/train/speech/Actor_17/03-01-05-01-02-01-17.wav,train,speech,5,angry,normal,17,male,2,1
/mnt/d/career/projects/lightweight-speech-emotion-recognition-on-open-datasets/data/train/speech/Actor_17/03-01-05-01-02-02-17.wav,train,speech,5,angry,normal,17,male,2,2
/mnt/d/career/projects/lightweight-speech-emotion-recognition-on-open-datasets/data/train/speech/Actor_17/03-01-05-02-01-01-17.wav,train,speech,5,angry,strong,17,male,1,1
/mnt/d/career/projects/lightweight-speech-emotion-recognition-on-open-datasets/data/train/speech/Actor_17/03-01-05-02-01-02-17.wav,train,speech,5,angry,strong,17,male,1,2
/mnt/d/career/projects/lightweight-speech-emotion-recognition-on-open-datasets/data/train/speech/Actor_17/03-01-05-02-02-01-17.wav,train,speech,5,angry,strong,17,male,2,1
/mnt/d/career/projects/lightweight-speech-emotion-recognition-on-open-datasets/data/train/speech/Actor_17/03-01-05-02-02-02-17.wav,train,speech,5,angry,strong,17,male,2,2
/mnt/d/career/projects/lightweight-speech-emotion-recognition-on-open-datasets/data/train/speech/Actor_17/03-01-06-01-01-01-17.wav,train,speech,6,fearful,normal,17,male,1,1
/mnt/d/career/projects/lightweight-speech-emotion-recognition-on-open-datasets/data/train/speech/Actor_17/03-01-06-01-01-02-17.wav,train,speech,6,fearful,normal,17,male,1,2
/mnt/d/career/projects/lightweight-speech-emotion-recognition-on-open-datasets/data/train/speech/Actor_17/03-01-06-01-02-01-17.wav,train,speech,6,fearful,normal,17,male,2,1
/mnt/d/career/projects/lightweight-speech-emotion-recognition-on-open-datasets/data/train/speech/Actor_17/03-01-06-01-02-02-17.wav,train,speech,6,fearful,normal,17,male,2,2
/mnt/d/career/projects/lightweight-speech-emotion-recognition-on-open-datasets/data/train/speech/Actor_17/03-01-06-02-01-01-17.wav,train,speech,6,fearful,strong,17,male,1,1
/mnt/d/career/projects/lightweight-speech-emotion-recognition-on-open-datasets/data/train/speech/Actor_17/03-01-06-02-01-02-17.wav,train,speech,6,fearful,strong,17,male,1,2
/mnt/d/career/projects/lightweight-speech-emotion-recognition-on-open-datasets/data/train/speech/Actor_17/03-01-06-02-02-01-17.wav,train,speech,6,fearful,strong,17,male,2,1
/mnt/d/career/projects/lightweight-speech-emotion-recognition-on-open-datasets/data/train/speech/Actor_17/03-01-06-02-02-02-17.wav,train,speech,6,fearful,strong,17,male,2,2
/mnt/d/career/projects/lightweight-speech-emotion-recognition-on-open-datasets/data/train/speech/Actor_17/03-01-07-01-01-01-17.wav,train,speech,7,disgust,normal,17,male,1,1
/mnt/d/career/projects/lightweight-speech-emotion-recognition-on-open-datasets/data/train/speech/Actor_17/03-01-07-01-01-02-17.wav,train,speech,7,disgust,normal,17,male,1,2
/mnt/d/career/projects/lightweight-speech-emotion-recognition-on-open-datasets/data/train/speech/Actor_17/03-01-07-01-02-01-17.wav,train,speech,7,disgust,normal,17,male,2,1
/mnt/d/career/projects/lightweight-speech-emotion-recognition-on-open-datasets/data/train/speech/Actor_17/03-01-07-01-02-02-17.wav,train,speech,7,disgust,normal,17,male,2,2
/mnt/d/career/projects/lightweight-speech-emotion-recognition-on-open-datasets/data/train/speech/Actor_17/03-01-07-02-01-01-17.wav,train,speech,7,disgust,strong,17,male,1,1
/mnt/d/career/projects/lightweight-speech-emotion-recognition-on-open-datasets/data/train/speech/Actor_17/03-01-07-02-01-02-17.wav,train,speech,7,disgust,strong,17,male,1,2
/mnt/d/career/projects/lightweight-speech-emotion-recognition-on-open-datasets/data/train/speech/Actor_17/03-01-07-02-02-01-17.wav,train,speech,7,disgust,strong,17,male,2,1
/mnt/d/career/projects/lightweight-speech-emotion-recognition-on-open-datasets/data/train/speech/Actor_17/03-01-07-02-02-02-17.wav,train,speech,7,disgust,strong,17,male,2,2
/mnt/d/career/projects/lightweight-speech-emotion-recognition-on-open-datasets/data/train/speech/Actor_17/03-01-08-01-01-01-17.wav,train,speech,8,surprised,normal,17,male,1,1
/mnt/d/career/projects/lightweight-speech-emotion-recognition-on-open-datasets/data/train/speech/Actor_17/03-01-08-01-01-02-17.wav,train,speech,8,surprised,normal,17,male,1,2
/mnt/d/career/projects/lightweight-speech-emotion-recognition-on-open-datasets/data/train/speech/Actor_17/03-01-08-01-02-01-17.wav,train,speech,8,surprised,normal,17,male,2,1
/mnt/d/career/projects/lightweight-speech-emotion-recognition-on-open-datasets/data/train/speech/Actor_17/03-01-08-01-02-02-17.wav,train,speech,8,surprised,normal,17,male,2,2
/mnt/d/career/projects/lightweight-speech-emotion-recognition-on-open-datasets/data/train/speech/Actor_17/03-01-08-02-01-01-17.wav,train,speech,8,surprised,strong,17,male,1,1
/mnt/d/career/projects/lightweight-speech-emotion-recognition-on-open-datasets/data/train/speech/Actor_17/03-01-08-02-01-02-17.wav,train,speech,8,surprised,strong,17,male,1,2
/mnt/d/career/projects/lightweight-speech-emotion-recognition-on-open-datasets/data/train/speech/Actor_17/03-01-08-02-02-01-17.wav,train,speech,8,surprised,strong,17,male,2,1
/mnt/d/career/projects/lightweight-speech-emotion-recognition-on-open-datasets/data/train/speech/Actor_17/03-01-08-02-02-02-17.wav,train,speech,8,surprised,strong,17,male,2,2
/mnt/d/career/projects/lightweight-speech-emotion-recognition-on-open-datasets/data/train/speech/Actor_18/03-01-01-01-01-01-18.wav,train,speech,1,neutral,normal,18,female,1,1
/mnt/d/career/projects/lightweight-speech-emotion-recognition-on-open-datasets/data/train/speech/Actor_18/03-01-01-01-01-02-18.wav,train,speech,1,neutral,normal,18,female,1,2
/mnt/d/career/projects/lightweight-speech-emotion-recognition-on-open-datasets/data/train/speech/Actor_18/03-01-01-01-02-01-18.wav,train,speech,1,neutral,normal,18,female,2,1
/mnt/d/career/projects/lightweight-speech-emotion-recognition-on-open-datasets/data/train/speech/Actor_18/03-01-01-01-02-02-18.wav,train,speech,1,neutral,normal,18,female,2,2
/mnt/d/career/projects/lightweight-speech-emotion-recognition-on-open-datasets/data/train/speech/Actor_18/03-01-02-01-01-01-18.wav,train,speech,2,calm,normal,18,female,1,1
/mnt/d/career/projects/lightweight-speech-emotion-recognition-on-open-datasets/data/train/speech/Actor_18/03-01-02-01-01-02-18.wav,train,speech,2,calm,normal,18,female,1,2
/mnt/d/career/projects/lightweight-speech-emotion-recognition-on-open-datasets/data/train/speech/Actor_18/03-01-02-01-02-01-18.wav,train,speech,2,calm,normal,18,female,2,1
/mnt/d/career/projects/lightweight-speech-emotion-recognition-on-open-datasets/data/train/speech/Actor_18/03-01-02-01-02-02-18.wav,train,speech,2,calm,normal,18,female,2,2
/mnt/d/career/projects/lightweight-speech-emotion-recognition-on-open-datasets/data/train/speech/Actor_18/03-01-02-02-01-01-18.wav,train,speech,2,calm,strong,18,female,1,1
/mnt/d/career/projects/lightweight-speech-emotion-recognition-on-open-datasets/data/train/speech/Actor_18/03-01-02-02-01-02-18.wav,train,speech,2,calm,strong,18,female,1,2
/mnt/d/career/projects/lightweight-speech-emotion-recognition-on-open-datasets/data/train/speech/Actor_18/03-01-02-02-02-01-18.wav,train,speech,2,calm,strong,18,female,2,1
/mnt/d/career/projects/lightweight-speech-emotion-recognition-on-open-datasets/data/train/speech/Actor_18/03-01-02-02-02-02-18.wav,train,speech,2,calm,strong,18,female,2,2
/mnt/d/career/projects/lightweight-speech-emotion-recognition-on-open-datasets/data/train/speech/Actor_18/03-01-03-01-01-01-18.wav,train,speech,3,happy,normal,18,female,1,1
/mnt/d/career/projects/lightweight-speech-emotion-recognition-on-open-datasets/data/train/speech/Actor_18/03-01-03-01-01-02-18.wav,train,speech,3,happy,normal,18,female,1,2
/mnt/d/career/projects/lightweight-speech-emotion-recognition-on-open-datasets/data/train/speech/Actor_18/03-01-03-01-02-01-18.wav,train,speech,3,happy,normal,18,female,2,1
/mnt/d/career/projects/lightweight-speech-emotion-recognition-on-open-datasets/data/train/speech/Actor_18/03-01-03-01-02-02-18.wav,train,speech,3,happy,normal,18,female,2,2
/mnt/d/career/projects/lightweight-speech-emotion-recognition-on-open-datasets/data/train/speech/Actor_18/03-01-03-02-01-01-18.wav,train,speech,3,happy,strong,18,female,1,1
/mnt/d/career/projects/lightweight-speech-emotion-recognition-on-open-datasets/data/train/speech/Actor_18/03-01-03-02-01-02-18.wav,train,speech,3,happy,strong,18,female,1,2
/mnt/d/career/projects/lightweight-speech-emotion-recognition-on-open-datasets/data/train/speech/Actor_18/03-01-03-02-02-01-18.wav,train,speech,3,happy,strong,18,female,2,1
/mnt/d/career/projects/lightweight-speech-emotion-recognition-on-open-datasets/data/train/speech/Actor_18/03-01-03-02-02-02-18.wav,train,speech,3,happy,strong,18,female,2,2
/mnt/d/career/projects/lightweight-speech-emotion-recognition-on-open-datasets/data/train/speech/Actor_18/03-01-04-01-01-01-18.wav,train,speech,4,sad,normal,18,female,1,1
/mnt/d/career/projects/lightweight-speech-emotion-recognition-on-open-datasets/data/train/speech/Actor_18/03-01-04-01-01-02-18.wav,train,speech,4,sad,normal,18,female,1,2
/mnt/d/career/projects/lightweight-speech-emotion-recognition-on-open-datasets/data/train/speech/Actor_18/03-01-04-01-02-01-18.wav,train,speech,4,sad,normal,18,female,2,1
/mnt/d/career/projects/lightweight-speech-emotion-recognition-on-open-datasets/data/train/speech/Actor_18/03-01-04-01-02-02-18.wav,train,speech,4,sad,normal,18,female,2,2
/mnt/d/career/projects/lightweight-speech-emotion-recognition-on-open-datasets/data/train/speech/Actor_18/03-01-04-02-01-01-18.wav,train,speech,4,sad,strong,18,female,1,1
/mnt/d/career/projects/lightweight-speech-emotion-recognition-on-open-datasets/data/train/speech/Actor_18/03-01-04-02-01-02-18.wav,train,speech,4,sad,strong,18,female,1,2
/mnt/d/career/projects/lightweight-speech-emotion-recognition-on-open-datasets/data/train/speech/Actor_18/03-01-04-02-02-01-18.wav,train,speech,4,sad,strong,18,female,2,1
/mnt/d/career/projects/lightweight-speech-emotion-recognition-on-open-datasets/data/train/speech/Actor_18/03-01-04-02-02-02-18.wav,train,speech,4,sad,strong,18,female,2,2
/mnt/d/career/projects/lightweight-speech-emotion-recognition-on-open-datasets/data/train/speech/Actor_18/03-01-05-01-01-01-18.wav,train,speech,5,angry,normal,18,female,1,1
/mnt/d/career/projects/lightweight-speech-emotion-recognition-on-open-datasets/data/train/speech/Actor_18/03-01-05-01-01-02-18.wav,train,speech,5,angry,normal,18,female,1,2
/mnt/d/career/projects/lightweight-speech-emotion-recognition-on-open-datasets/data/train/speech/Actor_18/03-01-05-01-02-01-18.wav,train,speech,5,angry,normal,18,female,2,1
/mnt/d/career/projects/lightweight-speech-emotion-recognition-on-open-datasets/data/train/speech/Actor_18/03-01-05-01-02-02-18.wav,train,speech,5,angry,normal,18,female,2,2
/mnt/d/career/projects/lightweight-speech-emotion-recognition-on-open-datasets/data/train/speech/Actor_18/03-01-05-02-01-01-18.wav,train,speech,5,angry,strong,18,female,1,1
/mnt/d/career/projects/lightweight-speech-emotion-recognition-on-open-datasets/data/train/speech/Actor_18/03-01-05-02-01-02-18.wav,train,speech,5,angry,strong,18,female,1,2
/mnt/d/career/projects/lightweight-speech-emotion-recognition-on-open-datasets/data/train/speech/Actor_18/03-01-05-02-02-01-18.wav,train,speech,5,angry,strong,18,female,2,1
/mnt/d/career/projects/lightweight-speech-emotion-recognition-on-open-datasets/data/train/speech/Actor_18/03-01-05-02-02-02-18.wav,train,speech,5,angry,strong,18,female,2,2
/mnt/d/career/projects/lightweight-speech-emotion-recognition-on-open-datasets/data/train/speech/Actor_18/03-01-06-01-01-01-18.wav,train,speech,6,fearful,normal,18,female,1,1
/mnt/d/career/projects/lightweight-speech-emotion-recognition-on-open-datasets/data/train/speech/Actor_18/03-01-06-01-01-02-18.wav,train,speech,6,fearful,normal,18,female,1,2
/mnt/d/career/projects/lightweight-speech-emotion-recognition-on-open-datasets/data/train/speech/Actor_18/03-01-06-01-02-01-18.wav,train,speech,6,fearful,normal,18,female,2,1
/mnt/d/career/projects/lightweight-speech-emotion-recognition-on-open-datasets/data/train/speech/Actor_18/03-01-06-01-02-02-18.wav,train,speech,6,fearful,normal,18,female,2,2
/mnt/d/career/projects/lightweight-speech-emotion-recognition-on-open-datasets/data/train/speech/Actor_18/03-01-06-02-01-01-18.wav,train,speech,6,fearful,strong,18,female,1,1
/mnt/d/career/projects/lightweight-speech-emotion-recognition-on-open-datasets/data/train/speech/Actor_18/03-01-06-02-01-02-18.wav,train,speech,6,fearful,strong,18,female,1,2
/mnt/d/career/projects/lightweight-speech-emotion-recognition-on-open-datasets/data/train/speech/Actor_18/03-01-06-02-02-01-18.wav,train,speech,6,fearful,strong,18,female,2,1
/mnt/d/career/projects/lightweight-speech-emotion-recognition-on-open-datasets/data/train/speech/Actor_18/03-01-06-02-02-02-18.wav,train,speech,6,fearful,strong,18,female,2,2
/mnt/d/career/projects/lightweight-speech-emotion-recognition-on-open-datasets/data/train/speech/Actor_18/03-01-07-01-01-01-18.wav,train,speech,7,disgust,normal,18,female,1,1
/mnt/d/career/projects/lightweight-speech-emotion-recognition-on-open-datasets/data/train/speech/Actor_18/03-01-07-01-01-02-18.wav,train,speech,7,disgust,normal,18,female,1,2
/mnt/d/career/projects/lightweight-speech-emotion-recognition-on-open-datasets/data/train/speech/Actor_18/03-01-07-01-02-01-18.wav,train,speech,7,disgust,normal,18,female,2,1
/mnt/d/career/projects/lightweight-speech-emotion-recognition-on-open-datasets/data/train/speech/Actor_18/03-01-07-01-02-02-18.wav,train,speech,7,disgust,normal,18,female,2,2
/mnt/d/career/projects/lightweight-speech-emotion-recognition-on-open-datasets/data/train/speech/Actor_18/03-01-07-02-01-01-18.wav,train,speech,7,disgust,strong,18,female,1,1
/mnt/d/career/projects/lightweight-speech-emotion-recognition-on-open-datasets/data/train/speech/Actor_18/03-01-07-02-01-02-18.wav,train,speech,7,disgust,strong,18,female,1,2
/mnt/d/career/projects/lightweight-speech-emotion-recognition-on-open-datasets/data/train/speech/Actor_18/03-01-07-02-02-01-18.wav,train,speech,7,disgust,strong,18,female,2,1
/mnt/d/career/projects/lightweight-speech-emotion-recognition-on-open-datasets/data/train/speech/Actor_18/03-01-07-02-02-02-18.wav,train,speech,7,disgust,strong,18,female,2,2
/mnt/d/career/projects/lightweight-speech-emotion-recognition-on-open-datasets/data/train/speech/Actor_18/03-01-08-01-01-01-18.wav,train,speech,8,surprised,normal,18,female,1,1
/mnt/d/career/projects/lightweight-speech-emotion-recognition-on-open-datasets/data/train/speech/Actor_18/03-01-08-01-01-02-18.wav,train,speech,8,surprised,normal,18,female,1,2
/mnt/d/career/projects/lightweight-speech-emotion-recognition-on-open-datasets/data/train/speech/Actor_18/03-01-08-01-02-01-18.wav,train,speech,8,surprised,normal,18,female,2,1
/mnt/d/career/projects/lightweight-speech-emotion-recognition-on-open-datasets/data/train/speech/Actor_18/03-01-08-01-02-02-18.wav,train,speech,8,surprised,normal,18,female,2,2
/mnt/d/career/projects/lightweight-speech-emotion-recognition-on-open-datasets/data/train/speech/Actor_18/03-01-08-02-01-01-18.wav,train,speech,8,surprised,strong,18,female,1,1
/mnt/d/career/projects/lightweight-speech-emotion-recognition-on-open-datasets/data/train/speech/Actor_18/03-01-08-02-01-02-18.wav,train,speech,8,surprised,strong,18,female,1,2
/mnt/d/career/projects/lightweight-speech-emotion-recognition-on-open-datasets/data/train/speech/Actor_18/03-01-08-02-02-01-18.wav,train,speech,8,surprised,strong,18,female,2,1
/mnt/d/career/projects/lightweight-speech-emotion-recognition-on-open-datasets/data/train/speech/Actor_18/03-01-08-02-02-02-18.wav,train,speech,8,surprised,strong,18,female,2,2
/mnt/d/career/projects/lightweight-speech-emotion-recognition-on-open-datasets/data/train/speech/Actor_19/03-01-01-01-01-01-19.wav,train,speech,1,neutral,normal,19,male,1,1
/mnt/d/career/projects/lightweight-speech-emotion-recognition-on-open-datasets/data/train/speech/Actor_19/03-01-01-01-01-02-19.wav,train,speech,1,neutral,normal,19,male,1,2
/mnt/d/career/projects/lightweight-speech-emotion-recognition-on-open-datasets/data/train/speech/Actor_19/03-01-01-01-02-01-19.wav,train,speech,1,neutral,normal,19,male,2,1
/mnt/d/career/projects/lightweight-speech-emotion-recognition-on-open-datasets/data/train/speech/Actor_19/03-01-01-01-02-02-19.wav,train,speech,1,neutral,normal,19,male,2,2
/mnt/d/career/projects/lightweight-speech-emotion-recognition-on-open-datasets/data/train/speech/Actor_19/03-01-02-01-01-01-19.wav,train,speech,2,calm,normal,19,male,1,1
/mnt/d/career/projects/lightweight-speech-emotion-recognition-on-open-datasets/data/train/speech/Actor_19/03-01-02-01-01-02-19.wav,train,speech,2,calm,normal,19,male,1,2
/mnt/d/career/projects/lightweight-speech-emotion-recognition-on-open-datasets/data/train/speech/Actor_19/03-01-02-01-02-01-19.wav,train,speech,2,calm,normal,19,male,2,1
/mnt/d/career/projects/lightweight-speech-emotion-recognition-on-open-datasets/data/train/speech/Actor_19/03-01-02-01-02-02-19.wav,train,speech,2,calm,normal,19,male,2,2
/mnt/d/career/projects/lightweight-speech-emotion-recognition-on-open-datasets/data/train/speech/Actor_19/03-01-02-02-01-01-19.wav,train,speech,2,calm,strong,19,male,1,1
/mnt/d/career/projects/lightweight-speech-emotion-recognition-on-open-datasets/data/train/speech/Actor_19/03-01-02-02-01-02-19.wav,train,speech,2,calm,strong,19,male,1,2
/mnt/d/career/projects/lightweight-speech-emotion-recognition-on-open-datasets/data/train/speech/Actor_19/03-01-02-02-02-01-19.wav,train,speech,2,calm,strong,19,male,2,1
/mnt/d/career/projects/lightweight-speech-emotion-recognition-on-open-datasets/data/train/speech/Actor_19/03-01-02-02-02-02-19.wav,train,speech,2,calm,strong,19,male,2,2
/mnt/d/career/projects/lightweight-speech-emotion-recognition-on-open-datasets/data/train/speech/Actor_19/03-01-03-01-01-01-19.wav,train,speech,3,happy,normal,19,male,1,1
/mnt/d/career/projects/lightweight-speech-emotion-recognition-on-open-datasets/data/train/speech/Actor_19/03-01-03-01-01-02-19.wav,train,speech,3,happy,normal,19,male,1,2
/mnt/d/career/projects/lightweight-speech-emotion-recognition-on-open-datasets/data/train/speech/Actor_19/03-01-03-01-02-01-19.wav,train,speech,3,happy,normal,19,male,2,1
/mnt/d/career/projects/lightweight-speech-emotion-recognition-on-open-datasets/data/train/speech/Actor_19/03-01-03-01-02-02-19.wav,train,speech,3,happy,normal,19,male,2,2
/mnt/d/career/projects/lightweight-speech-emotion-recognition-on-open-datasets/data/train/speech/Actor_19/03-01-03-02-01-01-19.wav,train,speech,3,happy,strong,19,male,1,1
/mnt/d/career/projects/lightweight-speech-emotion-recognition-on-open-datasets/data/train/speech/Actor_19/03-01-03-02-01-02-19.wav,train,speech,3,happy,strong,19,male,1,2
/mnt/d/career/projects/lightweight-speech-emotion-recognition-on-open-datasets/data/train/speech/Actor_19/03-01-03-02-02-01-19.wav,train,speech,3,happy,strong,19,male,2,1
/mnt/d/career/projects/lightweight-speech-emotion-recognition-on-open-datasets/data/train/speech/Actor_19/03-01-03-02-02-02-19.wav,train,speech,3,happy,strong,19,male,2,2
/mnt/d/career/projects/lightweight-speech-emotion-recognition-on-open-datasets/data/train/speech/Actor_19/03-01-04-01-01-01-19.wav,train,speech,4,sad,normal,19,male,1,1
/mnt/d/career/projects/lightweight-speech-emotion-recognition-on-open-datasets/data/train/speech/Actor_19/03-01-04-01-01-02-19.wav,train,speech,4,sad,normal,19,male,1,2
/mnt/d/career/projects/lightweight-speech-emotion-recognition-on-open-datasets/data/train/speech/Actor_19/03-01-04-01-02-01-19.wav,train,speech,4,sad,normal,19,male,2,1
/mnt/d/career/projects/lightweight-speech-emotion-recognition-on-open-datasets/data/train/speech/Actor_19/03-01-04-01-02-02-19.wav,train,speech,4,sad,normal,19,male,2,2
/mnt/d/career/projects/lightweight-speech-emotion-recognition-on-open-datasets/data/train/speech/Actor_19/03-01-04-02-01-01-19.wav,train,speech,4,sad,strong,19,male,1,1
/mnt/d/career/projects/lightweight-speech-emotion-recognition-on-open-datasets/data/train/speech/Actor_19/03-01-04-02-01-02-19.wav,train,speech,4,sad,strong,19,male,1,2
/mnt/d/career/projects/lightweight-speech-emotion-recognition-on-open-datasets/data/train/speech/Actor_19/03-01-04-02-02-01-19.wav,train,speech,4,sad,strong,19,male,2,1
/mnt/d/career/projects/lightweight-speech-emotion-recognition-on-open-datasets/data/train/speech/Actor_19/03-01-04-02-02-02-19.wav,train,speech,4,sad,strong,19,male,2,2
/mnt/d/career/projects/lightweight-speech-emotion-recognition-on-open-datasets/data/train/speech/Actor_19/03-01-05-01-01-01-19.wav,train,speech,5,angry,normal,19,male,1,1
/mnt/d/career/projects/lightweight-speech-emotion-recognition-on-open-datasets/data/train/speech/Actor_19/03-01-05-01-01-02-19.wav,train,speech,5,angry,normal,19,male,1,2
/mnt/d/career/projects/lightweight-speech-emotion-recognition-on-open-datasets/data/train/speech/Actor_19/03-01-05-01-02-01-19.wav,train,speech,5,angry,normal,19,male,2,1
/mnt/d/career/projects/lightweight-speech-emotion-recognition-on-open-datasets/data/train/speech/Actor_19/03-01-05-01-02-02-19.wav,train,speech,5,angry,normal,19,male,2,2
/mnt/d/career/projects/lightweight-speech-emotion-recognition-on-open-datasets/data/train/speech/Actor_19/03-01-05-02-01-01-19.wav,train,speech,5,angry,strong,19,male,1,1
/mnt/d/career/projects/lightweight-speech-emotion-recognition-on-open-datasets/data/train/speech/Actor_19/03-01-05-02-01-02-19.wav,train,speech,5,angry,strong,19,male,1,2
/mnt/d/career/projects/lightweight-speech-emotion-recognition-on-open-datasets/data/train/speech/Actor_19/03-01-05-02-02-01-19.wav,train,speech,5,angry,strong,19,male,2,1
/mnt/d/career/projects/lightweight-speech-emotion-recognition-on-open-datasets/data/train/speech/Actor_19/03-01-05-02-02-02-19.wav,train,speech,5,angry,strong,19,male,2,2
/mnt/d/career/projects/lightweight-speech-emotion-recognition-on-open-datasets/data/train/speech/Actor_19/03-01-06-01-01-01-19.wav,train,speech,6,fearful,normal,19,male,1,1
/mnt/d/career/projects/lightweight-speech-emotion-recognition-on-open-datasets/data/train/speech/Actor_19/03-01-06-01-01-02-19.wav,train,speech,6,fearful,normal,19,male,1,2
/mnt/d/career/projects/lightweight-speech-emotion-recognition-on-open-datasets/data/train/speech/Actor_19/03-01-06-01-02-01-19.wav,train,speech,6,fearful,normal,19,male,2,1
/mnt/d/career/projects/lightweight-speech-emotion-recognition-on-open-datasets/data/train/speech/Actor_19/03-01-06-01-02-02-19.wav,train,speech,6,fearful,normal,19,male,2,2
/mnt/d/career/projects/lightweight-speech-emotion-recognition-on-open-datasets/data/train/speech/Actor_19/03-01-06-02-01-01-19.wav,train,speech,6,fearful,strong,19,male,1,1
/mnt/d/career/projects/lightweight-speech-emotion-recognition-on-open-datasets/data/train/speech/Actor_19/03-01-06-02-01-02-19.wav,train,speech,6,fearful,strong,19,male,1,2
/mnt/d/career/projects/lightweight-speech-emotion-recognition-on-open-datasets/data/train/speech/Actor_19/03-01-06-02-02-01-19.wav,train,speech,6,fearful,strong,19,male,2,1
/mnt/d/career/projects/lightweight-speech-emotion-recognition-on-open-datasets/data/train/speech/Actor_19/03-01-06-02-02-02-19.wav,train,speech,6,fearful,strong,19,male,2,2
/mnt/d/career/projects/lightweight-speech-emotion-recognition-on-open-datasets/data/train/speech/Actor_19/03-01-07-01-01-01-19.wav,train,speech,7,disgust,normal,19,male,1,1
/mnt/d/career/projects/lightweight-speech-emotion-recognition-on-open-datasets/data/train/speech/Actor_19/03-01-07-01-01-02-19.wav,train,speech,7,disgust,normal,19,male,1,2
/mnt/d/career/projects/lightweight-speech-emotion-recognition-on-open-datasets/data/train/speech/Actor_19/03-01-07-01-02-01-19.wav,train,speech,7,disgust,normal,19,male,2,1
/mnt/d/career/projects/lightweight-speech-emotion-recognition-on-open-datasets/data/train/speech/Actor_19/03-01-07-01-02-02-19.wav,train,speech,7,disgust,normal,19,male,2,2
/mnt/d/career/projects/lightweight-speech-emotion-recognition-on-open-datasets/data/train/speech/Actor_19/03-01-07-02-01-01-19.wav,train,speech,7,disgust,strong,19,male,1,1
/mnt/d/career/projects/lightweight-speech-emotion-recognition-on-open-datasets/data/train/speech/Actor_19/03-01-07-02-01-02-19.wav,train,speech,7,disgust,strong,19,male,1,2
/mnt/d/career/projects/lightweight-speech-emotion-recognition-on-open-datasets/data/train/speech/Actor_19/03-01-07-02-02-01-19.wav,train,speech,7,disgust,strong,19,male,2,1
/mnt/d/career/projects/lightweight-speech-emotion-recognition-on-open-datasets/data/train/speech/Actor_19/03-01-07-02-02-02-19.wav,train,speech,7,disgust,strong,19,male,2,2
/mnt/d/career/projects/lightweight-speech-emotion-recognition-on-open-datasets/data/train/speech/Actor_19/03-01-08-01-01-01-19.wav,train,speech,8,surprised,normal,19,male,1,1
/mnt/d/career/projects/lightweight-speech-emotion-recognition-on-open-datasets/data/train/speech/Actor_19/03-01-08-01-01-02-19.wav,train,speech,8,surprised,normal,19,male,1,2
/mnt/d/career/projects/lightweight-speech-emotion-recognition-on-open-datasets/data/train/speech/Actor_19/03-01-08-01-02-01-19.wav,train,speech,8,surprised,normal,19,male,2,1
/mnt/d/career/projects/lightweight-speech-emotion-recognition-on-open-datasets/data/train/speech/Actor_19/03-01-08-01-02-02-19.wav,train,speech,8,surprised,normal,19,male,2,2
/mnt/d/career/projects/lightweight-speech-emotion-recognition-on-open-datasets/data/train/speech/Actor_19/03-01-08-02-01-01-19.wav,train,speech,8,surprised,strong,19,male,1,1
/mnt/d/career/projects/lightweight-speech-emotion-recognition-on-open-datasets/data/train/speech/Actor_19/03-01-08-02-01-02-19.wav,train,speech,8,surprised,strong,19,male,1,2
/mnt/d/career/projects/lightweight-speech-emotion-recognition-on-open-datasets/data/train/speech/Actor_19/03-01-08-02-02-01-19.wav,train,speech,8,surprised,strong,19,male,2,1
/mnt/d/career/projects/lightweight-speech-emotion-recognition-on-open-datasets/data/train/speech/Actor_19/03-01-08-02-02-02-19.wav,train,speech,8,surprised,strong,19,male,2,2
/mnt/d/career/projects/lightweight-speech-emotion-recognition-on-open-datasets/data/val/speech/Actor_20/03-01-01-01-01-01-20.wav,val,speech,1,neutral,normal,20,female,1,1
/mnt/d/career/projects/lightweight-speech-emotion-recognition-on-open-datasets/data/val/speech/Actor_20/03-01-01-01-01-02-20.wav,val,speech,1,neutral,normal,20,female,1,2
/mnt/d/career/projects/lightweight-speech-emotion-recognition-on-open-datasets/data/val/speech/Actor_20/03-01-01-01-02-01-20.wav,val,speech,1,neutral,normal,20,female,2,1
/mnt/d/career/projects/lightweight-speech-emotion-recognition-on-open-datasets/data/val/speech/Actor_20/03-01-01-01-02-02-20.wav,val,speech,1,neutral,normal,20,female,2,2
/mnt/d/career/projects/lightweight-speech-emotion-recognition-on-open-datasets/data/val/speech/Actor_20/03-01-02-01-01-01-20.wav,val,speech,2,calm,normal,20,female,1,1
/mnt/d/career/projects/lightweight-speech-emotion-recognition-on-open-datasets/data/val/speech/Actor_20/03-01-02-01-01-02-20.wav,val,speech,2,calm,normal,20,female,1,2
/mnt/d/career/projects/lightweight-speech-emotion-recognition-on-open-datasets/data/val/speech/Actor_20/03-01-02-01-02-01-20.wav,val,speech,2,calm,normal,20,female,2,1
/mnt/d/career/projects/lightweight-speech-emotion-recognition-on-open-datasets/data/val/speech/Actor_20/03-01-02-01-02-02-20.wav,val,speech,2,calm,normal,20,female,2,2
/mnt/d/career/projects/lightweight-speech-emotion-recognition-on-open-datasets/data/val/speech/Actor_20/03-01-02-02-01-01-20.wav,val,speech,2,calm,strong,20,female,1,1
/mnt/d/career/projects/lightweight-speech-emotion-recognition-on-open-datasets/data/val/speech/Actor_20/03-01-02-02-01-02-20.wav,val,speech,2,calm,strong,20,female,1,2
/mnt/d/career/projects/lightweight-speech-emotion-recognition-on-open-datasets/data/val/speech/Actor_20/03-01-02-02-02-01-20.wav,val,speech,2,calm,strong,20,female,2,1
/mnt/d/career/projects/lightweight-speech-emotion-recognition-on-open-datasets/data/val/speech/Actor_20/03-01-02-02-02-02-20.wav,val,speech,2,calm,strong,20,female,2,2
/mnt/d/career/projects/lightweight-speech-emotion-recognition-on-open-datasets/data/val/speech/Actor_20/03-01-03-01-01-01-20.wav,val,speech,3,happy,normal,20,female,1,1
/mnt/d/career/projects/lightweight-speech-emotion-recognition-on-open-datasets/data/val/speech/Actor_20/03-01-03-01-01-02-20.wav,val,speech,3,happy,normal,20,female,1,2
/mnt/d/career/projects/lightweight-speech-emotion-recognition-on-open-datasets/data/val/speech/Actor_20/03-01-03-01-02-01-20.wav,val,speech,3,happy,normal,20,female,2,1
/mnt/d/career/projects/lightweight-speech-emotion-recognition-on-open-datasets/data/val/speech/Actor_20/03-01-03-01-02-02-20.wav,val,speech,3,happy,normal,20,female,2,2
/mnt/d/career/projects/lightweight-speech-emotion-recognition-on-open-datasets/data/val/speech/Actor_20/03-01-03-02-01-01-20.wav,val,speech,3,happy,strong,20,female,1,1
/mnt/d/career/projects/lightweight-speech-emotion-recognition-on-open-datasets/data/val/speech/Actor_20/03-01-03-02-01-02-20.wav,val,speech,3,happy,strong,20,female,1,2
/mnt/d/career/projects/lightweight-speech-emotion-recognition-on-open-datasets/data/val/speech/Actor_20/03-01-03-02-02-01-20.wav,val,speech,3,happy,strong,20,female,2,1
/mnt/d/career/projects/lightweight-speech-emotion-recognition-on-open-datasets/data/val/speech/Actor_20/03-01-03-02-02-02-20.wav,val,speech,3,happy,strong,20,female,2,2
/mnt/d/career/projects/lightweight-speech-emotion-recognition-on-open-datasets/data/val/speech/Actor_20/03-01-04-01-01-01-20.wav,val,speech,4,sad,normal,20,female,1,1
/mnt/d/career/projects/lightweight-speech-emotion-recognition-on-open-datasets/data/val/speech/Actor_20/03-01-04-01-01-02-20.wav,val,speech,4,sad,normal,20,female,1,2
/mnt/d/career/projects/lightweight-speech-emotion-recognition-on-open-datasets/data/val/speech/Actor_20/03-01-04-01-02-01-20.wav,val,speech,4,sad,normal,20,female,2,1
/mnt/d/career/projects/lightweight-speech-emotion-recognition-on-open-datasets/data/val/speech/Actor_20/03-01-04-01-02-02-20.wav,val,speech,4,sad,normal,20,female,2,2
/mnt/d/career/projects/lightweight-speech-emotion-recognition-on-open-datasets/data/val/speech/Actor_20/03-01-04-02-01-01-20.wav,val,speech,4,sad,strong,20,female,1,1
/mnt/d/career/projects/lightweight-speech-emotion-recognition-on-open-datasets/data/val/speech/Actor_20/03-01-04-02-01-02-20.wav,val,speech,4,sad,strong,20,female,1,2
/mnt/d/career/projects/lightweight-speech-emotion-recognition-on-open-datasets/data/val/speech/Actor_20/03-01-04-02-02-01-20.wav,val,speech,4,sad,strong,20,female,2,1
/mnt/d/career/projects/lightweight-speech-emotion-recognition-on-open-datasets/data/val/speech/Actor_20/03-01-04-02-02-02-20.wav,val,speech,4,sad,strong,20,female,2,2
/mnt/d/career/projects/lightweight-speech-emotion-recognition-on-open-datasets/data/val/speech/Actor_20/03-01-05-01-01-01-20.wav,val,speech,5,angry,normal,20,female,1,1
/mnt/d/career/projects/lightweight-speech-emotion-recognition-on-open-datasets/data/val/speech/Actor_20/03-01-05-01-01-02-20.wav,val,speech,5,angry,normal,20,female,1,2
/mnt/d/career/projects/lightweight-speech-emotion-recognition-on-open-datasets/data/val/speech/Actor_20/03-01-05-01-02-01-20.wav,val,speech,5,angry,normal,20,female,2,1
/mnt/d/career/projects/lightweight-speech-emotion-recognition-on-open-datasets/data/val/speech/Actor_20/03-01-05-01-02-02-20.wav,val,speech,5,angry,normal,20,female,2,2
/mnt/d/career/projects/lightweight-speech-emotion-recognition-on-open-datasets/data/val/speech/Actor_20/03-01-05-02-01-01-20.wav,val,speech,5,angry,strong,20,female,1,1
/mnt/d/career/projects/lightweight-speech-emotion-recognition-on-open-datasets/data/val/speech/Actor_20/03-01-05-02-01-02-20.wav,val,speech,5,angry,strong,20,female,1,2
/mnt/d/career/projects/lightweight-speech-emotion-recognition-on-open-datasets/data/val/speech/Actor_20/03-01-05-02-02-01-20.wav,val,speech,5,angry,strong,20,female,2,1
/mnt/d/career/projects/lightweight-speech-emotion-recognition-on-open-datasets/data/val/speech/Actor_20/03-01-05-02-02-02-20.wav,val,speech,5,angry,strong,20,female,2,2
/mnt/d/career/projects/lightweight-speech-emotion-recognition-on-open-datasets/data/val/speech/Actor_20/03-01-06-01-01-01-20.wav,val,speech,6,fearful,normal,20,female,1,1
/mnt/d/career/projects/lightweight-speech-emotion-recognition-on-open-datasets/data/val/speech/Actor_20/03-01-06-01-01-02-20.wav,val,speech,6,fearful,normal,20,female,1,2
/mnt/d/career/projects/lightweight-speech-emotion-recognition-on-open-datasets/data/val/speech/Actor_20/03-01-06-01-02-01-20.wav,val,speech,6,fearful,normal,20,female,2,1
/mnt/d/career/projects/lightweight-speech-emotion-recognition-on-open-datasets/data/val/speech/Actor_20/03-01-06-01-02-02-20.wav,val,speech,6,fearful,normal,20,female,2,2
/mnt/d/career/projects/lightweight-speech-emotion-recognition-on-open-datasets/data/val/speech/Actor_20/03-01-06-02-01-01-20.wav,val,speech,6,fearful,strong,20,female,1,1
/mnt/d/career/projects/lightweight-speech-emotion-recognition-on-open-datasets/data/val/speech/Actor_20/03-01-06-02-01-02-20.wav,val,speech,6,fearful,strong,20,female,1,2
/mnt/d/career/projects/lightweight-speech-emotion-recognition-on-open-datasets/data/val/speech/Actor_20/03-01-06-02-02-01-20.wav,val,speech,6,fearful,strong,20,female,2,1
/mnt/d/career/projects/lightweight-speech-emotion-recognition-on-open-datasets/data/val/speech/Actor_20/03-01-06-02-02-02-20.wav,val,speech,6,fearful,strong,20,female,2,2
/mnt/d/career/projects/lightweight-speech-emotion-recognition-on-open-datasets/data/val/speech/Actor_20/03-01-07-01-01-01-20.wav,val,speech,7,disgust,normal,20,female,1,1
/mnt/d/career/projects/lightweight-speech-emotion-recognition-on-open-datasets/data/val/speech/Actor_20/03-01-07-01-01-02-20.wav,val,speech,7,disgust,normal,20,female,1,2
/mnt/d/career/projects/lightweight-speech-emotion-recognition-on-open-datasets/data/val/speech/Actor_20/03-01-07-01-02-01-20.wav,val,speech,7,disgust,normal,20,female,2,1
/mnt/d/career/projects/lightweight-speech-emotion-recognition-on-open-datasets/data/val/speech/Actor_20/03-01-07-01-02-02-20.wav,val,speech,7,disgust,normal,20,female,2,2
/mnt/d/career/projects/lightweight-speech-emotion-recognition-on-open-datasets/data/val/speech/Actor_20/03-01-07-02-01-01-20.wav,val,speech,7,disgust,strong,20,female,1,1
/mnt/d/career/projects/lightweight-speech-emotion-recognition-on-open-datasets/data/val/speech/Actor_20/03-01-07-02-01-02-20.wav,val,speech,7,disgust,strong,20,female,1,2
/mnt/d/career/projects/lightweight-speech-emotion-recognition-on-open-datasets/data/val/speech/Actor_20/03-01-07-02-02-01-20.wav,val,speech,7,disgust,strong,20,female,2,1
/mnt/d/career/projects/lightweight-speech-emotion-recognition-on-open-datasets/data/val/speech/Actor_20/03-01-07-02-02-02-20.wav,val,speech,7,disgust,strong,20,female,2,2
/mnt/d/career/projects/lightweight-speech-emotion-recognition-on-open-datasets/data/val/speech/Actor_20/03-01-08-01-01-01-20.wav,val,speech,8,surprised,normal,20,female,1,1
/mnt/d/career/projects/lightweight-speech-emotion-recognition-on-open-datasets/data/val/speech/Actor_20/03-01-08-01-01-02-20.wav,val,speech,8,surprised,normal,20,female,1,2
/mnt/d/career/projects/lightweight-speech-emotion-recognition-on-open-datasets/data/val/speech/Actor_20/03-01-08-01-02-01-20.wav,val,speech,8,surprised,normal,20,female,2,1
/mnt/d/career/projects/lightweight-speech-emotion-recognition-on-open-datasets/data/val/speech/Actor_20/03-01-08-01-02-02-20.wav,val,speech,8,surprised,normal,20,female,2,2
/mnt/d/career/projects/lightweight-speech-emotion-recognition-on-open-datasets/data/val/speech/Actor_20/03-01-08-02-01-01-20.wav,val,speech,8,surprised,strong,20,female,1,1
/mnt/d/career/projects/lightweight-speech-emotion-recognition-on-open-datasets/data/val/speech/Actor_20/03-01-08-02-01-02-20.wav,val,speech,8,surprised,strong,20,female,1,2
/mnt/d/career/projects/lightweight-speech-emotion-recognition-on-open-datasets/data/val/speech/Actor_20/03-01-08-02-02-01-20.wav,val,speech,8,surprised,strong,20,female,2,1
/mnt/d/career/projects/lightweight-speech-emotion-recognition-on-open-datasets/data/val/speech/Actor_20/03-01-08-02-02-02-20.wav,val,speech,8,surprised,strong,20,female,2,2
/mnt/d/career/projects/lightweight-speech-emotion-recognition-on-open-datasets/data/val/speech/Actor_21/03-01-01-01-01-01-21.wav,val,speech,1,neutral,normal,21,male,1,1
/mnt/d/career/projects/lightweight-speech-emotion-recognition-on-open-datasets/data/val/speech/Actor_21/03-01-01-01-01-02-21.wav,val,speech,1,neutral,normal,21,male,1,2
/mnt/d/career/projects/lightweight-speech-emotion-recognition-on-open-datasets/data/val/speech/Actor_21/03-01-01-01-02-01-21.wav,val,speech,1,neutral,normal,21,male,2,1
/mnt/d/career/projects/lightweight-speech-emotion-recognition-on-open-datasets/data/val/speech/Actor_21/03-01-01-01-02-02-21.wav,val,speech,1,neutral,normal,21,male,2,2
/mnt/d/career/projects/lightweight-speech-emotion-recognition-on-open-datasets/data/val/speech/Actor_21/03-01-02-01-01-01-21.wav,val,speech,2,calm,normal,21,male,1,1
/mnt/d/career/projects/lightweight-speech-emotion-recognition-on-open-datasets/data/val/speech/Actor_21/03-01-02-01-01-02-21.wav,val,speech,2,calm,normal,21,male,1,2
/mnt/d/career/projects/lightweight-speech-emotion-recognition-on-open-datasets/data/val/speech/Actor_21/03-01-02-01-02-01-21.wav,val,speech,2,calm,normal,21,male,2,1
/mnt/d/career/projects/lightweight-speech-emotion-recognition-on-open-datasets/data/val/speech/Actor_21/03-01-02-01-02-02-21.wav,val,speech,2,calm,normal,21,male,2,2
/mnt/d/career/projects/lightweight-speech-emotion-recognition-on-open-datasets/data/val/speech/Actor_21/03-01-02-02-01-01-21.wav,val,speech,2,calm,strong,21,male,1,1
/mnt/d/career/projects/lightweight-speech-emotion-recognition-on-open-datasets/data/val/speech/Actor_21/03-01-02-02-01-02-21.wav,val,speech,2,calm,strong,21,male,1,2
/mnt/d/career/projects/lightweight-speech-emotion-recognition-on-open-datasets/data/val/speech/Actor_21/03-01-02-02-02-01-21.wav,val,speech,2,calm,strong,21,male,2,1
/mnt/d/career/projects/lightweight-speech-emotion-recognition-on-open-datasets/data/val/speech/Actor_21/03-01-02-02-02-02-21.wav,val,speech,2,calm,strong,21,male,2,2
/mnt/d/career/projects/lightweight-speech-emotion-recognition-on-open-datasets/data/val/speech/Actor_21/03-01-03-01-01-01-21.wav,val,speech,3,happy,normal,21,male,1,1
/mnt/d/career/projects/lightweight-speech-emotion-recognition-on-open-datasets/data/val/speech/Actor_21/03-01-03-01-01-02-21.wav,val,speech,3,happy,normal,21,male,1,2
/mnt/d/career/projects/lightweight-speech-emotion-recognition-on-open-datasets/data/val/speech/Actor_21/03-01-03-01-02-01-21.wav,val,speech,3,happy,normal,21,male,2,1
/mnt/d/career/projects/lightweight-speech-emotion-recognition-on-open-datasets/data/val/speech/Actor_21/03-01-03-01-02-02-21.wav,val,speech,3,happy,normal,21,male,2,2
/mnt/d/career/projects/lightweight-speech-emotion-recognition-on-open-datasets/data/val/speech/Actor_21/03-01-03-02-01-01-21.wav,val,speech,3,happy,strong,21,male,1,1
/mnt/d/career/projects/lightweight-speech-emotion-recognition-on-open-datasets/data/val/speech/Actor_21/03-01-03-02-01-02-21.wav,val,speech,3,happy,strong,21,male,1,2
/mnt/d/career/projects/lightweight-speech-emotion-recognition-on-open-datasets/data/val/speech/Actor_21/03-01-03-02-02-01-21.wav,val,speech,3,happy,strong,21,male,2,1
/mnt/d/career/projects/lightweight-speech-emotion-recognition-on-open-datasets/data/val/speech/Actor_21/03-01-03-02-02-02-21.wav,val,speech,3,happy,strong,21,male,2,2
/mnt/d/career/projects/lightweight-speech-emotion-recognition-on-open-datasets/data/val/speech/Actor_21/03-01-04-01-01-01-21.wav,val,speech,4,sad,normal,21,male,1,1
/mnt/d/career/projects/lightweight-speech-emotion-recognition-on-open-datasets/data/val/speech/Actor_21/03-01-04-01-01-02-21.wav,val,speech,4,sad,normal,21,male,1,2
/mnt/d/career/projects/lightweight-speech-emotion-recognition-on-open-datasets/data/val/speech/Actor_21/03-01-04-01-02-01-21.wav,val,speech,4,sad,normal,21,male,2,1
/mnt/d/career/projects/lightweight-speech-emotion-recognition-on-open-datasets/data/val/speech/Actor_21/03-01-04-01-02-02-21.wav,val,speech,4,sad,normal,21,male,2,2
/mnt/d/career/projects/lightweight-speech-emotion-recognition-on-open-datasets/data/val/speech/Actor_21/03-01-04-02-01-01-21.wav,val,speech,4,sad,strong,21,male,1,1
/mnt/d/career/projects/lightweight-speech-emotion-recognition-on-open-datasets/data/val/speech/Actor_21/03-01-04-02-01-02-21.wav,val,speech,4,sad,strong,21,male,1,2
/mnt/d/career/projects/lightweight-speech-emotion-recognition-on-open-datasets/data/val/speech/Actor_21/03-01-04-02-02-01-21.wav,val,speech,4,sad,strong,21,male,2,1
/mnt/d/career/projects/lightweight-speech-emotion-recognition-on-open-datasets/data/val/speech/Actor_21/03-01-04-02-02-02-21.wav,val,speech,4,sad,strong,21,male,2,2
/mnt/d/career/projects/lightweight-speech-emotion-recognition-on-open-datasets/data/val/speech/Actor_21/03-01-05-01-01-01-21.wav,val,speech,5,angry,normal,21,male,1,1
/mnt/d/career/projects/lightweight-speech-emotion-recognition-on-open-datasets/data/val/speech/Actor_21/03-01-05-01-01-02-21.wav,val,speech,5,angry,normal,21,male,1,2
/mnt/d/career/projects/lightweight-speech-emotion-recognition-on-open-datasets/data/val/speech/Actor_21/03-01-05-01-02-01-21.wav,val,speech,5,angry,normal,21,male,2,1
/mnt/d/career/projects/lightweight-speech-emotion-recognition-on-open-datasets/data/val/speech/Actor_21/03-01-05-01-02-02-21.wav,val,speech,5,angry,normal,21,male,2,2
/mnt/d/career/projects/lightweight-speech-emotion-recognition-on-open-datasets/data/val/speech/Actor_21/03-01-05-02-01-01-21.wav,val,speech,5,angry,strong,21,male,1,1
/mnt/d/career/projects/lightweight-speech-emotion-recognition-on-open-datasets/data/val/speech/Actor_21/03-01-05-02-01-02-21.wav,val,speech,5,angry,strong,21,male,1,2
/mnt/d/career/projects/lightweight-speech-emotion-recognition-on-open-datasets/data/val/speech/Actor_21/03-01-05-02-02-01-21.wav,val,speech,5,angry,strong,21,male,2,1
/mnt/d/career/projects/lightweight-speech-emotion-recognition-on-open-datasets/data/val/speech/Actor_21/03-01-05-02-02-02-21.wav,val,speech,5,angry,strong,21,male,2,2
/mnt/d/career/projects/lightweight-speech-emotion-recognition-on-open-datasets/data/val/speech/Actor_21/03-01-06-01-01-01-21.wav,val,speech,6,fearful,normal,21,male,1,1
/mnt/d/career/projects/lightweight-speech-emotion-recognition-on-open-datasets/data/val/speech/Actor_21/03-01-06-01-01-02-21.wav,val,speech,6,fearful,normal,21,male,1,2
/mnt/d/career/projects/lightweight-speech-emotion-recognition-on-open-datasets/data/val/speech/Actor_21/03-01-06-01-02-01-21.wav,val,speech,6,fearful,normal,21,male,2,1
/mnt/d/career/projects/lightweight-speech-emotion-recognition-on-open-datasets/data/val/speech/Actor_21/03-01-06-01-02-02-21.wav,val,speech,6,fearful,normal,21,male,2,2
/mnt/d/career/projects/lightweight-speech-emotion-recognition-on-open-datasets/data/val/speech/Actor_21/03-01-06-02-01-01-21.wav,val,speech,6,fearful,strong,21,male,1,1
/mnt/d/career/projects/lightweight-speech-emotion-recognition-on-open-datasets/data/val/speech/Actor_21/03-01-06-02-01-02-21.wav,val,speech,6,fearful,strong,21,male,1,2
/mnt/d/career/projects/lightweight-speech-emotion-recognition-on-open-datasets/data/val/speech/Actor_21/03-01-06-02-02-01-21.wav,val,speech,6,fearful,strong,21,male,2,1
/mnt/d/career/projects/lightweight-speech-emotion-recognition-on-open-datasets/data/val/speech/Actor_21/03-01-06-02-02-02-21.wav,val,speech,6,fearful,strong,21,male,2,2
/mnt/d/career/projects/lightweight-speech-emotion-recognition-on-open-datasets/data/val/speech/Actor_21/03-01-07-01-01-01-21.wav,val,speech,7,disgust,normal,21,male,1,1
/mnt/d/career/projects/lightweight-speech-emotion-recognition-on-open-datasets/data/val/speech/Actor_21/03-01-07-01-01-02-21.wav,val,speech,7,disgust,normal,21,male,1,2
/mnt/d/career/projects/lightweight-speech-emotion-recognition-on-open-datasets/data/val/speech/Actor_21/03-01-07-01-02-01-21.wav,val,speech,7,disgust,normal,21,male,2,1
/mnt/d/career/projects/lightweight-speech-emotion-recognition-on-open-datasets/data/val/speech/Actor_21/03-01-07-01-02-02-21.wav,val,speech,7,disgust,normal,21,male,2,2
/mnt/d/career/projects/lightweight-speech-emotion-recognition-on-open-datasets/data/val/speech/Actor_21/03-01-07-02-01-01-21.wav,val,speech,7,disgust,strong,21,male,1,1
/mnt/d/career/projects/lightweight-speech-emotion-recognition-on-open-datasets/data/val/speech/Actor_21/03-01-07-02-01-02-21.wav,val,speech,7,disgust,strong,21,male,1,2
/mnt/d/career/projects/lightweight-speech-emotion-recognition-on-open-datasets/data/val/speech/Actor_21/03-01-07-02-02-01-21.wav,val,speech,7,disgust,strong,21,male,2,1
/mnt/d/career/projects/lightweight-speech-emotion-recognition-on-open-datasets/data/val/speech/Actor_21/03-01-07-02-02-02-21.wav,val,speech,7,disgust,strong,21,male,2,2
/mnt/d/career/projects/lightweight-speech-emotion-recognition-on-open-datasets/data/val/speech/Actor_21/03-01-08-01-01-01-21.wav,val,speech,8,surprised,normal,21,male,1,1
/mnt/d/career/projects/lightweight-speech-emotion-recognition-on-open-datasets/data/val/speech/Actor_21/03-01-08-01-01-02-21.wav,val,speech,8,surprised,normal,21,male,1,2
/mnt/d/career/projects/lightweight-speech-emotion-recognition-on-open-datasets/data/val/speech/Actor_21/03-01-08-01-02-01-21.wav,val,speech,8,surprised,normal,21,male,2,1
/mnt/d/career/projects/lightweight-speech-emotion-recognition-on-open-datasets/data/val/speech/Actor_21/03-01-08-01-02-02-21.wav,val,speech,8,surprised,normal,21,male,2,2
/mnt/d/career/projects/lightweight-speech-emotion-recognition-on-open-datasets/data/val/speech/Actor_21/03-01-08-02-01-01-21.wav,val,speech,8,surprised,strong,21,male,1,1
/mnt/d/career/projects/lightweight-speech-emotion-recognition-on-open-datasets/data/val/speech/Actor_21/03-01-08-02-01-02-21.wav,val,speech,8,surprised,strong,21,male,1,2
/mnt/d/career/projects/lightweight-speech-emotion-recognition-on-open-datasets/data/val/speech/Actor_21/03-01-08-02-02-01-21.wav,val,speech,8,surprised,strong,21,male,2,1
/mnt/d/career/projects/lightweight-speech-emotion-recognition-on-open-datasets/data/val/speech/Actor_21/03-01-08-02-02-02-21.wav,val,speech,8,surprised,strong,21,male,2,2
/mnt/d/career/projects/lightweight-speech-emotion-recognition-on-open-datasets/data/val/speech/Actor_22/03-01-01-01-01-01-22.wav,val,speech,1,neutral,normal,22,female,1,1
/mnt/d/career/projects/lightweight-speech-emotion-recognition-on-open-datasets/data/val/speech/Actor_22/03-01-01-01-01-02-22.wav,val,speech,1,neutral,normal,22,female,1,2
/mnt/d/career/projects/lightweight-speech-emotion-recognition-on-open-datasets/data/val/speech/Actor_22/03-01-01-01-02-01-22.wav,val,speech,1,neutral,normal,22,female,2,1
/mnt/d/career/projects/lightweight-speech-emotion-recognition-on-open-datasets/data/val/speech/Actor_22/03-01-01-01-02-02-22.wav,val,speech,1,neutral,normal,22,female,2,2
/mnt/d/career/projects/lightweight-speech-emotion-recognition-on-open-datasets/data/val/speech/Actor_22/03-01-02-01-01-01-22.wav,val,speech,2,calm,normal,22,female,1,1
/mnt/d/career/projects/lightweight-speech-emotion-recognition-on-open-datasets/data/val/speech/Actor_22/03-01-02-01-01-02-22.wav,val,speech,2,calm,normal,22,female,1,2
/mnt/d/career/projects/lightweight-speech-emotion-recognition-on-open-datasets/data/val/speech/Actor_22/03-01-02-01-02-01-22.wav,val,speech,2,calm,normal,22,female,2,1
/mnt/d/career/projects/lightweight-speech-emotion-recognition-on-open-datasets/data/val/speech/Actor_22/03-01-02-01-02-02-22.wav,val,speech,2,calm,normal,22,female,2,2
/mnt/d/career/projects/lightweight-speech-emotion-recognition-on-open-datasets/data/val/speech/Actor_22/03-01-02-02-01-01-22.wav,val,speech,2,calm,strong,22,female,1,1
/mnt/d/career/projects/lightweight-speech-emotion-recognition-on-open-datasets/data/val/speech/Actor_22/03-01-02-02-01-02-22.wav,val,speech,2,calm,strong,22,female,1,2
/mnt/d/career/projects/lightweight-speech-emotion-recognition-on-open-datasets/data/val/speech/Actor_22/03-01-02-02-02-01-22.wav,val,speech,2,calm,strong,22,female,2,1
/mnt/d/career/projects/lightweight-speech-emotion-recognition-on-open-datasets/data/val/speech/Actor_22/03-01-02-02-02-02-22.wav,val,speech,2,calm,strong,22,female,2,2
/mnt/d/career/projects/lightweight-speech-emotion-recognition-on-open-datasets/data/val/speech/Actor_22/03-01-03-01-01-01-22.wav,val,speech,3,happy,normal,22,female,1,1
/mnt/d/career/projects/lightweight-speech-emotion-recognition-on-open-datasets/data/val/speech/Actor_22/03-01-03-01-01-02-22.wav,val,speech,3,happy,normal,22,female,1,2
/mnt/d/career/projects/lightweight-speech-emotion-recognition-on-open-datasets/data/val/speech/Actor_22/03-01-03-01-02-01-22.wav,val,speech,3,happy,normal,22,female,2,1
/mnt/d/career/projects/lightweight-speech-emotion-recognition-on-open-datasets/data/val/speech/Actor_22/03-01-03-01-02-02-22.wav,val,speech,3,happy,normal,22,female,2,2
/mnt/d/career/projects/lightweight-speech-emotion-recognition-on-open-datasets/data/val/speech/Actor_22/03-01-03-02-01-01-22.wav,val,speech,3,happy,strong,22,female,1,1
/mnt/d/career/projects/lightweight-speech-emotion-recognition-on-open-datasets/data/val/speech/Actor_22/03-01-03-02-01-02-22.wav,val,speech,3,happy,strong,22,female,1,2
/mnt/d/career/projects/lightweight-speech-emotion-recognition-on-open-datasets/data/val/speech/Actor_22/03-01-03-02-02-01-22.wav,val,speech,3,happy,strong,22,female,2,1
/mnt/d/career/projects/lightweight-speech-emotion-recognition-on-open-datasets/data/val/speech/Actor_22/03-01-03-02-02-02-22.wav,val,speech,3,happy,strong,22,female,2,2
/mnt/d/career/projects/lightweight-speech-emotion-recognition-on-open-datasets/data/val/speech/Actor_22/03-01-04-01-01-01-22.wav,val,speech,4,sad,normal,22,female,1,1
/mnt/d/career/projects/lightweight-speech-emotion-recognition-on-open-datasets/data/val/speech/Actor_22/03-01-04-01-01-02-22.wav,val,speech,4,sad,normal,22,female,1,2
/mnt/d/career/projects/lightweight-speech-emotion-recognition-on-open-datasets/data/val/speech/Actor_22/03-01-04-01-02-01-22.wav,val,speech,4,sad,normal,22,female,2,1
/mnt/d/career/projects/lightweight-speech-emotion-recognition-on-open-datasets/data/val/speech/Actor_22/03-01-04-01-02-02-22.wav,val,speech,4,sad,normal,22,female,2,2
/mnt/d/career/projects/lightweight-speech-emotion-recognition-on-open-datasets/data/val/speech/Actor_22/03-01-04-02-01-01-22.wav,val,speech,4,sad,strong,22,female,1,1
/mnt/d/career/projects/lightweight-speech-emotion-recognition-on-open-datasets/data/val/speech/Actor_22/03-01-04-02-01-02-22.wav,val,speech,4,sad,strong,22,female,1,2
/mnt/d/career/projects/lightweight-speech-emotion-recognition-on-open-datasets/data/val/speech/Actor_22/03-01-04-02-02-01-22.wav,val,speech,4,sad,strong,22,female,2,1
/mnt/d/career/projects/lightweight-speech-emotion-recognition-on-open-datasets/data/val/speech/Actor_22/03-01-04-02-02-02-22.wav,val,speech,4,sad,strong,22,female,2,2
/mnt/d/career/projects/lightweight-speech-emotion-recognition-on-open-datasets/data/val/speech/Actor_22/03-01-05-01-01-01-22.wav,val,speech,5,angry,normal,22,female,1,1
/mnt/d/career/projects/lightweight-speech-emotion-recognition-on-open-datasets/data/val/speech/Actor_22/03-01-05-01-01-02-22.wav,val,speech,5,angry,normal,22,female,1,2
/mnt/d/career/projects/lightweight-speech-emotion-recognition-on-open-datasets/data/val/speech/Actor_22/03-01-05-01-02-01-22.wav,val,speech,5,angry,normal,22,female,2,1
/mnt/d/career/projects/lightweight-speech-emotion-recognition-on-open-datasets/data/val/speech/Actor_22/03-01-05-01-02-02-22.wav,val,speech,5,angry,normal,22,female,2,2
/mnt/d/career/projects/lightweight-speech-emotion-recognition-on-open-datasets/data/val/speech/Actor_22/03-01-05-02-01-01-22.wav,val,speech,5,angry,strong,22,female,1,1
/mnt/d/career/projects/lightweight-speech-emotion-recognition-on-open-datasets/data/val/speech/Actor_22/03-01-05-02-01-02-22.wav,val,speech,5,angry,strong,22,female,1,2
/mnt/d/career/projects/lightweight-speech-emotion-recognition-on-open-datasets/data/val/speech/Actor_22/03-01-05-02-02-01-22.wav,val,speech,5,angry,strong,22,female,2,1
/mnt/d/career/projects/lightweight-speech-emotion-recognition-on-open-datasets/data/val/speech/Actor_22/03-01-05-02-02-02-22.wav,val,speech,5,angry,strong,22,female,2,2
/mnt/d/career/projects/lightweight-speech-emotion-recognition-on-open-datasets/data/val/speech/Actor_22/03-01-06-01-01-01-22.wav,val,speech,6,fearful,normal,22,female,1,1
/mnt/d/career/projects/lightweight-speech-emotion-recognition-on-open-datasets/data/val/speech/Actor_22/03-01-06-01-01-02-22.wav,val,speech,6,fearful,normal,22,female,1,2
/mnt/d/career/projects/lightweight-speech-emotion-recognition-on-open-datasets/data/val/speech/Actor_22/03-01-06-01-02-01-22.wav,val,speech,6,fearful,normal,22,female,2,1
/mnt/d/career/projects/lightweight-speech-emotion-recognition-on-open-datasets/data/val/speech/Actor_22/03-01-06-01-02-02-22.wav,val,speech,6,fearful,normal,22,female,2,2
/mnt/d/career/projects/lightweight-speech-emotion-recognition-on-open-datasets/data/val/speech/Actor_22/03-01-06-02-01-01-22.wav,val,speech,6,fearful,strong,22,female,1,1
/mnt/d/career/projects/lightweight-speech-emotion-recognition-on-open-datasets/data/val/speech/Actor_22/03-01-06-02-01-02-22.wav,val,speech,6,fearful,strong,22,female,1,2
/mnt/d/career/projects/lightweight-speech-emotion-recognition-on-open-datasets/data/val/speech/Actor_22/03-01-06-02-02-01-22.wav,val,speech,6,fearful,strong,22,female,2,1
/mnt/d/career/projects/lightweight-speech-emotion-recognition-on-open-datasets/data/val/speech/Actor_22/03-01-06-02-02-02-22.wav,val,speech,6,fearful,strong,22,female,2,2
/mnt/d/career/projects/lightweight-speech-emotion-recognition-on-open-datasets/data/val/speech/Actor_22/03-01-07-01-01-01-22.wav,val,speech,7,disgust,normal,22,female,1,1
/mnt/d/career/projects/lightweight-speech-emotion-recognition-on-open-datasets/data/val/speech/Actor_22/03-01-07-01-01-02-22.wav,val,speech,7,disgust,normal,22,female,1,2
/mnt/d/career/projects/lightweight-speech-emotion-recognition-on-open-datasets/data/val/speech/Actor_22/03-01-07-01-02-01-22.wav,val,speech,7,disgust,normal,22,female,2,1
/mnt/d/career/projects/lightweight-speech-emotion-recognition-on-open-datasets/data/val/speech/Actor_22/03-01-07-01-02-02-22.wav,val,speech,7,disgust,normal,22,female,2,2
/mnt/d/career/projects/lightweight-speech-emotion-recognition-on-open-datasets/data/val/speech/Actor_22/03-01-07-02-01-01-22.wav,val,speech,7,disgust,strong,22,female,1,1
/mnt/d/career/projects/lightweight-speech-emotion-recognition-on-open-datasets/data/val/speech/Actor_22/03-01-07-02-01-02-22.wav,val,speech,7,disgust,strong,22,female,1,2
/mnt/d/career/projects/lightweight-speech-emotion-recognition-on-open-datasets/data/val/speech/Actor_22/03-01-07-02-02-01-22.wav,val,speech,7,disgust,strong,22,female,2,1
/mnt/d/career/projects/lightweight-speech-emotion-recognition-on-open-datasets/data/val/speech/Actor_22/03-01-07-02-02-02-22.wav,val,speech,7,disgust,strong,22,female,2,2
/mnt/d/career/projects/lightweight-speech-emotion-recognition-on-open-datasets/data/val/speech/Actor_22/03-01-08-01-01-01-22.wav,val,speech,8,surprised,normal,22,female,1,1
/mnt/d/career/projects/lightweight-speech-emotion-recognition-on-open-datasets/data/val/speech/Actor_22/03-01-08-01-01-02-22.wav,val,speech,8,surprised,normal,22,female,1,2
/mnt/d/career/projects/lightweight-speech-emotion-recognition-on-open-datasets/data/val/speech/Actor_22/03-01-08-01-02-01-22.wav,val,speech,8,surprised,normal,22,female,2,1
/mnt/d/career/projects/lightweight-speech-emotion-recognition-on-open-datasets/data/val/speech/Actor_22/03-01-08-01-02-02-22.wav,val,speech,8,surprised,normal,22,female,2,2
/mnt/d/career/projects/lightweight-speech-emotion-recognition-on-open-datasets/data/val/speech/Actor_22/03-01-08-02-01-01-22.wav,val,speech,8,surprised,strong,22,female,1,1
/mnt/d/career/projects/lightweight-speech-emotion-recognition-on-open-datasets/data/val/speech/Actor_22/03-01-08-02-01-02-22.wav,val,speech,8,surprised,strong,22,female,1,2
/mnt/d/career/projects/lightweight-speech-emotion-recognition-on-open-datasets/data/val/speech/Actor_22/03-01-08-02-02-01-22.wav,val,speech,8,surprised,strong,22,female,2,1
/mnt/d/career/projects/lightweight-speech-emotion-recognition-on-open-datasets/data/val/speech/Actor_22/03-01-08-02-02-02-22.wav,val,speech,8,surprised,strong,22,female,2,2
/mnt/d/career/projects/lightweight-speech-emotion-recognition-on-open-datasets/data/test/speech/Actor_23/03-01-01-01-01-01-23.wav,test,speech,1,neutral,normal,23,male,1,1
/mnt/d/career/projects/lightweight-speech-emotion-recognition-on-open-datasets/data/test/speech/Actor_23/03-01-01-01-01-02-23.wav,test,speech,1,neutral,normal,23,male,1,2
/mnt/d/career/projects/lightweight-speech-emotion-recognition-on-open-datasets/data/test/speech/Actor_23/03-01-01-01-02-01-23.wav,test,speech,1,neutral,normal,23,male,2,1
/mnt/d/career/projects/lightweight-speech-emotion-recognition-on-open-datasets/data/test/speech/Actor_23/03-01-01-01-02-02-23.wav,test,speech,1,neutral,normal,23,male,2,2
/mnt/d/career/projects/lightweight-speech-emotion-recognition-on-open-datasets/data/test/speech/Actor_23/03-01-02-01-01-01-23.wav,test,speech,2,calm,normal,23,male,1,1
/mnt/d/career/projects/lightweight-speech-emotion-recognition-on-open-datasets/data/test/speech/Actor_23/03-01-02-01-01-02-23.wav,test,speech,2,calm,normal,23,male,1,2
/mnt/d/career/projects/lightweight-speech-emotion-recognition-on-open-datasets/data/test/speech/Actor_23/03-01-02-01-02-01-23.wav,test,speech,2,calm,normal,23,male,2,1
/mnt/d/career/projects/lightweight-speech-emotion-recognition-on-open-datasets/data/test/speech/Actor_23/03-01-02-01-02-02-23.wav,test,speech,2,calm,normal,23,male,2,2
/mnt/d/career/projects/lightweight-speech-emotion-recognition-on-open-datasets/data/test/speech/Actor_23/03-01-02-02-01-01-23.wav,test,speech,2,calm,strong,23,male,1,1
/mnt/d/career/projects/lightweight-speech-emotion-recognition-on-open-datasets/data/test/speech/Actor_23/03-01-02-02-01-02-23.wav,test,speech,2,calm,strong,23,male,1,2
/mnt/d/career/projects/lightweight-speech-emotion-recognition-on-open-datasets/data/test/speech/Actor_23/03-01-02-02-02-01-23.wav,test,speech,2,calm,strong,23,male,2,1
/mnt/d/career/projects/lightweight-speech-emotion-recognition-on-open-datasets/data/test/speech/Actor_23/03-01-02-02-02-02-23.wav,test,speech,2,calm,strong,23,male,2,2
/mnt/d/career/projects/lightweight-speech-emotion-recognition-on-open-datasets/data/test/speech/Actor_23/03-01-03-01-01-01-23.wav,test,speech,3,happy,normal,23,male,1,1
/mnt/d/career/projects/lightweight-speech-emotion-recognition-on-open-datasets/data/test/speech/Actor_23/03-01-03-01-01-02-23.wav,test,speech,3,happy,normal,23,male,1,2
/mnt/d/career/projects/lightweight-speech-emotion-recognition-on-open-datasets/data/test/speech/Actor_23/03-01-03-01-02-01-23.wav,test,speech,3,happy,normal,23,male,2,1
/mnt/d/career/projects/lightweight-speech-emotion-recognition-on-open-datasets/data/test/speech/Actor_23/03-01-03-01-02-02-23.wav,test,speech,3,happy,normal,23,male,2,2
/mnt/d/career/projects/lightweight-speech-emotion-recognition-on-open-datasets/data/test/speech/Actor_23/03-01-03-02-01-01-23.wav,test,speech,3,happy,strong,23,male,1,1
/mnt/d/career/projects/lightweight-speech-emotion-recognition-on-open-datasets/data/test/speech/Actor_23/03-01-03-02-01-02-23.wav,test,speech,3,happy,strong,23,male,1,2
/mnt/d/career/projects/lightweight-speech-emotion-recognition-on-open-datasets/data/test/speech/Actor_23/03-01-03-02-02-01-23.wav,test,speech,3,happy,strong,23,male,2,1
/mnt/d/career/projects/lightweight-speech-emotion-recognition-on-open-datasets/data/test/speech/Actor_23/03-01-03-02-02-02-23.wav,test,speech,3,happy,strong,23,male,2,2
/mnt/d/career/projects/lightweight-speech-emotion-recognition-on-open-datasets/data/test/speech/Actor_23/03-01-04-01-01-01-23.wav,test,speech,4,sad,normal,23,male,1,1
/mnt/d/career/projects/lightweight-speech-emotion-recognition-on-open-datasets/data/test/speech/Actor_23/03-01-04-01-01-02-23.wav,test,speech,4,sad,normal,23,male,1,2
/mnt/d/career/projects/lightweight-speech-emotion-recognition-on-open-datasets/data/test/speech/Actor_23/03-01-04-01-02-01-23.wav,test,speech,4,sad,normal,23,male,2,1
/mnt/d/career/projects/lightweight-speech-emotion-recognition-on-open-datasets/data/test/speech/Actor_23/03-01-04-01-02-02-23.wav,test,speech,4,sad,normal,23,male,2,2
/mnt/d/career/projects/lightweight-speech-emotion-recognition-on-open-datasets/data/test/speech/Actor_23/03-01-04-02-01-01-23.wav,test,speech,4,sad,strong,23,male,1,1
/mnt/d/career/projects/lightweight-speech-emotion-recognition-on-open-datasets/data/test/speech/Actor_23/03-01-04-02-01-02-23.wav,test,speech,4,sad,strong,23,male,1,2
/mnt/d/career/projects/lightweight-speech-emotion-recognition-on-open-datasets/data/test/speech/Actor_23/03-01-04-02-02-01-23.wav,test,speech,4,sad,strong,23,male,2,1
/mnt/d/career/projects/lightweight-speech-emotion-recognition-on-open-datasets/data/test/speech/Actor_23/03-01-04-02-02-02-23.wav,test,speech,4,sad,strong,23,male,2,2
/mnt/d/career/projects/lightweight-speech-emotion-recognition-on-open-datasets/data/test/speech/Actor_23/03-01-05-01-01-01-23.wav,test,speech,5,angry,normal,23,male,1,1
/mnt/d/career/projects/lightweight-speech-emotion-recognition-on-open-datasets/data/test/speech/Actor_23/03-01-05-01-01-02-23.wav,test,speech,5,angry,normal,23,male,1,2
/mnt/d/career/projects/lightweight-speech-emotion-recognition-on-open-datasets/data/test/speech/Actor_23/03-01-05-01-02-01-23.wav,test,speech,5,angry,normal,23,male,2,1
/mnt/d/career/projects/lightweight-speech-emotion-recognition-on-open-datasets/data/test/speech/Actor_23/03-01-05-01-02-02-23.wav,test,speech,5,angry,normal,23,male,2,2
/mnt/d/career/projects/lightweight-speech-emotion-recognition-on-open-datasets/data/test/speech/Actor_23/03-01-05-02-01-01-23.wav,test,speech,5,angry,strong,23,male,1,1
/mnt/d/career/projects/lightweight-speech-emotion-recognition-on-open-datasets/data/test/speech/Actor_23/03-01-05-02-01-02-23.wav,test,speech,5,angry,strong,23,male,1,2
/mnt/d/career/projects/lightweight-speech-emotion-recognition-on-open-datasets/data/test/speech/Actor_23/03-01-05-02-02-01-23.wav,test,speech,5,angry,strong,23,male,2,1
/mnt/d/career/projects/lightweight-speech-emotion-recognition-on-open-datasets/data/test/speech/Actor_23/03-01-05-02-02-02-23.wav,test,speech,5,angry,strong,23,male,2,2
/mnt/d/career/projects/lightweight-speech-emotion-recognition-on-open-datasets/data/test/speech/Actor_23/03-01-06-01-01-01-23.wav,test,speech,6,fearful,normal,23,male,1,1
/mnt/d/career/projects/lightweight-speech-emotion-recognition-on-open-datasets/data/test/speech/Actor_23/03-01-06-01-01-02-23.wav,test,speech,6,fearful,normal,23,male,1,2
/mnt/d/career/projects/lightweight-speech-emotion-recognition-on-open-datasets/data/test/speech/Actor_23/03-01-06-01-02-01-23.wav,test,speech,6,fearful,normal,23,male,2,1
/mnt/d/career/projects/lightweight-speech-emotion-recognition-on-open-datasets/data/test/speech/Actor_23/03-01-06-01-02-02-23.wav,test,speech,6,fearful,normal,23,male,2,2
/mnt/d/career/projects/lightweight-speech-emotion-recognition-on-open-datasets/data/test/speech/Actor_23/03-01-06-02-01-01-23.wav,test,speech,6,fearful,strong,23,male,1,1
/mnt/d/career/projects/lightweight-speech-emotion-recognition-on-open-datasets/data/test/speech/Actor_23/03-01-06-02-01-02-23.wav,test,speech,6,fearful,strong,23,male,1,2
/mnt/d/career/projects/lightweight-speech-emotion-recognition-on-open-datasets/data/test/speech/Actor_23/03-01-06-02-02-01-23.wav,test,speech,6,fearful,strong,23,male,2,1
/mnt/d/career/projects/lightweight-speech-emotion-recognition-on-open-datasets/data/test/speech/Actor_23/03-01-06-02-02-02-23.wav,test,speech,6,fearful,strong,23,male,2,2
/mnt/d/career/projects/lightweight-speech-emotion-recognition-on-open-datasets/data/test/speech/Actor_23/03-01-07-01-01-01-23.wav,test,speech,7,disgust,normal,23,male,1,1
/mnt/d/career/projects/lightweight-speech-emotion-recognition-on-open-datasets/data/test/speech/Actor_23/03-01-07-01-01-02-23.wav,test,speech,7,disgust,normal,23,male,1,2
/mnt/d/career/projects/lightweight-speech-emotion-recognition-on-open-datasets/data/test/speech/Actor_23/03-01-07-01-02-01-23.wav,test,speech,7,disgust,normal,23,male,2,1
/mnt/d/career/projects/lightweight-speech-emotion-recognition-on-open-datasets/data/test/speech/Actor_23/03-01-07-01-02-02-23.wav,test,speech,7,disgust,normal,23,male,2,2
/mnt/d/career/projects/lightweight-speech-emotion-recognition-on-open-datasets/data/test/speech/Actor_23/03-01-07-02-01-01-23.wav,test,speech,7,disgust,strong,23,male,1,1
/mnt/d/career/projects/lightweight-speech-emotion-recognition-on-open-datasets/data/test/speech/Actor_23/03-01-07-02-01-02-23.wav,test,speech,7,disgust,strong,23,male,1,2
/mnt/d/career/projects/lightweight-speech-emotion-recognition-on-open-datasets/data/test/speech/Actor_23/03-01-07-02-02-01-23.wav,test,speech,7,disgust,strong,23,male,2,1
/mnt/d/career/projects/lightweight-speech-emotion-recognition-on-open-datasets/data/test/speech/Actor_23/03-01-07-02-02-02-23.wav,test,speech,7,disgust,strong,23,male,2,2
/mnt/d/career/projects/lightweight-speech-emotion-recognition-on-open-datasets/data/test/speech/Actor_23/03-01-08-01-01-01-23.wav,test,speech,8,surprised,normal,23,male,1,1
/mnt/d/career/projects/lightweight-speech-emotion-recognition-on-open-datasets/data/test/speech/Actor_23/03-01-08-01-01-02-23.wav,test,speech,8,surprised,normal,23,male,1,2
/mnt/d/career/projects/lightweight-speech-emotion-recognition-on-open-datasets/data/test/speech/Actor_23/03-01-08-01-02-01-23.wav,test,speech,8,surprised,normal,23,male,2,1
/mnt/d/career/projects/lightweight-speech-emotion-recognition-on-open-datasets/data/test/speech/Actor_23/03-01-08-01-02-02-23.wav,test,speech,8,surprised,normal,23,male,2,2
/mnt/d/career/projects/lightweight-speech-emotion-recognition-on-open-datasets/data/test/speech/Actor_23/03-01-08-02-01-01-23.wav,test,speech,8,surprised,strong,23,male,1,1
/mnt/d/career/projects/lightweight-speech-emotion-recognition-on-open-datasets/data/test/speech/Actor_23/03-01-08-02-01-02-23.wav,test,speech,8,surprised,strong,23,male,1,2
/mnt/d/career/projects/lightweight-speech-emotion-recognition-on-open-datasets/data/test/speech/Actor_23/03-01-08-02-02-01-23.wav,test,speech,8,surprised,strong,23,male,2,1
/mnt/d/career/projects/lightweight-speech-emotion-recognition-on-open-datasets/data/test/speech/Actor_23/03-01-08-02-02-02-23.wav,test,speech,8,surprised,strong,23,male,2,2
/mnt/d/career/projects/lightweight-speech-emotion-recognition-on-open-datasets/data/test/speech/Actor_24/03-01-01-01-01-01-24.wav,test,speech,1,neutral,normal,24,female,1,1
/mnt/d/career/projects/lightweight-speech-emotion-recognition-on-open-datasets/data/test/speech/Actor_24/03-01-01-01-01-02-24.wav,test,speech,1,neutral,normal,24,female,1,2
/mnt/d/career/projects/lightweight-speech-emotion-recognition-on-open-datasets/data/test/speech/Actor_24/03-01-01-01-02-01-24.wav,test,speech,1,neutral,normal,24,female,2,1
/mnt/d/career/projects/lightweight-speech-emotion-recognition-on-open-datasets/data/test/speech/Actor_24/03-01-01-01-02-02-24.wav,test,speech,1,neutral,normal,24,female,2,2
/mnt/d/career/projects/lightweight-speech-emotion-recognition-on-open-datasets/data/test/speech/Actor_24/03-01-02-01-01-01-24.wav,test,speech,2,calm,normal,24,female,1,1
/mnt/d/career/projects/lightweight-speech-emotion-recognition-on-open-datasets/data/test/speech/Actor_24/03-01-02-01-01-02-24.wav,test,speech,2,calm,normal,24,female,1,2
/mnt/d/career/projects/lightweight-speech-emotion-recognition-on-open-datasets/data/test/speech/Actor_24/03-01-02-01-02-01-24.wav,test,speech,2,calm,normal,24,female,2,1
/mnt/d/career/projects/lightweight-speech-emotion-recognition-on-open-datasets/data/test/speech/Actor_24/03-01-02-01-02-02-24.wav,test,speech,2,calm,normal,24,female,2,2
/mnt/d/career/projects/lightweight-speech-emotion-recognition-on-open-datasets/data/test/speech/Actor_24/03-01-02-02-01-01-24.wav,test,speech,2,calm,strong,24,female,1,1
/mnt/d/career/projects/lightweight-speech-emotion-recognition-on-open-datasets/data/test/speech/Actor_24/03-01-02-02-01-02-24.wav,test,speech,2,calm,strong,24,female,1,2
/mnt/d/career/projects/lightweight-speech-emotion-recognition-on-open-datasets/data/test/speech/Actor_24/03-01-02-02-02-01-24.wav,test,speech,2,calm,strong,24,female,2,1
/mnt/d/career/projects/lightweight-speech-emotion-recognition-on-open-datasets/data/test/speech/Actor_24/03-01-02-02-02-02-24.wav,test,speech,2,calm,strong,24,female,2,2
/mnt/d/career/projects/lightweight-speech-emotion-recognition-on-open-datasets/data/test/speech/Actor_24/03-01-03-01-01-01-24.wav,test,speech,3,happy,normal,24,female,1,1
/mnt/d/career/projects/lightweight-speech-emotion-recognition-on-open-datasets/data/test/speech/Actor_24/03-01-03-01-01-02-24.wav,test,speech,3,happy,normal,24,female,1,2
/mnt/d/career/projects/lightweight-speech-emotion-recognition-on-open-datasets/data/test/speech/Actor_24/03-01-03-01-02-01-24.wav,test,speech,3,happy,normal,24,female,2,1
/mnt/d/career/projects/lightweight-speech-emotion-recognition-on-open-datasets/data/test/speech/Actor_24/03-01-03-01-02-02-24.wav,test,speech,3,happy,normal,24,female,2,2
/mnt/d/career/projects/lightweight-speech-emotion-recognition-on-open-datasets/data/test/speech/Actor_24/03-01-03-02-01-01-24.wav,test,speech,3,happy,strong,24,female,1,1
/mnt/d/career/projects/lightweight-speech-emotion-recognition-on-open-datasets/data/test/speech/Actor_24/03-01-03-02-01-02-24.wav,test,speech,3,happy,strong,24,female,1,2
/mnt/d/career/projects/lightweight-speech-emotion-recognition-on-open-datasets/data/test/speech/Actor_24/03-01-03-02-02-01-24.wav,test,speech,3,happy,strong,24,female,2,1
/mnt/d/career/projects/lightweight-speech-emotion-recognition-on-open-datasets/data/test/speech/Actor_24/03-01-03-02-02-02-24.wav,test,speech,3,happy,strong,24,female,2,2
/mnt/d/career/projects/lightweight-speech-emotion-recognition-on-open-datasets/data/test/speech/Actor_24/03-01-04-01-01-01-24.wav,test,speech,4,sad,normal,24,female,1,1
/mnt/d/career/projects/lightweight-speech-emotion-recognition-on-open-datasets/data/test/speech/Actor_24/03-01-04-01-01-02-24.wav,test,speech,4,sad,normal,24,female,1,2
/mnt/d/career/projects/lightweight-speech-emotion-recognition-on-open-datasets/data/test/speech/Actor_24/03-01-04-01-02-01-24.wav,test,speech,4,sad,normal,24,female,2,1
/mnt/d/career/projects/lightweight-speech-emotion-recognition-on-open-datasets/data/test/speech/Actor_24/03-01-04-01-02-02-24.wav,test,speech,4,sad,normal,24,female,2,2
/mnt/d/career/projects/lightweight-speech-emotion-recognition-on-open-datasets/data/test/speech/Actor_24/03-01-04-02-01-01-24.wav,test,speech,4,sad,strong,24,female,1,1
/mnt/d/career/projects/lightweight-speech-emotion-recognition-on-open-datasets/data/test/speech/Actor_24/03-01-04-02-01-02-24.wav,test,speech,4,sad,strong,24,female,1,2
/mnt/d/career/projects/lightweight-speech-emotion-recognition-on-open-datasets/data/test/speech/Actor_24/03-01-04-02-02-01-24.wav,test,speech,4,sad,strong,24,female,2,1
/mnt/d/career/projects/lightweight-speech-emotion-recognition-on-open-datasets/data/test/speech/Actor_24/03-01-04-02-02-02-24.wav,test,speech,4,sad,strong,24,female,2,2
/mnt/d/career/projects/lightweight-speech-emotion-recognition-on-open-datasets/data/test/speech/Actor_24/03-01-05-01-01-01-24.wav,test,speech,5,angry,normal,24,female,1,1
/mnt/d/career/projects/lightweight-speech-emotion-recognition-on-open-datasets/data/test/speech/Actor_24/03-01-05-01-01-02-24.wav,test,speech,5,angry,normal,24,female,1,2
/mnt/d/career/projects/lightweight-speech-emotion-recognition-on-open-datasets/data/test/speech/Actor_24/03-01-05-01-02-01-24.wav,test,speech,5,angry,normal,24,female,2,1
/mnt/d/career/projects/lightweight-speech-emotion-recognition-on-open-datasets/data/test/speech/Actor_24/03-01-05-01-02-02-24.wav,test,speech,5,angry,normal,24,female,2,2
/mnt/d/career/projects/lightweight-speech-emotion-recognition-on-open-datasets/data/test/speech/Actor_24/03-01-05-02-01-01-24.wav,test,speech,5,angry,strong,24,female,1,1
/mnt/d/career/projects/lightweight-speech-emotion-recognition-on-open-datasets/data/test/speech/Actor_24/03-01-05-02-01-02-24.wav,test,speech,5,angry,strong,24,female,1,2
/mnt/d/career/projects/lightweight-speech-emotion-recognition-on-open-datasets/data/test/speech/Actor_24/03-01-05-02-02-01-24.wav,test,speech,5,angry,strong,24,female,2,1
/mnt/d/career/projects/lightweight-speech-emotion-recognition-on-open-datasets/data/test/speech/Actor_24/03-01-05-02-02-02-24.wav,test,speech,5,angry,strong,24,female,2,2
/mnt/d/career/projects/lightweight-speech-emotion-recognition-on-open-datasets/data/test/speech/Actor_24/03-01-06-01-01-01-24.wav,test,speech,6,fearful,normal,24,female,1,1
/mnt/d/career/projects/lightweight-speech-emotion-recognition-on-open-datasets/data/test/speech/Actor_24/03-01-06-01-01-02-24.wav,test,speech,6,fearful,normal,24,female,1,2
/mnt/d/career/projects/lightweight-speech-emotion-recognition-on-open-datasets/data/test/speech/Actor_24/03-01-06-01-02-01-24.wav,test,speech,6,fearful,normal,24,female,2,1
/mnt/d/career/projects/lightweight-speech-emotion-recognition-on-open-datasets/data/test/speech/Actor_24/03-01-06-01-02-02-24.wav,test,speech,6,fearful,normal,24,female,2,2
/mnt/d/career/projects/lightweight-speech-emotion-recognition-on-open-datasets/data/test/speech/Actor_24/03-01-06-02-01-01-24.wav,test,speech,6,fearful,strong,24,female,1,1
/mnt/d/career/projects/lightweight-speech-emotion-recognition-on-open-datasets/data/test/speech/Actor_24/03-01-06-02-01-02-24.wav,test,speech,6,fearful,strong,24,female,1,2
/mnt/d/career/projects/lightweight-speech-emotion-recognition-on-open-datasets/data/test/speech/Actor_24/03-01-06-02-02-01-24.wav,test,speech,6,fearful,strong,24,female,2,1
/mnt/d/career/projects/lightweight-speech-emotion-recognition-on-open-datasets/data/test/speech/Actor_24/03-01-06-02-02-02-24.wav,test,speech,6,fearful,strong,24,female,2,2
/mnt/d/career/projects/lightweight-speech-emotion-recognition-on-open-datasets/data/test/speech/Actor_24/03-01-07-01-01-01-24.wav,test,speech,7,disgust,normal,24,female,1,1
/mnt/d/career/projects/lightweight-speech-emotion-recognition-on-open-datasets/data/test/speech/Actor_24/03-01-07-01-01-02-24.wav,test,speech,7,disgust,normal,24,female,1,2
/mnt/d/career/projects/lightweight-speech-emotion-recognition-on-open-datasets/data/test/speech/Actor_24/03-01-07-01-02-01-24.wav,test,speech,7,disgust,normal,24,female,2,1
/mnt/d/career/projects/lightweight-speech-emotion-recognition-on-open-datasets/data/test/speech/Actor_24/03-01-07-01-02-02-24.wav,test,speech,7,disgust,normal,24,female,2,2
/mnt/d/career/projects/lightweight-speech-emotion-recognition-on-open-datasets/data/test/speech/Actor_24/03-01-07-02-01-01-24.wav,test,speech,7,disgust,strong,24,female,1,1
/mnt/d/career/projects/lightweight-speech-emotion-recognition-on-open-datasets/data/test/speech/Actor_24/03-01-07-02-01-02-24.wav,test,speech,7,disgust,strong,24,female,1,2
/mnt/d/career/projects/lightweight-speech-emotion-recognition-on-open-datasets/data/test/speech/Actor_24/03-01-07-02-02-01-24.wav,test,speech,7,disgust,strong,24,female,2,1
/mnt/d/career/projects/lightweight-speech-emotion-recognition-on-open-datasets/data/test/speech/Actor_24/03-01-07-02-02-02-24.wav,test,speech,7,disgust,strong,24,female,2,2
/mnt/d/career/projects/lightweight-speech-emotion-recognition-on-open-datasets/data/test/speech/Actor_24/03-01-08-01-01-01-24.wav,test,speech,8,surprised,normal,24,female,1,1
/mnt/d/career/projects/lightweight-speech-emotion-recognition-on-open-datasets/data/test/speech/Actor_24/03-01-08-01-01-02-24.wav,test,speech,8,surprised,normal,24,female,1,2
/mnt/d/career/projects/lightweight-speech-emotion-recognition-on-open-datasets/data/test/speech/Actor_24/03-01-08-01-02-01-24.wav,test,speech,8,surprised,normal,24,female,2,1
/mnt/d/career/projects/lightweight-speech-emotion-recognition-on-open-datasets/data/test/speech/Actor_24/03-01-08-01-02-02-24.wav,test,speech,8,surprised,normal,24,female,2,2
/mnt/d/career/projects/lightweight-speech-emotion-recognition-on-open-datasets/data/test/speech/Actor_24/03-01-08-02-01-01-24.wav,test,speech,8,surprised,strong,24,female,1,1
/mnt/d/career/projects/lightweight-speech-emotion-recognition-on-open-datasets/data/test/speech/Actor_24/03-01-08-02-01-02-24.wav,test,speech,8,surprised,strong,24,female,1,2
/mnt/d/career/projects/lightweight-speech-emotion-recognition-on-open-datasets/data/test/speech/Actor_24/03-01-08-02-02-01-24.wav,test,speech,8,surprised,strong,24,female,2,1
/mnt/d/career/projects/lightweight-speech-emotion-recognition-on-open-datasets/data/test/speech/Actor_24/03-01-08-02-02-02-24.wav,test,speech,8,surprised,strong,24,female,2,2
/mnt/d/career/projects/lightweight-speech-emotion-recognition-on-open-datasets/data/train/song/Actor_01/03-02-01-01-01-01-01.wav,train,song,1,neutral,normal,1,male,1,1
/mnt/d/career/projects/lightweight-speech-emotion-recognition-on-open-datasets/data/train/song/Actor_01/03-02-01-01-01-02-01.wav,train,song,1,neutral,normal,1,male,1,2
/mnt/d/career/projects/lightweight-speech-emotion-recognition-on-open-datasets/data/train/song/Actor_01/03-02-01-01-02-01-01.wav,train,song,1,neutral,normal,1,male,2,1
/mnt/d/career/projects/lightweight-speech-emotion-recognition-on-open-datasets/data/train/song/Actor_01/03-02-01-01-02-02-01.wav,train,song,1,neutral,normal,1,male,2,2
/mnt/d/career/projects/lightweight-speech-emotion-recognition-on-open-datasets/data/train/song/Actor_01/03-02-02-01-01-01-01.wav,train,song,2,calm,normal,1,male,1,1
/mnt/d/career/projects/lightweight-speech-emotion-recognition-on-open-datasets/data/train/song/Actor_01/03-02-02-01-01-02-01.wav,train,song,2,calm,normal,1,male,1,2
/mnt/d/career/projects/lightweight-speech-emotion-recognition-on-open-datasets/data/train/song/Actor_01/03-02-02-01-02-01-01.wav,train,song,2,calm,normal,1,male,2,1
/mnt/d/career/projects/lightweight-speech-emotion-recognition-on-open-datasets/data/train/song/Actor_01/03-02-02-01-02-02-01.wav,train,song,2,calm,normal,1,male,2,2
/mnt/d/career/projects/lightweight-speech-emotion-recognition-on-open-datasets/data/train/song/Actor_01/03-02-02-02-01-01-01.wav,train,song,2,calm,strong,1,male,1,1
/mnt/d/career/projects/lightweight-speech-emotion-recognition-on-open-datasets/data/train/song/Actor_01/03-02-02-02-01-02-01.wav,train,song,2,calm,strong,1,male,1,2
/mnt/d/career/projects/lightweight-speech-emotion-recognition-on-open-datasets/data/train/song/Actor_01/03-02-02-02-02-01-01.wav,train,song,2,calm,strong,1,male,2,1
/mnt/d/career/projects/lightweight-speech-emotion-recognition-on-open-datasets/data/train/song/Actor_01/03-02-02-02-02-02-01.wav,train,song,2,calm,strong,1,male,2,2
/mnt/d/career/projects/lightweight-speech-emotion-recognition-on-open-datasets/data/train/song/Actor_01/03-02-03-01-01-01-01.wav,train,song,3,happy,normal,1,male,1,1
/mnt/d/career/projects/lightweight-speech-emotion-recognition-on-open-datasets/data/train/song/Actor_01/03-02-03-01-01-02-01.wav,train,song,3,happy,normal,1,male,1,2
/mnt/d/career/projects/lightweight-speech-emotion-recognition-on-open-datasets/data/train/song/Actor_01/03-02-03-01-02-01-01.wav,train,song,3,happy,normal,1,male,2,1
/mnt/d/career/projects/lightweight-speech-emotion-recognition-on-open-datasets/data/train/song/Actor_01/03-02-03-01-02-02-01.wav,train,song,3,happy,normal,1,male,2,2
/mnt/d/career/projects/lightweight-speech-emotion-recognition-on-open-datasets/data/train/song/Actor_01/03-02-03-02-01-01-01.wav,train,song,3,happy,strong,1,male,1,1
/mnt/d/career/projects/lightweight-speech-emotion-recognition-on-open-datasets/data/train/song/Actor_01/03-02-03-02-01-02-01.wav,train,song,3,happy,strong,1,male,1,2
/mnt/d/career/projects/lightweight-speech-emotion-recognition-on-open-datasets/data/train/song/Actor_01/03-02-03-02-02-01-01.wav,train,song,3,happy,strong,1,male,2,1
/mnt/d/career/projects/lightweight-speech-emotion-recognition-on-open-datasets/data/train/song/Actor_01/03-02-03-02-02-02-01.wav,train,song,3,happy,strong,1,male,2,2
/mnt/d/career/projects/lightweight-speech-emotion-recognition-on-open-datasets/data/train/song/Actor_01/03-02-04-01-01-01-01.wav,train,song,4,sad,normal,1,male,1,1
/mnt/d/career/projects/lightweight-speech-emotion-recognition-on-open-datasets/data/train/song/Actor_01/03-02-04-01-01-02-01.wav,train,song,4,sad,normal,1,male,1,2
/mnt/d/career/projects/lightweight-speech-emotion-recognition-on-open-datasets/data/train/song/Actor_01/03-02-04-01-02-01-01.wav,train,song,4,sad,normal,1,male,2,1
/mnt/d/career/projects/lightweight-speech-emotion-recognition-on-open-datasets/data/train/song/Actor_01/03-02-04-01-02-02-01.wav,train,song,4,sad,normal,1,male,2,2
/mnt/d/career/projects/lightweight-speech-emotion-recognition-on-open-datasets/data/train/song/Actor_01/03-02-04-02-01-01-01.wav,train,song,4,sad,strong,1,male,1,1
/mnt/d/career/projects/lightweight-speech-emotion-recognition-on-open-datasets/data/train/song/Actor_01/03-02-04-02-01-02-01.wav,train,song,4,sad,strong,1,male,1,2
/mnt/d/career/projects/lightweight-speech-emotion-recognition-on-open-datasets/data/train/song/Actor_01/03-02-04-02-02-01-01.wav,train,song,4,sad,strong,1,male,2,1
/mnt/d/career/projects/lightweight-speech-emotion-recognition-on-open-datasets/data/train/song/Actor_01/03-02-04-02-02-02-01.wav,train,song,4,sad,strong,1,male,2,2
/mnt/d/career/projects/lightweight-speech-emotion-recognition-on-open-datasets/data/train/song/Actor_01/03-02-05-01-01-01-01.wav,train,song,5,angry,normal,1,male,1,1
/mnt/d/career/projects/lightweight-speech-emotion-recognition-on-open-datasets/data/train/song/Actor_01/03-02-05-01-01-02-01.wav,train,song,5,angry,normal,1,male,1,2
/mnt/d/career/projects/lightweight-speech-emotion-recognition-on-open-datasets/data/train/song/Actor_01/03-02-05-01-02-01-01.wav,train,song,5,angry,normal,1,male,2,1
/mnt/d/career/projects/lightweight-speech-emotion-recognition-on-open-datasets/data/train/song/Actor_01/03-02-05-01-02-02-01.wav,train,song,5,angry,normal,1,male,2,2
/mnt/d/career/projects/lightweight-speech-emotion-recognition-on-open-datasets/data/train/song/Actor_01/03-02-05-02-01-01-01.wav,train,song,5,angry,strong,1,male,1,1
/mnt/d/career/projects/lightweight-speech-emotion-recognition-on-open-datasets/data/train/song/Actor_01/03-02-05-02-01-02-01.wav,train,song,5,angry,strong,1,male,1,2
/mnt/d/career/projects/lightweight-speech-emotion-recognition-on-open-datasets/data/train/song/Actor_01/03-02-05-02-02-01-01.wav,train,song,5,angry,strong,1,male,2,1
/mnt/d/career/projects/lightweight-speech-emotion-recognition-on-open-datasets/data/train/song/Actor_01/03-02-05-02-02-02-01.wav,train,song,5,angry,strong,1,male,2,2
/mnt/d/career/projects/lightweight-speech-emotion-recognition-on-open-datasets/data/train/song/Actor_01/03-02-06-01-01-01-01.wav,train,song,6,fearful,normal,1,male,1,1
/mnt/d/career/projects/lightweight-speech-emotion-recognition-on-open-datasets/data/train/song/Actor_01/03-02-06-01-01-02-01.wav,train,song,6,fearful,normal,1,male,1,2
/mnt/d/career/projects/lightweight-speech-emotion-recognition-on-open-datasets/data/train/song/Actor_01/03-02-06-01-02-01-01.wav,train,song,6,fearful,normal,1,male,2,1
/mnt/d/career/projects/lightweight-speech-emotion-recognition-on-open-datasets/data/train/song/Actor_01/03-02-06-01-02-02-01.wav,train,song,6,fearful,normal,1,male,2,2
/mnt/d/career/projects/lightweight-speech-emotion-recognition-on-open-datasets/data/train/song/Actor_01/03-02-06-02-01-01-01.wav,train,song,6,fearful,strong,1,male,1,1
/mnt/d/career/projects/lightweight-speech-emotion-recognition-on-open-datasets/data/train/song/Actor_01/03-02-06-02-01-02-01.wav,train,song,6,fearful,strong,1,male,1,2
/mnt/d/career/projects/lightweight-speech-emotion-recognition-on-open-datasets/data/train/song/Actor_01/03-02-06-02-02-01-01.wav,train,song,6,fearful,strong,1,male,2,1
/mnt/d/career/projects/lightweight-speech-emotion-recognition-on-open-datasets/data/train/song/Actor_01/03-02-06-02-02-02-01.wav,train,song,6,fearful,strong,1,male,2,2
/mnt/d/career/projects/lightweight-speech-emotion-recognition-on-open-datasets/data/train/song/Actor_02/03-02-01-01-01-01-02.wav,train,song,1,neutral,normal,2,female,1,1
/mnt/d/career/projects/lightweight-speech-emotion-recognition-on-open-datasets/data/train/song/Actor_02/03-02-01-01-01-02-02.wav,train,song,1,neutral,normal,2,female,1,2
/mnt/d/career/projects/lightweight-speech-emotion-recognition-on-open-datasets/data/train/song/Actor_02/03-02-01-01-02-01-02.wav,train,song,1,neutral,normal,2,female,2,1
/mnt/d/career/projects/lightweight-speech-emotion-recognition-on-open-datasets/data/train/song/Actor_02/03-02-01-01-02-02-02.wav,train,song,1,neutral,normal,2,female,2,2
/mnt/d/career/projects/lightweight-speech-emotion-recognition-on-open-datasets/data/train/song/Actor_02/03-02-02-01-01-01-02.wav,train,song,2,calm,normal,2,female,1,1
/mnt/d/career/projects/lightweight-speech-emotion-recognition-on-open-datasets/data/train/song/Actor_02/03-02-02-01-01-02-02.wav,train,song,2,calm,normal,2,female,1,2
/mnt/d/career/projects/lightweight-speech-emotion-recognition-on-open-datasets/data/train/song/Actor_02/03-02-02-01-02-01-02.wav,train,song,2,calm,normal,2,female,2,1
/mnt/d/career/projects/lightweight-speech-emotion-recognition-on-open-datasets/data/train/song/Actor_02/03-02-02-01-02-02-02.wav,train,song,2,calm,normal,2,female,2,2
/mnt/d/career/projects/lightweight-speech-emotion-recognition-on-open-datasets/data/train/song/Actor_02/03-02-02-02-01-01-02.wav,train,song,2,calm,strong,2,female,1,1
/mnt/d/career/projects/lightweight-speech-emotion-recognition-on-open-datasets/data/train/song/Actor_02/03-02-02-02-01-02-02.wav,train,song,2,calm,strong,2,female,1,2
/mnt/d/career/projects/lightweight-speech-emotion-recognition-on-open-datasets/data/train/song/Actor_02/03-02-02-02-02-01-02.wav,train,song,2,calm,strong,2,female,2,1
/mnt/d/career/projects/lightweight-speech-emotion-recognition-on-open-datasets/data/train/song/Actor_02/03-02-02-02-02-02-02.wav,train,song,2,calm,strong,2,female,2,2
/mnt/d/career/projects/lightweight-speech-emotion-recognition-on-open-datasets/data/train/song/Actor_02/03-02-03-01-01-01-02.wav,train,song,3,happy,normal,2,female,1,1
/mnt/d/career/projects/lightweight-speech-emotion-recognition-on-open-datasets/data/train/song/Actor_02/03-02-03-01-01-02-02.wav,train,song,3,happy,normal,2,female,1,2
/mnt/d/career/projects/lightweight-speech-emotion-recognition-on-open-datasets/data/train/song/Actor_02/03-02-03-01-02-01-02.wav,train,song,3,happy,normal,2,female,2,1
/mnt/d/career/projects/lightweight-speech-emotion-recognition-on-open-datasets/data/train/song/Actor_02/03-02-03-01-02-02-02.wav,train,song,3,happy,normal,2,female,2,2
/mnt/d/career/projects/lightweight-speech-emotion-recognition-on-open-datasets/data/train/song/Actor_02/03-02-03-02-01-01-02.wav,train,song,3,happy,strong,2,female,1,1
/mnt/d/career/projects/lightweight-speech-emotion-recognition-on-open-datasets/data/train/song/Actor_02/03-02-03-02-01-02-02.wav,train,song,3,happy,strong,2,female,1,2
/mnt/d/career/projects/lightweight-speech-emotion-recognition-on-open-datasets/data/train/song/Actor_02/03-02-03-02-02-01-02.wav,train,song,3,happy,strong,2,female,2,1
/mnt/d/career/projects/lightweight-speech-emotion-recognition-on-open-datasets/data/train/song/Actor_02/03-02-03-02-02-02-02.wav,train,song,3,happy,strong,2,female,2,2
/mnt/d/career/projects/lightweight-speech-emotion-recognition-on-open-datasets/data/train/song/Actor_02/03-02-04-01-01-01-02.wav,train,song,4,sad,normal,2,female,1,1
/mnt/d/career/projects/lightweight-speech-emotion-recognition-on-open-datasets/data/train/song/Actor_02/03-02-04-01-01-02-02.wav,train,song,4,sad,normal,2,female,1,2
/mnt/d/career/projects/lightweight-speech-emotion-recognition-on-open-datasets/data/train/song/Actor_02/03-02-04-01-02-01-02.wav,train,song,4,sad,normal,2,female,2,1
/mnt/d/career/projects/lightweight-speech-emotion-recognition-on-open-datasets/data/train/song/Actor_02/03-02-04-01-02-02-02.wav,train,song,4,sad,normal,2,female,2,2
/mnt/d/career/projects/lightweight-speech-emotion-recognition-on-open-datasets/data/train/song/Actor_02/03-02-04-02-01-01-02.wav,train,song,4,sad,strong,2,female,1,1
/mnt/d/career/projects/lightweight-speech-emotion-recognition-on-open-datasets/data/train/song/Actor_02/03-02-04-02-01-02-02.wav,train,song,4,sad,strong,2,female,1,2
/mnt/d/career/projects/lightweight-speech-emotion-recognition-on-open-datasets/data/train/song/Actor_02/03-02-04-02-02-01-02.wav,train,song,4,sad,strong,2,female,2,1
/mnt/d/career/projects/lightweight-speech-emotion-recognition-on-open-datasets/data/train/song/Actor_02/03-02-04-02-02-02-02.wav,train,song,4,sad,strong,2,female,2,2
/mnt/d/career/projects/lightweight-speech-emotion-recognition-on-open-datasets/data/train/song/Actor_02/03-02-05-01-01-01-02.wav,train,song,5,angry,normal,2,female,1,1
/mnt/d/career/projects/lightweight-speech-emotion-recognition-on-open-datasets/data/train/song/Actor_02/03-02-05-01-01-02-02.wav,train,song,5,angry,normal,2,female,1,2
/mnt/d/career/projects/lightweight-speech-emotion-recognition-on-open-datasets/data/train/song/Actor_02/03-02-05-01-02-01-02.wav,train,song,5,angry,normal,2,female,2,1
/mnt/d/career/projects/lightweight-speech-emotion-recognition-on-open-datasets/data/train/song/Actor_02/03-02-05-01-02-02-02.wav,train,song,5,angry,normal,2,female,2,2
/mnt/d/career/projects/lightweight-speech-emotion-recognition-on-open-datasets/data/train/song/Actor_02/03-02-05-02-01-01-02.wav,train,song,5,angry,strong,2,female,1,1
/mnt/d/career/projects/lightweight-speech-emotion-recognition-on-open-datasets/data/train/song/Actor_02/03-02-05-02-01-02-02.wav,train,song,5,angry,strong,2,female,1,2
/mnt/d/career/projects/lightweight-speech-emotion-recognition-on-open-datasets/data/train/song/Actor_02/03-02-05-02-02-01-02.wav,train,song,5,angry,strong,2,female,2,1
/mnt/d/career/projects/lightweight-speech-emotion-recognition-on-open-datasets/data/train/song/Actor_02/03-02-05-02-02-02-02.wav,train,song,5,angry,strong,2,female,2,2
/mnt/d/career/projects/lightweight-speech-emotion-recognition-on-open-datasets/data/train/song/Actor_02/03-02-06-01-01-01-02.wav,train,song,6,fearful,normal,2,female,1,1
/mnt/d/career/projects/lightweight-speech-emotion-recognition-on-open-datasets/data/train/song/Actor_02/03-02-06-01-01-02-02.wav,train,song,6,fearful,normal,2,female,1,2
/mnt/d/career/projects/lightweight-speech-emotion-recognition-on-open-datasets/data/train/song/Actor_02/03-02-06-01-02-01-02.wav,train,song,6,fearful,normal,2,female,2,1
/mnt/d/career/projects/lightweight-speech-emotion-recognition-on-open-datasets/data/train/song/Actor_02/03-02-06-01-02-02-02.wav,train,song,6,fearful,normal,2,female,2,2
/mnt/d/career/projects/lightweight-speech-emotion-recognition-on-open-datasets/data/train/song/Actor_02/03-02-06-02-01-01-02.wav,train,song,6,fearful,strong,2,female,1,1
/mnt/d/career/projects/lightweight-speech-emotion-recognition-on-open-datasets/data/train/song/Actor_02/03-02-06-02-01-02-02.wav,train,song,6,fearful,strong,2,female,1,2
/mnt/d/career/projects/lightweight-speech-emotion-recognition-on-open-datasets/data/train/song/Actor_02/03-02-06-02-02-01-02.wav,train,song,6,fearful,strong,2,female,2,1
/mnt/d/career/projects/lightweight-speech-emotion-recognition-on-open-datasets/data/train/song/Actor_02/03-02-06-02-02-02-02.wav,train,song,6,fearful,strong,2,female,2,2
/mnt/d/career/projects/lightweight-speech-emotion-recognition-on-open-datasets/data/train/song/Actor_03/03-02-01-01-01-01-03.wav,train,song,1,neutral,normal,3,male,1,1
/mnt/d/career/projects/lightweight-speech-emotion-recognition-on-open-datasets/data/train/song/Actor_03/03-02-01-01-01-02-03.wav,train,song,1,neutral,normal,3,male,1,2
/mnt/d/career/projects/lightweight-speech-emotion-recognition-on-open-datasets/data/train/song/Actor_03/03-02-01-01-02-01-03.wav,train,song,1,neutral,normal,3,male,2,1
/mnt/d/career/projects/lightweight-speech-emotion-recognition-on-open-datasets/data/train/song/Actor_03/03-02-01-01-02-02-03.wav,train,song,1,neutral,normal,3,male,2,2
/mnt/d/career/projects/lightweight-speech-emotion-recognition-on-open-datasets/data/train/song/Actor_03/03-02-02-01-01-01-03.wav,train,song,2,calm,normal,3,male,1,1
/mnt/d/career/projects/lightweight-speech-emotion-recognition-on-open-datasets/data/train/song/Actor_03/03-02-02-01-01-02-03.wav,train,song,2,calm,normal,3,male,1,2
/mnt/d/career/projects/lightweight-speech-emotion-recognition-on-open-datasets/data/train/song/Actor_03/03-02-02-01-02-01-03.wav,train,song,2,calm,normal,3,male,2,1
/mnt/d/career/projects/lightweight-speech-emotion-recognition-on-open-datasets/data/train/song/Actor_03/03-02-02-01-02-02-03.wav,train,song,2,calm,normal,3,male,2,2
/mnt/d/career/projects/lightweight-speech-emotion-recognition-on-open-datasets/data/train/song/Actor_03/03-02-02-02-01-01-03.wav,train,song,2,calm,strong,3,male,1,1
/mnt/d/career/projects/lightweight-speech-emotion-recognition-on-open-datasets/data/train/song/Actor_03/03-02-02-02-01-02-03.wav,train,song,2,calm,strong,3,male,1,2
/mnt/d/career/projects/lightweight-speech-emotion-recognition-on-open-datasets/data/train/song/Actor_03/03-02-02-02-02-01-03.wav,train,song,2,calm,strong,3,male,2,1
/mnt/d/career/projects/lightweight-speech-emotion-recognition-on-open-datasets/data/train/song/Actor_03/03-02-02-02-02-02-03.wav,train,song,2,calm,strong,3,male,2,2
/mnt/d/career/projects/lightweight-speech-emotion-recognition-on-open-datasets/data/train/song/Actor_03/03-02-03-01-01-01-03.wav,train,song,3,happy,normal,3,male,1,1
/mnt/d/career/projects/lightweight-speech-emotion-recognition-on-open-datasets/data/train/song/Actor_03/03-02-03-01-01-02-03.wav,train,song,3,happy,normal,3,male,1,2
/mnt/d/career/projects/lightweight-speech-emotion-recognition-on-open-datasets/data/train/song/Actor_03/03-02-03-01-02-01-03.wav,train,song,3,happy,normal,3,male,2,1
/mnt/d/career/projects/lightweight-speech-emotion-recognition-on-open-datasets/data/train/song/Actor_03/03-02-03-01-02-02-03.wav,train,song,3,happy,normal,3,male,2,2
/mnt/d/career/projects/lightweight-speech-emotion-recognition-on-open-datasets/data/train/song/Actor_03/03-02-03-02-01-01-03.wav,train,song,3,happy,strong,3,male,1,1
/mnt/d/career/projects/lightweight-speech-emotion-recognition-on-open-datasets/data/train/song/Actor_03/03-02-03-02-01-02-03.wav,train,song,3,happy,strong,3,male,1,2
/mnt/d/career/projects/lightweight-speech-emotion-recognition-on-open-datasets/data/train/song/Actor_03/03-02-03-02-02-01-03.wav,train,song,3,happy,strong,3,male,2,1
/mnt/d/career/projects/lightweight-speech-emotion-recognition-on-open-datasets/data/train/song/Actor_03/03-02-03-02-02-02-03.wav,train,song,3,happy,strong,3,male,2,2
/mnt/d/career/projects/lightweight-speech-emotion-recognition-on-open-datasets/data/train/song/Actor_03/03-02-04-01-01-01-03.wav,train,song,4,sad,normal,3,male,1,1
/mnt/d/career/projects/lightweight-speech-emotion-recognition-on-open-datasets/data/train/song/Actor_03/03-02-04-01-01-02-03.wav,train,song,4,sad,normal,3,male,1,2
/mnt/d/career/projects/lightweight-speech-emotion-recognition-on-open-datasets/data/train/song/Actor_03/03-02-04-01-02-01-03.wav,train,song,4,sad,normal,3,male,2,1
/mnt/d/career/projects/lightweight-speech-emotion-recognition-on-open-datasets/data/train/song/Actor_03/03-02-04-01-02-02-03.wav,train,song,4,sad,normal,3,male,2,2
/mnt/d/career/projects/lightweight-speech-emotion-recognition-on-open-datasets/data/train/song/Actor_03/03-02-04-02-01-01-03.wav,train,song,4,sad,strong,3,male,1,1
/mnt/d/career/projects/lightweight-speech-emotion-recognition-on-open-datasets/data/train/song/Actor_03/03-02-04-02-01-02-03.wav,train,song,4,sad,strong,3,male,1,2
/mnt/d/career/projects/lightweight-speech-emotion-recognition-on-open-datasets/data/train/song/Actor_03/03-02-04-02-02-01-03.wav,train,song,4,sad,strong,3,male,2,1
/mnt/d/career/projects/lightweight-speech-emotion-recognition-on-open-datasets/data/train/song/Actor_03/03-02-04-02-02-02-03.wav,train,song,4,sad,strong,3,male,2,2
/mnt/d/career/projects/lightweight-speech-emotion-recognition-on-open-datasets/data/train/song/Actor_03/03-02-05-01-01-01-03.wav,train,song,5,angry,normal,3,male,1,1
/mnt/d/career/projects/lightweight-speech-emotion-recognition-on-open-datasets/data/train/song/Actor_03/03-02-05-01-01-02-03.wav,train,song,5,angry,normal,3,male,1,2
/mnt/d/career/projects/lightweight-speech-emotion-recognition-on-open-datasets/data/train/song/Actor_03/03-02-05-01-02-01-03.wav,train,song,5,angry,normal,3,male,2,1
/mnt/d/career/projects/lightweight-speech-emotion-recognition-on-open-datasets/data/train/song/Actor_03/03-02-05-01-02-02-03.wav,train,song,5,angry,normal,3,male,2,2
/mnt/d/career/projects/lightweight-speech-emotion-recognition-on-open-datasets/data/train/song/Actor_03/03-02-05-02-01-01-03.wav,train,song,5,angry,strong,3,male,1,1
/mnt/d/career/projects/lightweight-speech-emotion-recognition-on-open-datasets/data/train/song/Actor_03/03-02-05-02-01-02-03.wav,train,song,5,angry,strong,3,male,1,2
/mnt/d/career/projects/lightweight-speech-emotion-recognition-on-open-datasets/data/train/song/Actor_03/03-02-05-02-02-01-03.wav,train,song,5,angry,strong,3,male,2,1
/mnt/d/career/projects/lightweight-speech-emotion-recognition-on-open-datasets/data/train/song/Actor_03/03-02-05-02-02-02-03.wav,train,song,5,angry,strong,3,male,2,2
/mnt/d/career/projects/lightweight-speech-emotion-recognition-on-open-datasets/data/train/song/Actor_03/03-02-06-01-01-01-03.wav,train,song,6,fearful,normal,3,male,1,1
/mnt/d/career/projects/lightweight-speech-emotion-recognition-on-open-datasets/data/train/song/Actor_03/03-02-06-01-01-02-03.wav,train,song,6,fearful,normal,3,male,1,2
/mnt/d/career/projects/lightweight-speech-emotion-recognition-on-open-datasets/data/train/song/Actor_03/03-02-06-01-02-01-03.wav,train,song,6,fearful,normal,3,male,2,1
/mnt/d/career/projects/lightweight-speech-emotion-recognition-on-open-datasets/data/train/song/Actor_03/03-02-06-01-02-02-03.wav,train,song,6,fearful,normal,3,male,2,2
/mnt/d/career/projects/lightweight-speech-emotion-recognition-on-open-datasets/data/train/song/Actor_03/03-02-06-02-01-01-03.wav,train,song,6,fearful,strong,3,male,1,1
/mnt/d/career/projects/lightweight-speech-emotion-recognition-on-open-datasets/data/train/song/Actor_03/03-02-06-02-01-02-03.wav,train,song,6,fearful,strong,3,male,1,2
/mnt/d/career/projects/lightweight-speech-emotion-recognition-on-open-datasets/data/train/song/Actor_03/03-02-06-02-02-01-03.wav,train,song,6,fearful,strong,3,male,2,1
/mnt/d/career/projects/lightweight-speech-emotion-recognition-on-open-datasets/data/train/song/Actor_03/03-02-06-02-02-02-03.wav,train,song,6,fearful,strong,3,male,2,2
/mnt/d/career/projects/lightweight-speech-emotion-recognition-on-open-datasets/data/train/song/Actor_04/03-02-01-01-01-01-04.wav,train,song,1,neutral,normal,4,female,1,1
/mnt/d/career/projects/lightweight-speech-emotion-recognition-on-open-datasets/data/train/song/Actor_04/03-02-01-01-01-02-04.wav,train,song,1,neutral,normal,4,female,1,2
/mnt/d/career/projects/lightweight-speech-emotion-recognition-on-open-datasets/data/train/song/Actor_04/03-02-01-01-02-01-04.wav,train,song,1,neutral,normal,4,female,2,1
/mnt/d/career/projects/lightweight-speech-emotion-recognition-on-open-datasets/data/train/song/Actor_04/03-02-01-01-02-02-04.wav,train,song,1,neutral,normal,4,female,2,2
/mnt/d/career/projects/lightweight-speech-emotion-recognition-on-open-datasets/data/train/song/Actor_04/03-02-02-01-01-01-04.wav,train,song,2,calm,normal,4,female,1,1
/mnt/d/career/projects/lightweight-speech-emotion-recognition-on-open-datasets/data/train/song/Actor_04/03-02-02-01-01-02-04.wav,train,song,2,calm,normal,4,female,1,2
/mnt/d/career/projects/lightweight-speech-emotion-recognition-on-open-datasets/data/train/song/Actor_04/03-02-02-01-02-01-04.wav,train,song,2,calm,normal,4,female,2,1
/mnt/d/career/projects/lightweight-speech-emotion-recognition-on-open-datasets/data/train/song/Actor_04/03-02-02-01-02-02-04.wav,train,song,2,calm,normal,4,female,2,2
/mnt/d/career/projects/lightweight-speech-emotion-recognition-on-open-datasets/data/train/song/Actor_04/03-02-02-02-01-01-04.wav,train,song,2,calm,strong,4,female,1,1
/mnt/d/career/projects/lightweight-speech-emotion-recognition-on-open-datasets/data/train/song/Actor_04/03-02-02-02-01-02-04.wav,train,song,2,calm,strong,4,female,1,2
/mnt/d/career/projects/lightweight-speech-emotion-recognition-on-open-datasets/data/train/song/Actor_04/03-02-02-02-02-01-04.wav,train,song,2,calm,strong,4,female,2,1
/mnt/d/career/projects/lightweight-speech-emotion-recognition-on-open-datasets/data/train/song/Actor_04/03-02-02-02-02-02-04.wav,train,song,2,calm,strong,4,female,2,2
/mnt/d/career/projects/lightweight-speech-emotion-recognition-on-open-datasets/data/train/song/Actor_04/03-02-03-01-01-01-04.wav,train,song,3,happy,normal,4,female,1,1
/mnt/d/career/projects/lightweight-speech-emotion-recognition-on-open-datasets/data/train/song/Actor_04/03-02-03-01-01-02-04.wav,train,song,3,happy,normal,4,female,1,2
/mnt/d/career/projects/lightweight-speech-emotion-recognition-on-open-datasets/data/train/song/Actor_04/03-02-03-01-02-01-04.wav,train,song,3,happy,normal,4,female,2,1
/mnt/d/career/projects/lightweight-speech-emotion-recognition-on-open-datasets/data/train/song/Actor_04/03-02-03-01-02-02-04.wav,train,song,3,happy,normal,4,female,2,2
/mnt/d/career/projects/lightweight-speech-emotion-recognition-on-open-datasets/data/train/song/Actor_04/03-02-03-02-01-01-04.wav,train,song,3,happy,strong,4,female,1,1
/mnt/d/career/projects/lightweight-speech-emotion-recognition-on-open-datasets/data/train/song/Actor_04/03-02-03-02-01-02-04.wav,train,song,3,happy,strong,4,female,1,2
/mnt/d/career/projects/lightweight-speech-emotion-recognition-on-open-datasets/data/train/song/Actor_04/03-02-03-02-02-01-04.wav,train,song,3,happy,strong,4,female,2,1
/mnt/d/career/projects/lightweight-speech-emotion-recognition-on-open-datasets/data/train/song/Actor_04/03-02-03-02-02-02-04.wav,train,song,3,happy,strong,4,female,2,2
/mnt/d/career/projects/lightweight-speech-emotion-recognition-on-open-datasets/data/train/song/Actor_04/03-02-04-01-01-01-04.wav,train,song,4,sad,normal,4,female,1,1
/mnt/d/career/projects/lightweight-speech-emotion-recognition-on-open-datasets/data/train/song/Actor_04/03-02-04-01-01-02-04.wav,train,song,4,sad,normal,4,female,1,2
/mnt/d/career/projects/lightweight-speech-emotion-recognition-on-open-datasets/data/train/song/Actor_04/03-02-04-01-02-01-04.wav,train,song,4,sad,normal,4,female,2,1
/mnt/d/career/projects/lightweight-speech-emotion-recognition-on-open-datasets/data/train/song/Actor_04/03-02-04-01-02-02-04.wav,train,song,4,sad,normal,4,female,2,2
/mnt/d/career/projects/lightweight-speech-emotion-recognition-on-open-datasets/data/train/song/Actor_04/03-02-04-02-01-01-04.wav,train,song,4,sad,strong,4,female,1,1
/mnt/d/career/projects/lightweight-speech-emotion-recognition-on-open-datasets/data/train/song/Actor_04/03-02-04-02-01-02-04.wav,train,song,4,sad,strong,4,female,1,2
/mnt/d/career/projects/lightweight-speech-emotion-recognition-on-open-datasets/data/train/song/Actor_04/03-02-04-02-02-01-04.wav,train,song,4,sad,strong,4,female,2,1
/mnt/d/career/projects/lightweight-speech-emotion-recognition-on-open-datasets/data/train/song/Actor_04/03-02-04-02-02-02-04.wav,train,song,4,sad,strong,4,female,2,2
/mnt/d/career/projects/lightweight-speech-emotion-recognition-on-open-datasets/data/train/song/Actor_04/03-02-05-01-01-01-04.wav,train,song,5,angry,normal,4,female,1,1
/mnt/d/career/projects/lightweight-speech-emotion-recognition-on-open-datasets/data/train/song/Actor_04/03-02-05-01-01-02-04.wav,train,song,5,angry,normal,4,female,1,2
/mnt/d/career/projects/lightweight-speech-emotion-recognition-on-open-datasets/data/train/song/Actor_04/03-02-05-01-02-01-04.wav,train,song,5,angry,normal,4,female,2,1
/mnt/d/career/projects/lightweight-speech-emotion-recognition-on-open-datasets/data/train/song/Actor_04/03-02-05-01-02-02-04.wav,train,song,5,angry,normal,4,female,2,2
/mnt/d/career/projects/lightweight-speech-emotion-recognition-on-open-datasets/data/train/song/Actor_04/03-02-05-02-01-01-04.wav,train,song,5,angry,strong,4,female,1,1
/mnt/d/career/projects/lightweight-speech-emotion-recognition-on-open-datasets/data/train/song/Actor_04/03-02-05-02-01-02-04.wav,train,song,5,angry,strong,4,female,1,2
/mnt/d/career/projects/lightweight-speech-emotion-recognition-on-open-datasets/data/train/song/Actor_04/03-02-05-02-02-01-04.wav,train,song,5,angry,strong,4,female,2,1
/mnt/d/career/projects/lightweight-speech-emotion-recognition-on-open-datasets/data/train/song/Actor_04/03-02-05-02-02-02-04.wav,train,song,5,angry,strong,4,female,2,2
/mnt/d/career/projects/lightweight-speech-emotion-recognition-on-open-datasets/data/train/song/Actor_04/03-02-06-01-01-01-04.wav,train,song,6,fearful,normal,4,female,1,1
/mnt/d/career/projects/lightweight-speech-emotion-recognition-on-open-datasets/data/train/song/Actor_04/03-02-06-01-01-02-04.wav,train,song,6,fearful,normal,4,female,1,2
/mnt/d/career/projects/lightweight-speech-emotion-recognition-on-open-datasets/data/train/song/Actor_04/03-02-06-01-02-01-04.wav,train,song,6,fearful,normal,4,female,2,1
/mnt/d/career/projects/lightweight-speech-emotion-recognition-on-open-datasets/data/train/song/Actor_04/03-02-06-01-02-02-04.wav,train,song,6,fearful,normal,4,female,2,2
/mnt/d/career/projects/lightweight-speech-emotion-recognition-on-open-datasets/data/train/song/Actor_04/03-02-06-02-01-01-04.wav,train,song,6,fearful,strong,4,female,1,1
/mnt/d/career/projects/lightweight-speech-emotion-recognition-on-open-datasets/data/train/song/Actor_04/03-02-06-02-01-02-04.wav,train,song,6,fearful,strong,4,female,1,2
/mnt/d/career/projects/lightweight-speech-emotion-recognition-on-open-datasets/data/train/song/Actor_04/03-02-06-02-02-01-04.wav,train,song,6,fearful,strong,4,female,2,1
/mnt/d/career/projects/lightweight-speech-emotion-recognition-on-open-datasets/data/train/song/Actor_04/03-02-06-02-02-02-04.wav,train,song,6,fearful,strong,4,female,2,2
/mnt/d/career/projects/lightweight-speech-emotion-recognition-on-open-datasets/data/train/song/Actor_05/03-02-01-01-01-01-05.wav,train,song,1,neutral,normal,5,male,1,1
/mnt/d/career/projects/lightweight-speech-emotion-recognition-on-open-datasets/data/train/song/Actor_05/03-02-01-01-01-02-05.wav,train,song,1,neutral,normal,5,male,1,2
/mnt/d/career/projects/lightweight-speech-emotion-recognition-on-open-datasets/data/train/song/Actor_05/03-02-01-01-02-01-05.wav,train,song,1,neutral,normal,5,male,2,1
/mnt/d/career/projects/lightweight-speech-emotion-recognition-on-open-datasets/data/train/song/Actor_05/03-02-01-01-02-02-05.wav,train,song,1,neutral,normal,5,male,2,2
/mnt/d/career/projects/lightweight-speech-emotion-recognition-on-open-datasets/data/train/song/Actor_05/03-02-02-01-01-01-05.wav,train,song,2,calm,normal,5,male,1,1
/mnt/d/career/projects/lightweight-speech-emotion-recognition-on-open-datasets/data/train/song/Actor_05/03-02-02-01-01-02-05.wav,train,song,2,calm,normal,5,male,1,2
/mnt/d/career/projects/lightweight-speech-emotion-recognition-on-open-datasets/data/train/song/Actor_05/03-02-02-01-02-01-05.wav,train,song,2,calm,normal,5,male,2,1
/mnt/d/career/projects/lightweight-speech-emotion-recognition-on-open-datasets/data/train/song/Actor_05/03-02-02-01-02-02-05.wav,train,song,2,calm,normal,5,male,2,2
/mnt/d/career/projects/lightweight-speech-emotion-recognition-on-open-datasets/data/train/song/Actor_05/03-02-02-02-01-01-05.wav,train,song,2,calm,strong,5,male,1,1
/mnt/d/career/projects/lightweight-speech-emotion-recognition-on-open-datasets/data/train/song/Actor_05/03-02-02-02-01-02-05.wav,train,song,2,calm,strong,5,male,1,2
/mnt/d/career/projects/lightweight-speech-emotion-recognition-on-open-datasets/data/train/song/Actor_05/03-02-02-02-02-01-05.wav,train,song,2,calm,strong,5,male,2,1
/mnt/d/career/projects/lightweight-speech-emotion-recognition-on-open-datasets/data/train/song/Actor_05/03-02-02-02-02-02-05.wav,train,song,2,calm,strong,5,male,2,2
/mnt/d/career/projects/lightweight-speech-emotion-recognition-on-open-datasets/data/train/song/Actor_05/03-02-03-01-01-01-05.wav,train,song,3,happy,normal,5,male,1,1
/mnt/d/career/projects/lightweight-speech-emotion-recognition-on-open-datasets/data/train/song/Actor_05/03-02-03-01-01-02-05.wav,train,song,3,happy,normal,5,male,1,2
/mnt/d/career/projects/lightweight-speech-emotion-recognition-on-open-datasets/data/train/song/Actor_05/03-02-03-01-02-01-05.wav,train,song,3,happy,normal,5,male,2,1
/mnt/d/career/projects/lightweight-speech-emotion-recognition-on-open-datasets/data/train/song/Actor_05/03-02-03-01-02-02-05.wav,train,song,3,happy,normal,5,male,2,2
/mnt/d/career/projects/lightweight-speech-emotion-recognition-on-open-datasets/data/train/song/Actor_05/03-02-03-02-01-01-05.wav,train,song,3,happy,strong,5,male,1,1
/mnt/d/career/projects/lightweight-speech-emotion-recognition-on-open-datasets/data/train/song/Actor_05/03-02-03-02-01-02-05.wav,train,song,3,happy,strong,5,male,1,2
/mnt/d/career/projects/lightweight-speech-emotion-recognition-on-open-datasets/data/train/song/Actor_05/03-02-03-02-02-01-05.wav,train,song,3,happy,strong,5,male,2,1
/mnt/d/career/projects/lightweight-speech-emotion-recognition-on-open-datasets/data/train/song/Actor_05/03-02-03-02-02-02-05.wav,train,song,3,happy,strong,5,male,2,2
/mnt/d/career/projects/lightweight-speech-emotion-recognition-on-open-datasets/data/train/song/Actor_05/03-02-04-01-01-01-05.wav,train,song,4,sad,normal,5,male,1,1
/mnt/d/career/projects/lightweight-speech-emotion-recognition-on-open-datasets/data/train/song/Actor_05/03-02-04-01-01-02-05.wav,train,song,4,sad,normal,5,male,1,2
/mnt/d/career/projects/lightweight-speech-emotion-recognition-on-open-datasets/data/train/song/Actor_05/03-02-04-01-02-01-05.wav,train,song,4,sad,normal,5,male,2,1
/mnt/d/career/projects/lightweight-speech-emotion-recognition-on-open-datasets/data/train/song/Actor_05/03-02-04-01-02-02-05.wav,train,song,4,sad,normal,5,male,2,2
/mnt/d/career/projects/lightweight-speech-emotion-recognition-on-open-datasets/data/train/song/Actor_05/03-02-04-02-01-01-05.wav,train,song,4,sad,strong,5,male,1,1
/mnt/d/career/projects/lightweight-speech-emotion-recognition-on-open-datasets/data/train/song/Actor_05/03-02-04-02-01-02-05.wav,train,song,4,sad,strong,5,male,1,2
/mnt/d/career/projects/lightweight-speech-emotion-recognition-on-open-datasets/data/train/song/Actor_05/03-02-04-02-02-01-05.wav,train,song,4,sad,strong,5,male,2,1
/mnt/d/career/projects/lightweight-speech-emotion-recognition-on-open-datasets/data/train/song/Actor_05/03-02-04-02-02-02-05.wav,train,song,4,sad,strong,5,male,2,2
/mnt/d/career/projects/lightweight-speech-emotion-recognition-on-open-datasets/data/train/song/Actor_05/03-02-05-01-01-01-05.wav,train,song,5,angry,normal,5,male,1,1
/mnt/d/career/projects/lightweight-speech-emotion-recognition-on-open-datasets/data/train/song/Actor_05/03-02-05-01-01-02-05.wav,train,song,5,angry,normal,5,male,1,2
/mnt/d/career/projects/lightweight-speech-emotion-recognition-on-open-datasets/data/train/song/Actor_05/03-02-05-01-02-01-05.wav,train,song,5,angry,normal,5,male,2,1
/mnt/d/career/projects/lightweight-speech-emotion-recognition-on-open-datasets/data/train/song/Actor_05/03-02-05-01-02-02-05.wav,train,song,5,angry,normal,5,male,2,2
/mnt/d/career/projects/lightweight-speech-emotion-recognition-on-open-datasets/data/train/song/Actor_05/03-02-05-02-01-01-05.wav,train,song,5,angry,strong,5,male,1,1
/mnt/d/career/projects/lightweight-speech-emotion-recognition-on-open-datasets/data/train/song/Actor_05/03-02-05-02-01-02-05.wav,train,song,5,angry,strong,5,male,1,2
/mnt/d/career/projects/lightweight-speech-emotion-recognition-on-open-datasets/data/train/song/Actor_05/03-02-05-02-02-01-05.wav,train,song,5,angry,strong,5,male,2,1
/mnt/d/career/projects/lightweight-speech-emotion-recognition-on-open-datasets/data/train/song/Actor_05/03-02-05-02-02-02-05.wav,train,song,5,angry,strong,5,male,2,2
/mnt/d/career/projects/lightweight-speech-emotion-recognition-on-open-datasets/data/train/song/Actor_05/03-02-06-01-01-01-05.wav,train,song,6,fearful,normal,5,male,1,1
/mnt/d/career/projects/lightweight-speech-emotion-recognition-on-open-datasets/data/train/song/Actor_05/03-02-06-01-01-02-05.wav,train,song,6,fearful,normal,5,male,1,2
/mnt/d/career/projects/lightweight-speech-emotion-recognition-on-open-datasets/data/train/song/Actor_05/03-02-06-01-02-01-05.wav,train,song,6,fearful,normal,5,male,2,1
/mnt/d/career/projects/lightweight-speech-emotion-recognition-on-open-datasets/data/train/song/Actor_05/03-02-06-01-02-02-05.wav,train,song,6,fearful,normal,5,male,2,2
/mnt/d/career/projects/lightweight-speech-emotion-recognition-on-open-datasets/data/train/song/Actor_05/03-02-06-02-01-01-05.wav,train,song,6,fearful,strong,5,male,1,1
/mnt/d/career/projects/lightweight-speech-emotion-recognition-on-open-datasets/data/train/song/Actor_05/03-02-06-02-01-02-05.wav,train,song,6,fearful,strong,5,male,1,2
/mnt/d/career/projects/lightweight-speech-emotion-recognition-on-open-datasets/data/train/song/Actor_05/03-02-06-02-02-01-05.wav,train,song,6,fearful,strong,5,male,2,1
/mnt/d/career/projects/lightweight-speech-emotion-recognition-on-open-datasets/data/train/song/Actor_05/03-02-06-02-02-02-05.wav,train,song,6,fearful,strong,5,male,2,2
/mnt/d/career/projects/lightweight-speech-emotion-recognition-on-open-datasets/data/train/song/Actor_06/03-02-01-01-01-01-06.wav,train,song,1,neutral,normal,6,female,1,1
/mnt/d/career/projects/lightweight-speech-emotion-recognition-on-open-datasets/data/train/song/Actor_06/03-02-01-01-01-02-06.wav,train,song,1,neutral,normal,6,female,1,2
/mnt/d/career/projects/lightweight-speech-emotion-recognition-on-open-datasets/data/train/song/Actor_06/03-02-01-01-02-01-06.wav,train,song,1,neutral,normal,6,female,2,1
/mnt/d/career/projects/lightweight-speech-emotion-recognition-on-open-datasets/data/train/song/Actor_06/03-02-01-01-02-02-06.wav,train,song,1,neutral,normal,6,female,2,2
/mnt/d/career/projects/lightweight-speech-emotion-recognition-on-open-datasets/data/train/song/Actor_06/03-02-02-01-01-01-06.wav,train,song,2,calm,normal,6,female,1,1
/mnt/d/career/projects/lightweight-speech-emotion-recognition-on-open-datasets/data/train/song/Actor_06/03-02-02-01-01-02-06.wav,train,song,2,calm,normal,6,female,1,2
/mnt/d/career/projects/lightweight-speech-emotion-recognition-on-open-datasets/data/train/song/Actor_06/03-02-02-01-02-01-06.wav,train,song,2,calm,normal,6,female,2,1
/mnt/d/career/projects/lightweight-speech-emotion-recognition-on-open-datasets/data/train/song/Actor_06/03-02-02-01-02-02-06.wav,train,song,2,calm,normal,6,female,2,2
/mnt/d/career/projects/lightweight-speech-emotion-recognition-on-open-datasets/data/train/song/Actor_06/03-02-02-02-01-01-06.wav,train,song,2,calm,strong,6,female,1,1
/mnt/d/career/projects/lightweight-speech-emotion-recognition-on-open-datasets/data/train/song/Actor_06/03-02-02-02-01-02-06.wav,train,song,2,calm,strong,6,female,1,2
/mnt/d/career/projects/lightweight-speech-emotion-recognition-on-open-datasets/data/train/song/Actor_06/03-02-02-02-02-01-06.wav,train,song,2,calm,strong,6,female,2,1
/mnt/d/career/projects/lightweight-speech-emotion-recognition-on-open-datasets/data/train/song/Actor_06/03-02-02-02-02-02-06.wav,train,song,2,calm,strong,6,female,2,2
/mnt/d/career/projects/lightweight-speech-emotion-recognition-on-open-datasets/data/train/song/Actor_06/03-02-03-01-01-01-06.wav,train,song,3,happy,normal,6,female,1,1
/mnt/d/career/projects/lightweight-speech-emotion-recognition-on-open-datasets/data/train/song/Actor_06/03-02-03-01-01-02-06.wav,train,song,3,happy,normal,6,female,1,2
/mnt/d/career/projects/lightweight-speech-emotion-recognition-on-open-datasets/data/train/song/Actor_06/03-02-03-01-02-01-06.wav,train,song,3,happy,normal,6,female,2,1
/mnt/d/career/projects/lightweight-speech-emotion-recognition-on-open-datasets/data/train/song/Actor_06/03-02-03-01-02-02-06.wav,train,song,3,happy,normal,6,female,2,2
/mnt/d/career/projects/lightweight-speech-emotion-recognition-on-open-datasets/data/train/song/Actor_06/03-02-03-02-01-01-06.wav,train,song,3,happy,strong,6,female,1,1
/mnt/d/career/projects/lightweight-speech-emotion-recognition-on-open-datasets/data/train/song/Actor_06/03-02-03-02-01-02-06.wav,train,song,3,happy,strong,6,female,1,2
/mnt/d/career/projects/lightweight-speech-emotion-recognition-on-open-datasets/data/train/song/Actor_06/03-02-03-02-02-01-06.wav,train,song,3,happy,strong,6,female,2,1
/mnt/d/career/projects/lightweight-speech-emotion-recognition-on-open-datasets/data/train/song/Actor_06/03-02-03-02-02-02-06.wav,train,song,3,happy,strong,6,female,2,2
/mnt/d/career/projects/lightweight-speech-emotion-recognition-on-open-datasets/data/train/song/Actor_06/03-02-04-01-01-01-06.wav,train,song,4,sad,normal,6,female,1,1
/mnt/d/career/projects/lightweight-speech-emotion-recognition-on-open-datasets/data/train/song/Actor_06/03-02-04-01-01-02-06.wav,train,song,4,sad,normal,6,female,1,2
/mnt/d/career/projects/lightweight-speech-emotion-recognition-on-open-datasets/data/train/song/Actor_06/03-02-04-01-02-01-06.wav,train,song,4,sad,normal,6,female,2,1
/mnt/d/career/projects/lightweight-speech-emotion-recognition-on-open-datasets/data/train/song/Actor_06/03-02-04-01-02-02-06.wav,train,song,4,sad,normal,6,female,2,2
/mnt/d/career/projects/lightweight-speech-emotion-recognition-on-open-datasets/data/train/song/Actor_06/03-02-04-02-01-01-06.wav,train,song,4,sad,strong,6,female,1,1
/mnt/d/career/projects/lightweight-speech-emotion-recognition-on-open-datasets/data/train/song/Actor_06/03-02-04-02-01-02-06.wav,train,song,4,sad,strong,6,female,1,2
/mnt/d/career/projects/lightweight-speech-emotion-recognition-on-open-datasets/data/train/song/Actor_06/03-02-04-02-02-01-06.wav,train,song,4,sad,strong,6,female,2,1
/mnt/d/career/projects/lightweight-speech-emotion-recognition-on-open-datasets/data/train/song/Actor_06/03-02-04-02-02-02-06.wav,train,song,4,sad,strong,6,female,2,2
/mnt/d/career/projects/lightweight-speech-emotion-recognition-on-open-datasets/data/train/song/Actor_06/03-02-05-01-01-01-06.wav,train,song,5,angry,normal,6,female,1,1
/mnt/d/career/projects/lightweight-speech-emotion-recognition-on-open-datasets/data/train/song/Actor_06/03-02-05-01-01-02-06.wav,train,song,5,angry,normal,6,female,1,2
/mnt/d/career/projects/lightweight-speech-emotion-recognition-on-open-datasets/data/train/song/Actor_06/03-02-05-01-02-01-06.wav,train,song,5,angry,normal,6,female,2,1
/mnt/d/career/projects/lightweight-speech-emotion-recognition-on-open-datasets/data/train/song/Actor_06/03-02-05-01-02-02-06.wav,train,song,5,angry,normal,6,female,2,2
/mnt/d/career/projects/lightweight-speech-emotion-recognition-on-open-datasets/data/train/song/Actor_06/03-02-05-02-01-01-06.wav,train,song,5,angry,strong,6,female,1,1
/mnt/d/career/projects/lightweight-speech-emotion-recognition-on-open-datasets/data/train/song/Actor_06/03-02-05-02-01-02-06.wav,train,song,5,angry,strong,6,female,1,2
/mnt/d/career/projects/lightweight-speech-emotion-recognition-on-open-datasets/data/train/song/Actor_06/03-02-05-02-02-01-06.wav,train,song,5,angry,strong,6,female,2,1
/mnt/d/career/projects/lightweight-speech-emotion-recognition-on-open-datasets/data/train/song/Actor_06/03-02-05-02-02-02-06.wav,train,song,5,angry,strong,6,female,2,2
/mnt/d/career/projects/lightweight-speech-emotion-recognition-on-open-datasets/data/train/song/Actor_06/03-02-06-01-01-01-06.wav,train,song,6,fearful,normal,6,female,1,1
/mnt/d/career/projects/lightweight-speech-emotion-recognition-on-open-datasets/data/train/song/Actor_06/03-02-06-01-01-02-06.wav,train,song,6,fearful,normal,6,female,1,2
/mnt/d/career/projects/lightweight-speech-emotion-recognition-on-open-datasets/data/train/song/Actor_06/03-02-06-01-02-01-06.wav,train,song,6,fearful,normal,6,female,2,1
/mnt/d/career/projects/lightweight-speech-emotion-recognition-on-open-datasets/data/train/song/Actor_06/03-02-06-01-02-02-06.wav,train,song,6,fearful,normal,6,female,2,2
/mnt/d/career/projects/lightweight-speech-emotion-recognition-on-open-datasets/data/train/song/Actor_06/03-02-06-02-01-01-06.wav,train,song,6,fearful,strong,6,female,1,1
/mnt/d/career/projects/lightweight-speech-emotion-recognition-on-open-datasets/data/train/song/Actor_06/03-02-06-02-01-02-06.wav,train,song,6,fearful,strong,6,female,1,2
/mnt/d/career/projects/lightweight-speech-emotion-recognition-on-open-datasets/data/train/song/Actor_06/03-02-06-02-02-01-06.wav,train,song,6,fearful,strong,6,female,2,1
/mnt/d/career/projects/lightweight-speech-emotion-recognition-on-open-datasets/data/train/song/Actor_06/03-02-06-02-02-02-06.wav,train,song,6,fearful,strong,6,female,2,2
/mnt/d/career/projects/lightweight-speech-emotion-recognition-on-open-datasets/data/train/song/Actor_07/03-02-01-01-01-01-07.wav,train,song,1,neutral,normal,7,male,1,1
/mnt/d/career/projects/lightweight-speech-emotion-recognition-on-open-datasets/data/train/song/Actor_07/03-02-01-01-01-02-07.wav,train,song,1,neutral,normal,7,male,1,2
/mnt/d/career/projects/lightweight-speech-emotion-recognition-on-open-datasets/data/train/song/Actor_07/03-02-01-01-02-01-07.wav,train,song,1,neutral,normal,7,male,2,1
/mnt/d/career/projects/lightweight-speech-emotion-recognition-on-open-datasets/data/train/song/Actor_07/03-02-01-01-02-02-07.wav,train,song,1,neutral,normal,7,male,2,2
/mnt/d/career/projects/lightweight-speech-emotion-recognition-on-open-datasets/data/train/song/Actor_07/03-02-02-01-01-01-07.wav,train,song,2,calm,normal,7,male,1,1
/mnt/d/career/projects/lightweight-speech-emotion-recognition-on-open-datasets/data/train/song/Actor_07/03-02-02-01-01-02-07.wav,train,song,2,calm,normal,7,male,1,2
/mnt/d/career/projects/lightweight-speech-emotion-recognition-on-open-datasets/data/train/song/Actor_07/03-02-02-01-02-01-07.wav,train,song,2,calm,normal,7,male,2,1
/mnt/d/career/projects/lightweight-speech-emotion-recognition-on-open-datasets/data/train/song/Actor_07/03-02-02-01-02-02-07.wav,train,song,2,calm,normal,7,male,2,2
/mnt/d/career/projects/lightweight-speech-emotion-recognition-on-open-datasets/data/train/song/Actor_07/03-02-02-02-01-01-07.wav,train,song,2,calm,strong,7,male,1,1
/mnt/d/career/projects/lightweight-speech-emotion-recognition-on-open-datasets/data/train/song/Actor_07/03-02-02-02-01-02-07.wav,train,song,2,calm,strong,7,male,1,2
/mnt/d/career/projects/lightweight-speech-emotion-recognition-on-open-datasets/data/train/song/Actor_07/03-02-02-02-02-01-07.wav,train,song,2,calm,strong,7,male,2,1
/mnt/d/career/projects/lightweight-speech-emotion-recognition-on-open-datasets/data/train/song/Actor_07/03-02-02-02-02-02-07.wav,train,song,2,calm,strong,7,male,2,2
/mnt/d/career/projects/lightweight-speech-emotion-recognition-on-open-datasets/data/train/song/Actor_07/03-02-03-01-01-01-07.wav,train,song,3,happy,normal,7,male,1,1
/mnt/d/career/projects/lightweight-speech-emotion-recognition-on-open-datasets/data/train/song/Actor_07/03-02-03-01-01-02-07.wav,train,song,3,happy,normal,7,male,1,2
/mnt/d/career/projects/lightweight-speech-emotion-recognition-on-open-datasets/data/train/song/Actor_07/03-02-03-01-02-01-07.wav,train,song,3,happy,normal,7,male,2,1
/mnt/d/career/projects/lightweight-speech-emotion-recognition-on-open-datasets/data/train/song/Actor_07/03-02-03-01-02-02-07.wav,train,song,3,happy,normal,7,male,2,2
/mnt/d/career/projects/lightweight-speech-emotion-recognition-on-open-datasets/data/train/song/Actor_07/03-02-03-02-01-01-07.wav,train,song,3,happy,strong,7,male,1,1
/mnt/d/career/projects/lightweight-speech-emotion-recognition-on-open-datasets/data/train/song/Actor_07/03-02-03-02-01-02-07.wav,train,song,3,happy,strong,7,male,1,2
/mnt/d/career/projects/lightweight-speech-emotion-recognition-on-open-datasets/data/train/song/Actor_07/03-02-03-02-02-01-07.wav,train,song,3,happy,strong,7,male,2,1
/mnt/d/career/projects/lightweight-speech-emotion-recognition-on-open-datasets/data/train/song/Actor_07/03-02-03-02-02-02-07.wav,train,song,3,happy,strong,7,male,2,2
/mnt/d/career/projects/lightweight-speech-emotion-recognition-on-open-datasets/data/train/song/Actor_07/03-02-04-01-01-01-07.wav,train,song,4,sad,normal,7,male,1,1
/mnt/d/career/projects/lightweight-speech-emotion-recognition-on-open-datasets/data/train/song/Actor_07/03-02-04-01-01-02-07.wav,train,song,4,sad,normal,7,male,1,2
/mnt/d/career/projects/lightweight-speech-emotion-recognition-on-open-datasets/data/train/song/Actor_07/03-02-04-01-02-01-07.wav,train,song,4,sad,normal,7,male,2,1
/mnt/d/career/projects/lightweight-speech-emotion-recognition-on-open-datasets/data/train/song/Actor_07/03-02-04-01-02-02-07.wav,train,song,4,sad,normal,7,male,2,2
/mnt/d/career/projects/lightweight-speech-emotion-recognition-on-open-datasets/data/train/song/Actor_07/03-02-04-02-01-01-07.wav,train,song,4,sad,strong,7,male,1,1
/mnt/d/career/projects/lightweight-speech-emotion-recognition-on-open-datasets/data/train/song/Actor_07/03-02-04-02-01-02-07.wav,train,song,4,sad,strong,7,male,1,2
/mnt/d/career/projects/lightweight-speech-emotion-recognition-on-open-datasets/data/train/song/Actor_07/03-02-04-02-02-01-07.wav,train,song,4,sad,strong,7,male,2,1
/mnt/d/career/projects/lightweight-speech-emotion-recognition-on-open-datasets/data/train/song/Actor_07/03-02-04-02-02-02-07.wav,train,song,4,sad,strong,7,male,2,2
/mnt/d/career/projects/lightweight-speech-emotion-recognition-on-open-datasets/data/train/song/Actor_07/03-02-05-01-01-01-07.wav,train,song,5,angry,normal,7,male,1,1
/mnt/d/career/projects/lightweight-speech-emotion-recognition-on-open-datasets/data/train/song/Actor_07/03-02-05-01-01-02-07.wav,train,song,5,angry,normal,7,male,1,2
/mnt/d/career/projects/lightweight-speech-emotion-recognition-on-open-datasets/data/train/song/Actor_07/03-02-05-01-02-01-07.wav,train,song,5,angry,normal,7,male,2,1
/mnt/d/career/projects/lightweight-speech-emotion-recognition-on-open-datasets/data/train/song/Actor_07/03-02-05-01-02-02-07.wav,train,song,5,angry,normal,7,male,2,2
/mnt/d/career/projects/lightweight-speech-emotion-recognition-on-open-datasets/data/train/song/Actor_07/03-02-05-02-01-01-07.wav,train,song,5,angry,strong,7,male,1,1
/mnt/d/career/projects/lightweight-speech-emotion-recognition-on-open-datasets/data/train/song/Actor_07/03-02-05-02-01-02-07.wav,train,song,5,angry,strong,7,male,1,2
/mnt/d/career/projects/lightweight-speech-emotion-recognition-on-open-datasets/data/train/song/Actor_07/03-02-05-02-02-01-07.wav,train,song,5,angry,strong,7,male,2,1
/mnt/d/career/projects/lightweight-speech-emotion-recognition-on-open-datasets/data/train/song/Actor_07/03-02-05-02-02-02-07.wav,train,song,5,angry,strong,7,male,2,2
/mnt/d/career/projects/lightweight-speech-emotion-recognition-on-open-datasets/data/train/song/Actor_07/03-02-06-01-01-01-07.wav,train,song,6,fearful,normal,7,male,1,1
/mnt/d/career/projects/lightweight-speech-emotion-recognition-on-open-datasets/data/train/song/Actor_07/03-02-06-01-01-02-07.wav,train,song,6,fearful,normal,7,male,1,2
/mnt/d/career/projects/lightweight-speech-emotion-recognition-on-open-datasets/data/train/song/Actor_07/03-02-06-01-02-01-07.wav,train,song,6,fearful,normal,7,male,2,1
/mnt/d/career/projects/lightweight-speech-emotion-recognition-on-open-datasets/data/train/song/Actor_07/03-02-06-01-02-02-07.wav,train,song,6,fearful,normal,7,male,2,2
/mnt/d/career/projects/lightweight-speech-emotion-recognition-on-open-datasets/data/train/song/Actor_07/03-02-06-02-01-01-07.wav,train,song,6,fearful,strong,7,male,1,1
/mnt/d/career/projects/lightweight-speech-emotion-recognition-on-open-datasets/data/train/song/Actor_07/03-02-06-02-01-02-07.wav,train,song,6,fearful,strong,7,male,1,2
/mnt/d/career/projects/lightweight-speech-emotion-recognition-on-open-datasets/data/train/song/Actor_07/03-02-06-02-02-01-07.wav,train,song,6,fearful,strong,7,male,2,1
/mnt/d/career/projects/lightweight-speech-emotion-recognition-on-open-datasets/data/train/song/Actor_07/03-02-06-02-02-02-07.wav,train,song,6,fearful,strong,7,male,2,2
/mnt/d/career/projects/lightweight-speech-emotion-recognition-on-open-datasets/data/train/song/Actor_08/03-02-01-01-01-01-08.wav,train,song,1,neutral,normal,8,female,1,1
/mnt/d/career/projects/lightweight-speech-emotion-recognition-on-open-datasets/data/train/song/Actor_08/03-02-01-01-01-02-08.wav,train,song,1,neutral,normal,8,female,1,2
/mnt/d/career/projects/lightweight-speech-emotion-recognition-on-open-datasets/data/train/song/Actor_08/03-02-01-01-02-01-08.wav,train,song,1,neutral,normal,8,female,2,1
/mnt/d/career/projects/lightweight-speech-emotion-recognition-on-open-datasets/data/train/song/Actor_08/03-02-01-01-02-02-08.wav,train,song,1,neutral,normal,8,female,2,2
/mnt/d/career/projects/lightweight-speech-emotion-recognition-on-open-datasets/data/train/song/Actor_08/03-02-02-01-01-01-08.wav,train,song,2,calm,normal,8,female,1,1
/mnt/d/career/projects/lightweight-speech-emotion-recognition-on-open-datasets/data/train/song/Actor_08/03-02-02-01-01-02-08.wav,train,song,2,calm,normal,8,female,1,2
/mnt/d/career/projects/lightweight-speech-emotion-recognition-on-open-datasets/data/train/song/Actor_08/03-02-02-01-02-01-08.wav,train,song,2,calm,normal,8,female,2,1
/mnt/d/career/projects/lightweight-speech-emotion-recognition-on-open-datasets/data/train/song/Actor_08/03-02-02-01-02-02-08.wav,train,song,2,calm,normal,8,female,2,2
/mnt/d/career/projects/lightweight-speech-emotion-recognition-on-open-datasets/data/train/song/Actor_08/03-02-02-02-01-01-08.wav,train,song,2,calm,strong,8,female,1,1
/mnt/d/career/projects/lightweight-speech-emotion-recognition-on-open-datasets/data/train/song/Actor_08/03-02-02-02-01-02-08.wav,train,song,2,calm,strong,8,female,1,2
/mnt/d/career/projects/lightweight-speech-emotion-recognition-on-open-datasets/data/train/song/Actor_08/03-02-02-02-02-01-08.wav,train,song,2,calm,strong,8,female,2,1
/mnt/d/career/projects/lightweight-speech-emotion-recognition-on-open-datasets/data/train/song/Actor_08/03-02-02-02-02-02-08.wav,train,song,2,calm,strong,8,female,2,2
/mnt/d/career/projects/lightweight-speech-emotion-recognition-on-open-datasets/data/train/song/Actor_08/03-02-03-01-01-01-08.wav,train,song,3,happy,normal,8,female,1,1
/mnt/d/career/projects/lightweight-speech-emotion-recognition-on-open-datasets/data/train/song/Actor_08/03-02-03-01-01-02-08.wav,train,song,3,happy,normal,8,female,1,2
/mnt/d/career/projects/lightweight-speech-emotion-recognition-on-open-datasets/data/train/song/Actor_08/03-02-03-01-02-01-08.wav,train,song,3,happy,normal,8,female,2,1
/mnt/d/career/projects/lightweight-speech-emotion-recognition-on-open-datasets/data/train/song/Actor_08/03-02-03-01-02-02-08.wav,train,song,3,happy,normal,8,female,2,2
/mnt/d/career/projects/lightweight-speech-emotion-recognition-on-open-datasets/data/train/song/Actor_08/03-02-03-02-01-01-08.wav,train,song,3,happy,strong,8,female,1,1
/mnt/d/career/projects/lightweight-speech-emotion-recognition-on-open-datasets/data/train/song/Actor_08/03-02-03-02-01-02-08.wav,train,song,3,happy,strong,8,female,1,2
/mnt/d/career/projects/lightweight-speech-emotion-recognition-on-open-datasets/data/train/song/Actor_08/03-02-03-02-02-01-08.wav,train,song,3,happy,strong,8,female,2,1
/mnt/d/career/projects/lightweight-speech-emotion-recognition-on-open-datasets/data/train/song/Actor_08/03-02-03-02-02-02-08.wav,train,song,3,happy,strong,8,female,2,2
/mnt/d/career/projects/lightweight-speech-emotion-recognition-on-open-datasets/data/train/song/Actor_08/03-02-04-01-01-01-08.wav,train,song,4,sad,normal,8,female,1,1
/mnt/d/career/projects/lightweight-speech-emotion-recognition-on-open-datasets/data/train/song/Actor_08/03-02-04-01-01-02-08.wav,train,song,4,sad,normal,8,female,1,2
/mnt/d/career/projects/lightweight-speech-emotion-recognition-on-open-datasets/data/train/song/Actor_08/03-02-04-01-02-01-08.wav,train,song,4,sad,normal,8,female,2,1
/mnt/d/career/projects/lightweight-speech-emotion-recognition-on-open-datasets/data/train/song/Actor_08/03-02-04-01-02-02-08.wav,train,song,4,sad,normal,8,female,2,2
/mnt/d/career/projects/lightweight-speech-emotion-recognition-on-open-datasets/data/train/song/Actor_08/03-02-04-02-01-01-08.wav,train,song,4,sad,strong,8,female,1,1
/mnt/d/career/projects/lightweight-speech-emotion-recognition-on-open-datasets/data/train/song/Actor_08/03-02-04-02-01-02-08.wav,train,song,4,sad,strong,8,female,1,2
/mnt/d/career/projects/lightweight-speech-emotion-recognition-on-open-datasets/data/train/song/Actor_08/03-02-04-02-02-01-08.wav,train,song,4,sad,strong,8,female,2,1
/mnt/d/career/projects/lightweight-speech-emotion-recognition-on-open-datasets/data/train/song/Actor_08/03-02-04-02-02-02-08.wav,train,song,4,sad,strong,8,female,2,2
/mnt/d/career/projects/lightweight-speech-emotion-recognition-on-open-datasets/data/train/song/Actor_08/03-02-05-01-01-01-08.wav,train,song,5,angry,normal,8,female,1,1
/mnt/d/career/projects/lightweight-speech-emotion-recognition-on-open-datasets/data/train/song/Actor_08/03-02-05-01-01-02-08.wav,train,song,5,angry,normal,8,female,1,2
/mnt/d/career/projects/lightweight-speech-emotion-recognition-on-open-datasets/data/train/song/Actor_08/03-02-05-01-02-01-08.wav,train,song,5,angry,normal,8,female,2,1
/mnt/d/career/projects/lightweight-speech-emotion-recognition-on-open-datasets/data/train/song/Actor_08/03-02-05-01-02-02-08.wav,train,song,5,angry,normal,8,female,2,2
/mnt/d/career/projects/lightweight-speech-emotion-recognition-on-open-datasets/data/train/song/Actor_08/03-02-05-02-01-01-08.wav,train,song,5,angry,strong,8,female,1,1
/mnt/d/career/projects/lightweight-speech-emotion-recognition-on-open-datasets/data/train/song/Actor_08/03-02-05-02-01-02-08.wav,train,song,5,angry,strong,8,female,1,2
/mnt/d/career/projects/lightweight-speech-emotion-recognition-on-open-datasets/data/train/song/Actor_08/03-02-05-02-02-01-08.wav,train,song,5,angry,strong,8,female,2,1
/mnt/d/career/projects/lightweight-speech-emotion-recognition-on-open-datasets/data/train/song/Actor_08/03-02-05-02-02-02-08.wav,train,song,5,angry,strong,8,female,2,2
/mnt/d/career/projects/lightweight-speech-emotion-recognition-on-open-datasets/data/train/song/Actor_08/03-02-06-01-01-01-08.wav,train,song,6,fearful,normal,8,female,1,1
/mnt/d/career/projects/lightweight-speech-emotion-recognition-on-open-datasets/data/train/song/Actor_08/03-02-06-01-01-02-08.wav,train,song,6,fearful,normal,8,female,1,2
/mnt/d/career/projects/lightweight-speech-emotion-recognition-on-open-datasets/data/train/song/Actor_08/03-02-06-01-02-01-08.wav,train,song,6,fearful,normal,8,female,2,1
/mnt/d/career/projects/lightweight-speech-emotion-recognition-on-open-datasets/data/train/song/Actor_08/03-02-06-01-02-02-08.wav,train,song,6,fearful,normal,8,female,2,2
/mnt/d/career/projects/lightweight-speech-emotion-recognition-on-open-datasets/data/train/song/Actor_08/03-02-06-02-01-01-08.wav,train,song,6,fearful,strong,8,female,1,1
/mnt/d/career/projects/lightweight-speech-emotion-recognition-on-open-datasets/data/train/song/Actor_08/03-02-06-02-01-02-08.wav,train,song,6,fearful,strong,8,female,1,2
/mnt/d/career/projects/lightweight-speech-emotion-recognition-on-open-datasets/data/train/song/Actor_08/03-02-06-02-02-01-08.wav,train,song,6,fearful,strong,8,female,2,1
/mnt/d/career/projects/lightweight-speech-emotion-recognition-on-open-datasets/data/train/song/Actor_08/03-02-06-02-02-02-08.wav,train,song,6,fearful,strong,8,female,2,2
/mnt/d/career/projects/lightweight-speech-emotion-recognition-on-open-datasets/data/train/song/Actor_09/03-02-01-01-01-01-09.wav,train,song,1,neutral,normal,9,male,1,1
/mnt/d/career/projects/lightweight-speech-emotion-recognition-on-open-datasets/data/train/song/Actor_09/03-02-01-01-01-02-09.wav,train,song,1,neutral,normal,9,male,1,2
/mnt/d/career/projects/lightweight-speech-emotion-recognition-on-open-datasets/data/train/song/Actor_09/03-02-01-01-02-01-09.wav,train,song,1,neutral,normal,9,male,2,1
/mnt/d/career/projects/lightweight-speech-emotion-recognition-on-open-datasets/data/train/song/Actor_09/03-02-01-01-02-02-09.wav,train,song,1,neutral,normal,9,male,2,2
/mnt/d/career/projects/lightweight-speech-emotion-recognition-on-open-datasets/data/train/song/Actor_09/03-02-02-01-01-01-09.wav,train,song,2,calm,normal,9,male,1,1
/mnt/d/career/projects/lightweight-speech-emotion-recognition-on-open-datasets/data/train/song/Actor_09/03-02-02-01-01-02-09.wav,train,song,2,calm,normal,9,male,1,2
/mnt/d/career/projects/lightweight-speech-emotion-recognition-on-open-datasets/data/train/song/Actor_09/03-02-02-01-02-01-09.wav,train,song,2,calm,normal,9,male,2,1
/mnt/d/career/projects/lightweight-speech-emotion-recognition-on-open-datasets/data/train/song/Actor_09/03-02-02-01-02-02-09.wav,train,song,2,calm,normal,9,male,2,2
/mnt/d/career/projects/lightweight-speech-emotion-recognition-on-open-datasets/data/train/song/Actor_09/03-02-02-02-01-01-09.wav,train,song,2,calm,strong,9,male,1,1
/mnt/d/career/projects/lightweight-speech-emotion-recognition-on-open-datasets/data/train/song/Actor_09/03-02-02-02-01-02-09.wav,train,song,2,calm,strong,9,male,1,2
/mnt/d/career/projects/lightweight-speech-emotion-recognition-on-open-datasets/data/train/song/Actor_09/03-02-02-02-02-01-09.wav,train,song,2,calm,strong,9,male,2,1
/mnt/d/career/projects/lightweight-speech-emotion-recognition-on-open-datasets/data/train/song/Actor_09/03-02-02-02-02-02-09.wav,train,song,2,calm,strong,9,male,2,2
/mnt/d/career/projects/lightweight-speech-emotion-recognition-on-open-datasets/data/train/song/Actor_09/03-02-03-01-01-01-09.wav,train,song,3,happy,normal,9,male,1,1
/mnt/d/career/projects/lightweight-speech-emotion-recognition-on-open-datasets/data/train/song/Actor_09/03-02-03-01-01-02-09.wav,train,song,3,happy,normal,9,male,1,2
/mnt/d/career/projects/lightweight-speech-emotion-recognition-on-open-datasets/data/train/song/Actor_09/03-02-03-01-02-01-09.wav,train,song,3,happy,normal,9,male,2,1
/mnt/d/career/projects/lightweight-speech-emotion-recognition-on-open-datasets/data/train/song/Actor_09/03-02-03-01-02-02-09.wav,train,song,3,happy,normal,9,male,2,2
/mnt/d/career/projects/lightweight-speech-emotion-recognition-on-open-datasets/data/train/song/Actor_09/03-02-03-02-01-01-09.wav,train,song,3,happy,strong,9,male,1,1
/mnt/d/career/projects/lightweight-speech-emotion-recognition-on-open-datasets/data/train/song/Actor_09/03-02-03-02-01-02-09.wav,train,song,3,happy,strong,9,male,1,2
/mnt/d/career/projects/lightweight-speech-emotion-recognition-on-open-datasets/data/train/song/Actor_09/03-02-03-02-02-01-09.wav,train,song,3,happy,strong,9,male,2,1
/mnt/d/career/projects/lightweight-speech-emotion-recognition-on-open-datasets/data/train/song/Actor_09/03-02-03-02-02-02-09.wav,train,song,3,happy,strong,9,male,2,2
/mnt/d/career/projects/lightweight-speech-emotion-recognition-on-open-datasets/data/train/song/Actor_09/03-02-04-01-01-01-09.wav,train,song,4,sad,normal,9,male,1,1
/mnt/d/career/projects/lightweight-speech-emotion-recognition-on-open-datasets/data/train/song/Actor_09/03-02-04-01-01-02-09.wav,train,song,4,sad,normal,9,male,1,2
/mnt/d/career/projects/lightweight-speech-emotion-recognition-on-open-datasets/data/train/song/Actor_09/03-02-04-01-02-01-09.wav,train,song,4,sad,normal,9,male,2,1
/mnt/d/career/projects/lightweight-speech-emotion-recognition-on-open-datasets/data/train/song/Actor_09/03-02-04-01-02-02-09.wav,train,song,4,sad,normal,9,male,2,2
/mnt/d/career/projects/lightweight-speech-emotion-recognition-on-open-datasets/data/train/song/Actor_09/03-02-04-02-01-01-09.wav,train,song,4,sad,strong,9,male,1,1
/mnt/d/career/projects/lightweight-speech-emotion-recognition-on-open-datasets/data/train/song/Actor_09/03-02-04-02-01-02-09.wav,train,song,4,sad,strong,9,male,1,2
/mnt/d/career/projects/lightweight-speech-emotion-recognition-on-open-datasets/data/train/song/Actor_09/03-02-04-02-02-01-09.wav,train,song,4,sad,strong,9,male,2,1
/mnt/d/career/projects/lightweight-speech-emotion-recognition-on-open-datasets/data/train/song/Actor_09/03-02-04-02-02-02-09.wav,train,song,4,sad,strong,9,male,2,2
/mnt/d/career/projects/lightweight-speech-emotion-recognition-on-open-datasets/data/train/song/Actor_09/03-02-05-01-01-01-09.wav,train,song,5,angry,normal,9,male,1,1
/mnt/d/career/projects/lightweight-speech-emotion-recognition-on-open-datasets/data/train/song/Actor_09/03-02-05-01-01-02-09.wav,train,song,5,angry,normal,9,male,1,2
/mnt/d/career/projects/lightweight-speech-emotion-recognition-on-open-datasets/data/train/song/Actor_09/03-02-05-01-02-01-09.wav,train,song,5,angry,normal,9,male,2,1
/mnt/d/career/projects/lightweight-speech-emotion-recognition-on-open-datasets/data/train/song/Actor_09/03-02-05-01-02-02-09.wav,train,song,5,angry,normal,9,male,2,2
/mnt/d/career/projects/lightweight-speech-emotion-recognition-on-open-datasets/data/train/song/Actor_09/03-02-05-02-01-01-09.wav,train,song,5,angry,strong,9,male,1,1
/mnt/d/career/projects/lightweight-speech-emotion-recognition-on-open-datasets/data/train/song/Actor_09/03-02-05-02-01-02-09.wav,train,song,5,angry,strong,9,male,1,2
/mnt/d/career/projects/lightweight-speech-emotion-recognition-on-open-datasets/data/train/song/Actor_09/03-02-05-02-02-01-09.wav,train,song,5,angry,strong,9,male,2,1
/mnt/d/career/projects/lightweight-speech-emotion-recognition-on-open-datasets/data/train/song/Actor_09/03-02-05-02-02-02-09.wav,train,song,5,angry,strong,9,male,2,2
/mnt/d/career/projects/lightweight-speech-emotion-recognition-on-open-datasets/data/train/song/Actor_09/03-02-06-01-01-01-09.wav,train,song,6,fearful,normal,9,male,1,1
/mnt/d/career/projects/lightweight-speech-emotion-recognition-on-open-datasets/data/train/song/Actor_09/03-02-06-01-01-02-09.wav,train,song,6,fearful,normal,9,male,1,2
/mnt/d/career/projects/lightweight-speech-emotion-recognition-on-open-datasets/data/train/song/Actor_09/03-02-06-01-02-01-09.wav,train,song,6,fearful,normal,9,male,2,1
/mnt/d/career/projects/lightweight-speech-emotion-recognition-on-open-datasets/data/train/song/Actor_09/03-02-06-01-02-02-09.wav,train,song,6,fearful,normal,9,male,2,2
/mnt/d/career/projects/lightweight-speech-emotion-recognition-on-open-datasets/data/train/song/Actor_09/03-02-06-02-01-01-09.wav,train,song,6,fearful,strong,9,male,1,1
/mnt/d/career/projects/lightweight-speech-emotion-recognition-on-open-datasets/data/train/song/Actor_09/03-02-06-02-01-02-09.wav,train,song,6,fearful,strong,9,male,1,2
/mnt/d/career/projects/lightweight-speech-emotion-recognition-on-open-datasets/data/train/song/Actor_09/03-02-06-02-02-01-09.wav,train,song,6,fearful,strong,9,male,2,1
/mnt/d/career/projects/lightweight-speech-emotion-recognition-on-open-datasets/data/train/song/Actor_09/03-02-06-02-02-02-09.wav,train,song,6,fearful,strong,9,male,2,2
/mnt/d/career/projects/lightweight-speech-emotion-recognition-on-open-datasets/data/train/song/Actor_10/03-02-01-01-01-01-10.wav,train,song,1,neutral,normal,10,female,1,1
/mnt/d/career/projects/lightweight-speech-emotion-recognition-on-open-datasets/data/train/song/Actor_10/03-02-01-01-01-02-10.wav,train,song,1,neutral,normal,10,female,1,2
/mnt/d/career/projects/lightweight-speech-emotion-recognition-on-open-datasets/data/train/song/Actor_10/03-02-01-01-02-01-10.wav,train,song,1,neutral,normal,10,female,2,1
/mnt/d/career/projects/lightweight-speech-emotion-recognition-on-open-datasets/data/train/song/Actor_10/03-02-01-01-02-02-10.wav,train,song,1,neutral,normal,10,female,2,2
/mnt/d/career/projects/lightweight-speech-emotion-recognition-on-open-datasets/data/train/song/Actor_10/03-02-02-01-01-01-10.wav,train,song,2,calm,normal,10,female,1,1
/mnt/d/career/projects/lightweight-speech-emotion-recognition-on-open-datasets/data/train/song/Actor_10/03-02-02-01-01-02-10.wav,train,song,2,calm,normal,10,female,1,2
/mnt/d/career/projects/lightweight-speech-emotion-recognition-on-open-datasets/data/train/song/Actor_10/03-02-02-01-02-01-10.wav,train,song,2,calm,normal,10,female,2,1
/mnt/d/career/projects/lightweight-speech-emotion-recognition-on-open-datasets/data/train/song/Actor_10/03-02-02-01-02-02-10.wav,train,song,2,calm,normal,10,female,2,2
/mnt/d/career/projects/lightweight-speech-emotion-recognition-on-open-datasets/data/train/song/Actor_10/03-02-02-02-01-01-10.wav,train,song,2,calm,strong,10,female,1,1
/mnt/d/career/projects/lightweight-speech-emotion-recognition-on-open-datasets/data/train/song/Actor_10/03-02-02-02-01-02-10.wav,train,song,2,calm,strong,10,female,1,2
/mnt/d/career/projects/lightweight-speech-emotion-recognition-on-open-datasets/data/train/song/Actor_10/03-02-02-02-02-01-10.wav,train,song,2,calm,strong,10,female,2,1
/mnt/d/career/projects/lightweight-speech-emotion-recognition-on-open-datasets/data/train/song/Actor_10/03-02-02-02-02-02-10.wav,train,song,2,calm,strong,10,female,2,2
/mnt/d/career/projects/lightweight-speech-emotion-recognition-on-open-datasets/data/train/song/Actor_10/03-02-03-01-01-01-10.wav,train,song,3,happy,normal,10,female,1,1
/mnt/d/career/projects/lightweight-speech-emotion-recognition-on-open-datasets/data/train/song/Actor_10/03-02-03-01-01-02-10.wav,train,song,3,happy,normal,10,female,1,2
/mnt/d/career/projects/lightweight-speech-emotion-recognition-on-open-datasets/data/train/song/Actor_10/03-02-03-01-02-01-10.wav,train,song,3,happy,normal,10,female,2,1
/mnt/d/career/projects/lightweight-speech-emotion-recognition-on-open-datasets/data/train/song/Actor_10/03-02-03-01-02-02-10.wav,train,song,3,happy,normal,10,female,2,2
/mnt/d/career/projects/lightweight-speech-emotion-recognition-on-open-datasets/data/train/song/Actor_10/03-02-03-02-01-01-10.wav,train,song,3,happy,strong,10,female,1,1
/mnt/d/career/projects/lightweight-speech-emotion-recognition-on-open-datasets/data/train/song/Actor_10/03-02-03-02-01-02-10.wav,train,song,3,happy,strong,10,female,1,2
/mnt/d/career/projects/lightweight-speech-emotion-recognition-on-open-datasets/data/train/song/Actor_10/03-02-03-02-02-01-10.wav,train,song,3,happy,strong,10,female,2,1
/mnt/d/career/projects/lightweight-speech-emotion-recognition-on-open-datasets/data/train/song/Actor_10/03-02-03-02-02-02-10.wav,train,song,3,happy,strong,10,female,2,2
/mnt/d/career/projects/lightweight-speech-emotion-recognition-on-open-datasets/data/train/song/Actor_10/03-02-04-01-01-01-10.wav,train,song,4,sad,normal,10,female,1,1
/mnt/d/career/projects/lightweight-speech-emotion-recognition-on-open-datasets/data/train/song/Actor_10/03-02-04-01-01-02-10.wav,train,song,4,sad,normal,10,female,1,2
/mnt/d/career/projects/lightweight-speech-emotion-recognition-on-open-datasets/data/train/song/Actor_10/03-02-04-01-02-01-10.wav,train,song,4,sad,normal,10,female,2,1
/mnt/d/career/projects/lightweight-speech-emotion-recognition-on-open-datasets/data/train/song/Actor_10/03-02-04-01-02-02-10.wav,train,song,4,sad,normal,10,female,2,2
/mnt/d/career/projects/lightweight-speech-emotion-recognition-on-open-datasets/data/train/song/Actor_10/03-02-04-02-01-01-10.wav,train,song,4,sad,strong,10,female,1,1
/mnt/d/career/projects/lightweight-speech-emotion-recognition-on-open-datasets/data/train/song/Actor_10/03-02-04-02-01-02-10.wav,train,song,4,sad,strong,10,female,1,2
/mnt/d/career/projects/lightweight-speech-emotion-recognition-on-open-datasets/data/train/song/Actor_10/03-02-04-02-02-01-10.wav,train,song,4,sad,strong,10,female,2,1
/mnt/d/career/projects/lightweight-speech-emotion-recognition-on-open-datasets/data/train/song/Actor_10/03-02-04-02-02-02-10.wav,train,song,4,sad,strong,10,female,2,2
/mnt/d/career/projects/lightweight-speech-emotion-recognition-on-open-datasets/data/train/song/Actor_10/03-02-05-01-01-01-10.wav,train,song,5,angry,normal,10,female,1,1
/mnt/d/career/projects/lightweight-speech-emotion-recognition-on-open-datasets/data/train/song/Actor_10/03-02-05-01-01-02-10.wav,train,song,5,angry,normal,10,female,1,2
/mnt/d/career/projects/lightweight-speech-emotion-recognition-on-open-datasets/data/train/song/Actor_10/03-02-05-01-02-01-10.wav,train,song,5,angry,normal,10,female,2,1
/mnt/d/career/projects/lightweight-speech-emotion-recognition-on-open-datasets/data/train/song/Actor_10/03-02-05-01-02-02-10.wav,train,song,5,angry,normal,10,female,2,2
/mnt/d/career/projects/lightweight-speech-emotion-recognition-on-open-datasets/data/train/song/Actor_10/03-02-05-02-01-01-10.wav,train,song,5,angry,strong,10,female,1,1
/mnt/d/career/projects/lightweight-speech-emotion-recognition-on-open-datasets/data/train/song/Actor_10/03-02-05-02-01-02-10.wav,train,song,5,angry,strong,10,female,1,2
/mnt/d/career/projects/lightweight-speech-emotion-recognition-on-open-datasets/data/train/song/Actor_10/03-02-05-02-02-01-10.wav,train,song,5,angry,strong,10,female,2,1
/mnt/d/career/projects/lightweight-speech-emotion-recognition-on-open-datasets/data/train/song/Actor_10/03-02-05-02-02-02-10.wav,train,song,5,angry,strong,10,female,2,2
/mnt/d/career/projects/lightweight-speech-emotion-recognition-on-open-datasets/data/train/song/Actor_10/03-02-06-01-01-01-10.wav,train,song,6,fearful,normal,10,female,1,1
/mnt/d/career/projects/lightweight-speech-emotion-recognition-on-open-datasets/data/train/song/Actor_10/03-02-06-01-01-02-10.wav,train,song,6,fearful,normal,10,female,1,2
/mnt/d/career/projects/lightweight-speech-emotion-recognition-on-open-datasets/data/train/song/Actor_10/03-02-06-01-02-01-10.wav,train,song,6,fearful,normal,10,female,2,1
/mnt/d/career/projects/lightweight-speech-emotion-recognition-on-open-datasets/data/train/song/Actor_10/03-02-06-01-02-02-10.wav,train,song,6,fearful,normal,10,female,2,2
/mnt/d/career/projects/lightweight-speech-emotion-recognition-on-open-datasets/data/train/song/Actor_10/03-02-06-02-01-01-10.wav,train,song,6,fearful,strong,10,female,1,1
/mnt/d/career/projects/lightweight-speech-emotion-recognition-on-open-datasets/data/train/song/Actor_10/03-02-06-02-01-02-10.wav,train,song,6,fearful,strong,10,female,1,2
/mnt/d/career/projects/lightweight-speech-emotion-recognition-on-open-datasets/data/train/song/Actor_10/03-02-06-02-02-01-10.wav,train,song,6,fearful,strong,10,female,2,1
/mnt/d/career/projects/lightweight-speech-emotion-recognition-on-open-datasets/data/train/song/Actor_10/03-02-06-02-02-02-10.wav,train,song,6,fearful,strong,10,female,2,2
/mnt/d/career/projects/lightweight-speech-emotion-recognition-on-open-datasets/data/train/song/Actor_11/03-02-01-01-01-01-11.wav,train,song,1,neutral,normal,11,male,1,1
/mnt/d/career/projects/lightweight-speech-emotion-recognition-on-open-datasets/data/train/song/Actor_11/03-02-01-01-01-02-11.wav,train,song,1,neutral,normal,11,male,1,2
/mnt/d/career/projects/lightweight-speech-emotion-recognition-on-open-datasets/data/train/song/Actor_11/03-02-01-01-02-01-11.wav,train,song,1,neutral,normal,11,male,2,1
/mnt/d/career/projects/lightweight-speech-emotion-recognition-on-open-datasets/data/train/song/Actor_11/03-02-01-01-02-02-11.wav,train,song,1,neutral,normal,11,male,2,2
/mnt/d/career/projects/lightweight-speech-emotion-recognition-on-open-datasets/data/train/song/Actor_11/03-02-02-01-01-01-11.wav,train,song,2,calm,normal,11,male,1,1
/mnt/d/career/projects/lightweight-speech-emotion-recognition-on-open-datasets/data/train/song/Actor_11/03-02-02-01-01-02-11.wav,train,song,2,calm,normal,11,male,1,2
/mnt/d/career/projects/lightweight-speech-emotion-recognition-on-open-datasets/data/train/song/Actor_11/03-02-02-01-02-01-11.wav,train,song,2,calm,normal,11,male,2,1
/mnt/d/career/projects/lightweight-speech-emotion-recognition-on-open-datasets/data/train/song/Actor_11/03-02-02-01-02-02-11.wav,train,song,2,calm,normal,11,male,2,2
/mnt/d/career/projects/lightweight-speech-emotion-recognition-on-open-datasets/data/train/song/Actor_11/03-02-02-02-01-01-11.wav,train,song,2,calm,strong,11,male,1,1
/mnt/d/career/projects/lightweight-speech-emotion-recognition-on-open-datasets/data/train/song/Actor_11/03-02-02-02-01-02-11.wav,train,song,2,calm,strong,11,male,1,2
/mnt/d/career/projects/lightweight-speech-emotion-recognition-on-open-datasets/data/train/song/Actor_11/03-02-02-02-02-01-11.wav,train,song,2,calm,strong,11,male,2,1
/mnt/d/career/projects/lightweight-speech-emotion-recognition-on-open-datasets/data/train/song/Actor_11/03-02-02-02-02-02-11.wav,train,song,2,calm,strong,11,male,2,2
/mnt/d/career/projects/lightweight-speech-emotion-recognition-on-open-datasets/data/train/song/Actor_11/03-02-03-01-01-01-11.wav,train,song,3,happy,normal,11,male,1,1
/mnt/d/career/projects/lightweight-speech-emotion-recognition-on-open-datasets/data/train/song/Actor_11/03-02-03-01-01-02-11.wav,train,song,3,happy,normal,11,male,1,2
/mnt/d/career/projects/lightweight-speech-emotion-recognition-on-open-datasets/data/train/song/Actor_11/03-02-03-01-02-01-11.wav,train,song,3,happy,normal,11,male,2,1
/mnt/d/career/projects/lightweight-speech-emotion-recognition-on-open-datasets/data/train/song/Actor_11/03-02-03-01-02-02-11.wav,train,song,3,happy,normal,11,male,2,2
/mnt/d/career/projects/lightweight-speech-emotion-recognition-on-open-datasets/data/train/song/Actor_11/03-02-03-02-01-01-11.wav,train,song,3,happy,strong,11,male,1,1
/mnt/d/career/projects/lightweight-speech-emotion-recognition-on-open-datasets/data/train/song/Actor_11/03-02-03-02-01-02-11.wav,train,song,3,happy,strong,11,male,1,2
/mnt/d/career/projects/lightweight-speech-emotion-recognition-on-open-datasets/data/train/song/Actor_11/03-02-03-02-02-01-11.wav,train,song,3,happy,strong,11,male,2,1
/mnt/d/career/projects/lightweight-speech-emotion-recognition-on-open-datasets/data/train/song/Actor_11/03-02-03-02-02-02-11.wav,train,song,3,happy,strong,11,male,2,2
/mnt/d/career/projects/lightweight-speech-emotion-recognition-on-open-datasets/data/train/song/Actor_11/03-02-04-01-01-01-11.wav,train,song,4,sad,normal,11,male,1,1
/mnt/d/career/projects/lightweight-speech-emotion-recognition-on-open-datasets/data/train/song/Actor_11/03-02-04-01-01-02-11.wav,train,song,4,sad,normal,11,male,1,2
/mnt/d/career/projects/lightweight-speech-emotion-recognition-on-open-datasets/data/train/song/Actor_11/03-02-04-01-02-01-11.wav,train,song,4,sad,normal,11,male,2,1
/mnt/d/career/projects/lightweight-speech-emotion-recognition-on-open-datasets/data/train/song/Actor_11/03-02-04-01-02-02-11.wav,train,song,4,sad,normal,11,male,2,2
/mnt/d/career/projects/lightweight-speech-emotion-recognition-on-open-datasets/data/train/song/Actor_11/03-02-04-02-01-01-11.wav,train,song,4,sad,strong,11,male,1,1
/mnt/d/career/projects/lightweight-speech-emotion-recognition-on-open-datasets/data/train/song/Actor_11/03-02-04-02-01-02-11.wav,train,song,4,sad,strong,11,male,1,2
/mnt/d/career/projects/lightweight-speech-emotion-recognition-on-open-datasets/data/train/song/Actor_11/03-02-04-02-02-01-11.wav,train,song,4,sad,strong,11,male,2,1
/mnt/d/career/projects/lightweight-speech-emotion-recognition-on-open-datasets/data/train/song/Actor_11/03-02-04-02-02-02-11.wav,train,song,4,sad,strong,11,male,2,2
/mnt/d/career/projects/lightweight-speech-emotion-recognition-on-open-datasets/data/train/song/Actor_11/03-02-05-01-01-01-11.wav,train,song,5,angry,normal,11,male,1,1
/mnt/d/career/projects/lightweight-speech-emotion-recognition-on-open-datasets/data/train/song/Actor_11/03-02-05-01-01-02-11.wav,train,song,5,angry,normal,11,male,1,2
/mnt/d/career/projects/lightweight-speech-emotion-recognition-on-open-datasets/data/train/song/Actor_11/03-02-05-01-02-01-11.wav,train,song,5,angry,normal,11,male,2,1
/mnt/d/career/projects/lightweight-speech-emotion-recognition-on-open-datasets/data/train/song/Actor_11/03-02-05-01-02-02-11.wav,train,song,5,angry,normal,11,male,2,2
/mnt/d/career/projects/lightweight-speech-emotion-recognition-on-open-datasets/data/train/song/Actor_11/03-02-05-02-01-01-11.wav,train,song,5,angry,strong,11,male,1,1
/mnt/d/career/projects/lightweight-speech-emotion-recognition-on-open-datasets/data/train/song/Actor_11/03-02-05-02-01-02-11.wav,train,song,5,angry,strong,11,male,1,2
/mnt/d/career/projects/lightweight-speech-emotion-recognition-on-open-datasets/data/train/song/Actor_11/03-02-05-02-02-01-11.wav,train,song,5,angry,strong,11,male,2,1
/mnt/d/career/projects/lightweight-speech-emotion-recognition-on-open-datasets/data/train/song/Actor_11/03-02-05-02-02-02-11.wav,train,song,5,angry,strong,11,male,2,2
/mnt/d/career/projects/lightweight-speech-emotion-recognition-on-open-datasets/data/train/song/Actor_11/03-02-06-01-01-01-11.wav,train,song,6,fearful,normal,11,male,1,1
/mnt/d/career/projects/lightweight-speech-emotion-recognition-on-open-datasets/data/train/song/Actor_11/03-02-06-01-01-02-11.wav,train,song,6,fearful,normal,11,male,1,2
/mnt/d/career/projects/lightweight-speech-emotion-recognition-on-open-datasets/data/train/song/Actor_11/03-02-06-01-02-01-11.wav,train,song,6,fearful,normal,11,male,2,1
/mnt/d/career/projects/lightweight-speech-emotion-recognition-on-open-datasets/data/train/song/Actor_11/03-02-06-01-02-02-11.wav,train,song,6,fearful,normal,11,male,2,2
/mnt/d/career/projects/lightweight-speech-emotion-recognition-on-open-datasets/data/train/song/Actor_11/03-02-06-02-01-01-11.wav,train,song,6,fearful,strong,11,male,1,1
/mnt/d/career/projects/lightweight-speech-emotion-recognition-on-open-datasets/data/train/song/Actor_11/03-02-06-02-01-02-11.wav,train,song,6,fearful,strong,11,male,1,2
/mnt/d/career/projects/lightweight-speech-emotion-recognition-on-open-datasets/data/train/song/Actor_11/03-02-06-02-02-01-11.wav,train,song,6,fearful,strong,11,male,2,1
/mnt/d/career/projects/lightweight-speech-emotion-recognition-on-open-datasets/data/train/song/Actor_11/03-02-06-02-02-02-11.wav,train,song,6,fearful,strong,11,male,2,2
/mnt/d/career/projects/lightweight-speech-emotion-recognition-on-open-datasets/data/train/song/Actor_12/03-02-01-01-01-01-12.wav,train,song,1,neutral,normal,12,female,1,1
/mnt/d/career/projects/lightweight-speech-emotion-recognition-on-open-datasets/data/train/song/Actor_12/03-02-01-01-01-02-12.wav,train,song,1,neutral,normal,12,female,1,2
/mnt/d/career/projects/lightweight-speech-emotion-recognition-on-open-datasets/data/train/song/Actor_12/03-02-01-01-02-01-12.wav,train,song,1,neutral,normal,12,female,2,1
/mnt/d/career/projects/lightweight-speech-emotion-recognition-on-open-datasets/data/train/song/Actor_12/03-02-01-01-02-02-12.wav,train,song,1,neutral,normal,12,female,2,2
/mnt/d/career/projects/lightweight-speech-emotion-recognition-on-open-datasets/data/train/song/Actor_12/03-02-02-01-01-01-12.wav,train,song,2,calm,normal,12,female,1,1
/mnt/d/career/projects/lightweight-speech-emotion-recognition-on-open-datasets/data/train/song/Actor_12/03-02-02-01-01-02-12.wav,train,song,2,calm,normal,12,female,1,2
/mnt/d/career/projects/lightweight-speech-emotion-recognition-on-open-datasets/data/train/song/Actor_12/03-02-02-01-02-01-12.wav,train,song,2,calm,normal,12,female,2,1
/mnt/d/career/projects/lightweight-speech-emotion-recognition-on-open-datasets/data/train/song/Actor_12/03-02-02-01-02-02-12.wav,train,song,2,calm,normal,12,female,2,2
/mnt/d/career/projects/lightweight-speech-emotion-recognition-on-open-datasets/data/train/song/Actor_12/03-02-02-02-01-01-12.wav,train,song,2,calm,strong,12,female,1,1
/mnt/d/career/projects/lightweight-speech-emotion-recognition-on-open-datasets/data/train/song/Actor_12/03-02-02-02-01-02-12.wav,train,song,2,calm,strong,12,female,1,2
/mnt/d/career/projects/lightweight-speech-emotion-recognition-on-open-datasets/data/train/song/Actor_12/03-02-02-02-02-01-12.wav,train,song,2,calm,strong,12,female,2,1
/mnt/d/career/projects/lightweight-speech-emotion-recognition-on-open-datasets/data/train/song/Actor_12/03-02-02-02-02-02-12.wav,train,song,2,calm,strong,12,female,2,2
/mnt/d/career/projects/lightweight-speech-emotion-recognition-on-open-datasets/data/train/song/Actor_12/03-02-03-01-01-01-12.wav,train,song,3,happy,normal,12,female,1,1
/mnt/d/career/projects/lightweight-speech-emotion-recognition-on-open-datasets/data/train/song/Actor_12/03-02-03-01-01-02-12.wav,train,song,3,happy,normal,12,female,1,2
/mnt/d/career/projects/lightweight-speech-emotion-recognition-on-open-datasets/data/train/song/Actor_12/03-02-03-01-02-01-12.wav,train,song,3,happy,normal,12,female,2,1
/mnt/d/career/projects/lightweight-speech-emotion-recognition-on-open-datasets/data/train/song/Actor_12/03-02-03-01-02-02-12.wav,train,song,3,happy,normal,12,female,2,2
/mnt/d/career/projects/lightweight-speech-emotion-recognition-on-open-datasets/data/train/song/Actor_12/03-02-03-02-01-01-12.wav,train,song,3,happy,strong,12,female,1,1
/mnt/d/career/projects/lightweight-speech-emotion-recognition-on-open-datasets/data/train/song/Actor_12/03-02-03-02-01-02-12.wav,train,song,3,happy,strong,12,female,1,2
/mnt/d/career/projects/lightweight-speech-emotion-recognition-on-open-datasets/data/train/song/Actor_12/03-02-03-02-02-01-12.wav,train,song,3,happy,strong,12,female,2,1
/mnt/d/career/projects/lightweight-speech-emotion-recognition-on-open-datasets/data/train/song/Actor_12/03-02-03-02-02-02-12.wav,train,song,3,happy,strong,12,female,2,2
/mnt/d/career/projects/lightweight-speech-emotion-recognition-on-open-datasets/data/train/song/Actor_12/03-02-04-01-01-01-12.wav,train,song,4,sad,normal,12,female,1,1
/mnt/d/career/projects/lightweight-speech-emotion-recognition-on-open-datasets/data/train/song/Actor_12/03-02-04-01-01-02-12.wav,train,song,4,sad,normal,12,female,1,2
/mnt/d/career/projects/lightweight-speech-emotion-recognition-on-open-datasets/data/train/song/Actor_12/03-02-04-01-02-01-12.wav,train,song,4,sad,normal,12,female,2,1
/mnt/d/career/projects/lightweight-speech-emotion-recognition-on-open-datasets/data/train/song/Actor_12/03-02-04-01-02-02-12.wav,train,song,4,sad,normal,12,female,2,2
/mnt/d/career/projects/lightweight-speech-emotion-recognition-on-open-datasets/data/train/song/Actor_12/03-02-04-02-01-01-12.wav,train,song,4,sad,strong,12,female,1,1
/mnt/d/career/projects/lightweight-speech-emotion-recognition-on-open-datasets/data/train/song/Actor_12/03-02-04-02-01-02-12.wav,train,song,4,sad,strong,12,female,1,2
/mnt/d/career/projects/lightweight-speech-emotion-recognition-on-open-datasets/data/train/song/Actor_12/03-02-04-02-02-01-12.wav,train,song,4,sad,strong,12,female,2,1
/mnt/d/career/projects/lightweight-speech-emotion-recognition-on-open-datasets/data/train/song/Actor_12/03-02-04-02-02-02-12.wav,train,song,4,sad,strong,12,female,2,2
/mnt/d/career/projects/lightweight-speech-emotion-recognition-on-open-datasets/data/train/song/Actor_12/03-02-05-01-01-01-12.wav,train,song,5,angry,normal,12,female,1,1
/mnt/d/career/projects/lightweight-speech-emotion-recognition-on-open-datasets/data/train/song/Actor_12/03-02-05-01-01-02-12.wav,train,song,5,angry,normal,12,female,1,2
/mnt/d/career/projects/lightweight-speech-emotion-recognition-on-open-datasets/data/train/song/Actor_12/03-02-05-01-02-01-12.wav,train,song,5,angry,normal,12,female,2,1
/mnt/d/career/projects/lightweight-speech-emotion-recognition-on-open-datasets/data/train/song/Actor_12/03-02-05-01-02-02-12.wav,train,song,5,angry,normal,12,female,2,2
/mnt/d/career/projects/lightweight-speech-emotion-recognition-on-open-datasets/data/train/song/Actor_12/03-02-05-02-01-01-12.wav,train,song,5,angry,strong,12,female,1,1
/mnt/d/career/projects/lightweight-speech-emotion-recognition-on-open-datasets/data/train/song/Actor_12/03-02-05-02-01-02-12.wav,train,song,5,angry,strong,12,female,1,2
/mnt/d/career/projects/lightweight-speech-emotion-recognition-on-open-datasets/data/train/song/Actor_12/03-02-05-02-02-01-12.wav,train,song,5,angry,strong,12,female,2,1
/mnt/d/career/projects/lightweight-speech-emotion-recognition-on-open-datasets/data/train/song/Actor_12/03-02-05-02-02-02-12.wav,train,song,5,angry,strong,12,female,2,2
/mnt/d/career/projects/lightweight-speech-emotion-recognition-on-open-datasets/data/train/song/Actor_12/03-02-06-01-01-01-12.wav,train,song,6,fearful,normal,12,female,1,1
/mnt/d/career/projects/lightweight-speech-emotion-recognition-on-open-datasets/data/train/song/Actor_12/03-02-06-01-01-02-12.wav,train,song,6,fearful,normal,12,female,1,2
/mnt/d/career/projects/lightweight-speech-emotion-recognition-on-open-datasets/data/train/song/Actor_12/03-02-06-01-02-01-12.wav,train,song,6,fearful,normal,12,female,2,1
/mnt/d/career/projects/lightweight-speech-emotion-recognition-on-open-datasets/data/train/song/Actor_12/03-02-06-01-02-02-12.wav,train,song,6,fearful,normal,12,female,2,2
/mnt/d/career/projects/lightweight-speech-emotion-recognition-on-open-datasets/data/train/song/Actor_12/03-02-06-02-01-01-12.wav,train,song,6,fearful,strong,12,female,1,1
/mnt/d/career/projects/lightweight-speech-emotion-recognition-on-open-datasets/data/train/song/Actor_12/03-02-06-02-01-02-12.wav,train,song,6,fearful,strong,12,female,1,2
/mnt/d/career/projects/lightweight-speech-emotion-recognition-on-open-datasets/data/train/song/Actor_12/03-02-06-02-02-01-12.wav,train,song,6,fearful,strong,12,female,2,1
/mnt/d/career/projects/lightweight-speech-emotion-recognition-on-open-datasets/data/train/song/Actor_12/03-02-06-02-02-02-12.wav,train,song,6,fearful,strong,12,female,2,2
/mnt/d/career/projects/lightweight-speech-emotion-recognition-on-open-datasets/data/train/song/Actor_13/03-02-01-01-01-01-13.wav,train,song,1,neutral,normal,13,male,1,1
/mnt/d/career/projects/lightweight-speech-emotion-recognition-on-open-datasets/data/train/song/Actor_13/03-02-01-01-01-02-13.wav,train,song,1,neutral,normal,13,male,1,2
/mnt/d/career/projects/lightweight-speech-emotion-recognition-on-open-datasets/data/train/song/Actor_13/03-02-01-01-02-01-13.wav,train,song,1,neutral,normal,13,male,2,1
/mnt/d/career/projects/lightweight-speech-emotion-recognition-on-open-datasets/data/train/song/Actor_13/03-02-01-01-02-02-13.wav,train,song,1,neutral,normal,13,male,2,2
/mnt/d/career/projects/lightweight-speech-emotion-recognition-on-open-datasets/data/train/song/Actor_13/03-02-02-01-01-01-13.wav,train,song,2,calm,normal,13,male,1,1
/mnt/d/career/projects/lightweight-speech-emotion-recognition-on-open-datasets/data/train/song/Actor_13/03-02-02-01-01-02-13.wav,train,song,2,calm,normal,13,male,1,2
/mnt/d/career/projects/lightweight-speech-emotion-recognition-on-open-datasets/data/train/song/Actor_13/03-02-02-01-02-01-13.wav,train,song,2,calm,normal,13,male,2,1
/mnt/d/career/projects/lightweight-speech-emotion-recognition-on-open-datasets/data/train/song/Actor_13/03-02-02-01-02-02-13.wav,train,song,2,calm,normal,13,male,2,2
/mnt/d/career/projects/lightweight-speech-emotion-recognition-on-open-datasets/data/train/song/Actor_13/03-02-02-02-01-01-13.wav,train,song,2,calm,strong,13,male,1,1
/mnt/d/career/projects/lightweight-speech-emotion-recognition-on-open-datasets/data/train/song/Actor_13/03-02-02-02-01-02-13.wav,train,song,2,calm,strong,13,male,1,2
/mnt/d/career/projects/lightweight-speech-emotion-recognition-on-open-datasets/data/train/song/Actor_13/03-02-02-02-02-01-13.wav,train,song,2,calm,strong,13,male,2,1
/mnt/d/career/projects/lightweight-speech-emotion-recognition-on-open-datasets/data/train/song/Actor_13/03-02-02-02-02-02-13.wav,train,song,2,calm,strong,13,male,2,2
/mnt/d/career/projects/lightweight-speech-emotion-recognition-on-open-datasets/data/train/song/Actor_13/03-02-03-01-01-01-13.wav,train,song,3,happy,normal,13,male,1,1
/mnt/d/career/projects/lightweight-speech-emotion-recognition-on-open-datasets/data/train/song/Actor_13/03-02-03-01-01-02-13.wav,train,song,3,happy,normal,13,male,1,2
/mnt/d/career/projects/lightweight-speech-emotion-recognition-on-open-datasets/data/train/song/Actor_13/03-02-03-01-02-01-13.wav,train,song,3,happy,normal,13,male,2,1
/mnt/d/career/projects/lightweight-speech-emotion-recognition-on-open-datasets/data/train/song/Actor_13/03-02-03-01-02-02-13.wav,train,song,3,happy,normal,13,male,2,2
/mnt/d/career/projects/lightweight-speech-emotion-recognition-on-open-datasets/data/train/song/Actor_13/03-02-03-02-01-01-13.wav,train,song,3,happy,strong,13,male,1,1
/mnt/d/career/projects/lightweight-speech-emotion-recognition-on-open-datasets/data/train/song/Actor_13/03-02-03-02-01-02-13.wav,train,song,3,happy,strong,13,male,1,2
/mnt/d/career/projects/lightweight-speech-emotion-recognition-on-open-datasets/data/train/song/Actor_13/03-02-03-02-02-01-13.wav,train,song,3,happy,strong,13,male,2,1
/mnt/d/career/projects/lightweight-speech-emotion-recognition-on-open-datasets/data/train/song/Actor_13/03-02-03-02-02-02-13.wav,train,song,3,happy,strong,13,male,2,2
/mnt/d/career/projects/lightweight-speech-emotion-recognition-on-open-datasets/data/train/song/Actor_13/03-02-04-01-01-01-13.wav,train,song,4,sad,normal,13,male,1,1
/mnt/d/career/projects/lightweight-speech-emotion-recognition-on-open-datasets/data/train/song/Actor_13/03-02-04-01-01-02-13.wav,train,song,4,sad,normal,13,male,1,2
/mnt/d/career/projects/lightweight-speech-emotion-recognition-on-open-datasets/data/train/song/Actor_13/03-02-04-01-02-01-13.wav,train,song,4,sad,normal,13,male,2,1
/mnt/d/career/projects/lightweight-speech-emotion-recognition-on-open-datasets/data/train/song/Actor_13/03-02-04-01-02-02-13.wav,train,song,4,sad,normal,13,male,2,2
/mnt/d/career/projects/lightweight-speech-emotion-recognition-on-open-datasets/data/train/song/Actor_13/03-02-04-02-01-01-13.wav,train,song,4,sad,strong,13,male,1,1
/mnt/d/career/projects/lightweight-speech-emotion-recognition-on-open-datasets/data/train/song/Actor_13/03-02-04-02-01-02-13.wav,train,song,4,sad,strong,13,male,1,2
/mnt/d/career/projects/lightweight-speech-emotion-recognition-on-open-datasets/data/train/song/Actor_13/03-02-04-02-02-01-13.wav,train,song,4,sad,strong,13,male,2,1
/mnt/d/career/projects/lightweight-speech-emotion-recognition-on-open-datasets/data/train/song/Actor_13/03-02-04-02-02-02-13.wav,train,song,4,sad,strong,13,male,2,2
/mnt/d/career/projects/lightweight-speech-emotion-recognition-on-open-datasets/data/train/song/Actor_13/03-02-05-01-01-01-13.wav,train,song,5,angry,normal,13,male,1,1
/mnt/d/career/projects/lightweight-speech-emotion-recognition-on-open-datasets/data/train/song/Actor_13/03-02-05-01-01-02-13.wav,train,song,5,angry,normal,13,male,1,2
/mnt/d/career/projects/lightweight-speech-emotion-recognition-on-open-datasets/data/train/song/Actor_13/03-02-05-01-02-01-13.wav,train,song,5,angry,normal,13,male,2,1
/mnt/d/career/projects/lightweight-speech-emotion-recognition-on-open-datasets/data/train/song/Actor_13/03-02-05-01-02-02-13.wav,train,song,5,angry,normal,13,male,2,2
/mnt/d/career/projects/lightweight-speech-emotion-recognition-on-open-datasets/data/train/song/Actor_13/03-02-05-02-01-01-13.wav,train,song,5,angry,strong,13,male,1,1
/mnt/d/career/projects/lightweight-speech-emotion-recognition-on-open-datasets/data/train/song/Actor_13/03-02-05-02-01-02-13.wav,train,song,5,angry,strong,13,male,1,2
/mnt/d/career/projects/lightweight-speech-emotion-recognition-on-open-datasets/data/train/song/Actor_13/03-02-05-02-02-01-13.wav,train,song,5,angry,strong,13,male,2,1
/mnt/d/career/projects/lightweight-speech-emotion-recognition-on-open-datasets/data/train/song/Actor_13/03-02-05-02-02-02-13.wav,train,song,5,angry,strong,13,male,2,2
/mnt/d/career/projects/lightweight-speech-emotion-recognition-on-open-datasets/data/train/song/Actor_13/03-02-06-01-01-01-13.wav,train,song,6,fearful,normal,13,male,1,1
/mnt/d/career/projects/lightweight-speech-emotion-recognition-on-open-datasets/data/train/song/Actor_13/03-02-06-01-01-02-13.wav,train,song,6,fearful,normal,13,male,1,2
/mnt/d/career/projects/lightweight-speech-emotion-recognition-on-open-datasets/data/train/song/Actor_13/03-02-06-01-02-01-13.wav,train,song,6,fearful,normal,13,male,2,1
/mnt/d/career/projects/lightweight-speech-emotion-recognition-on-open-datasets/data/train/song/Actor_13/03-02-06-01-02-02-13.wav,train,song,6,fearful,normal,13,male,2,2
/mnt/d/career/projects/lightweight-speech-emotion-recognition-on-open-datasets/data/train/song/Actor_13/03-02-06-02-01-01-13.wav,train,song,6,fearful,strong,13,male,1,1
/mnt/d/career/projects/lightweight-speech-emotion-recognition-on-open-datasets/data/train/song/Actor_13/03-02-06-02-01-02-13.wav,train,song,6,fearful,strong,13,male,1,2
/mnt/d/career/projects/lightweight-speech-emotion-recognition-on-open-datasets/data/train/song/Actor_13/03-02-06-02-02-01-13.wav,train,song,6,fearful,strong,13,male,2,1
/mnt/d/career/projects/lightweight-speech-emotion-recognition-on-open-datasets/data/train/song/Actor_13/03-02-06-02-02-02-13.wav,train,song,6,fearful,strong,13,male,2,2
/mnt/d/career/projects/lightweight-speech-emotion-recognition-on-open-datasets/data/train/song/Actor_14/03-02-01-01-01-01-14.wav,train,song,1,neutral,normal,14,female,1,1
/mnt/d/career/projects/lightweight-speech-emotion-recognition-on-open-datasets/data/train/song/Actor_14/03-02-01-01-01-02-14.wav,train,song,1,neutral,normal,14,female,1,2
/mnt/d/career/projects/lightweight-speech-emotion-recognition-on-open-datasets/data/train/song/Actor_14/03-02-01-01-02-01-14.wav,train,song,1,neutral,normal,14,female,2,1
/mnt/d/career/projects/lightweight-speech-emotion-recognition-on-open-datasets/data/train/song/Actor_14/03-02-01-01-02-02-14.wav,train,song,1,neutral,normal,14,female,2,2
/mnt/d/career/projects/lightweight-speech-emotion-recognition-on-open-datasets/data/train/song/Actor_14/03-02-02-01-01-01-14.wav,train,song,2,calm,normal,14,female,1,1
/mnt/d/career/projects/lightweight-speech-emotion-recognition-on-open-datasets/data/train/song/Actor_14/03-02-02-01-01-02-14.wav,train,song,2,calm,normal,14,female,1,2
/mnt/d/career/projects/lightweight-speech-emotion-recognition-on-open-datasets/data/train/song/Actor_14/03-02-02-01-02-01-14.wav,train,song,2,calm,normal,14,female,2,1
/mnt/d/career/projects/lightweight-speech-emotion-recognition-on-open-datasets/data/train/song/Actor_14/03-02-02-01-02-02-14.wav,train,song,2,calm,normal,14,female,2,2
/mnt/d/career/projects/lightweight-speech-emotion-recognition-on-open-datasets/data/train/song/Actor_14/03-02-02-02-01-01-14.wav,train,song,2,calm,strong,14,female,1,1
/mnt/d/career/projects/lightweight-speech-emotion-recognition-on-open-datasets/data/train/song/Actor_14/03-02-02-02-01-02-14.wav,train,song,2,calm,strong,14,female,1,2
/mnt/d/career/projects/lightweight-speech-emotion-recognition-on-open-datasets/data/train/song/Actor_14/03-02-02-02-02-01-14.wav,train,song,2,calm,strong,14,female,2,1
/mnt/d/career/projects/lightweight-speech-emotion-recognition-on-open-datasets/data/train/song/Actor_14/03-02-02-02-02-02-14.wav,train,song,2,calm,strong,14,female,2,2
/mnt/d/career/projects/lightweight-speech-emotion-recognition-on-open-datasets/data/train/song/Actor_14/03-02-03-01-01-01-14.wav,train,song,3,happy,normal,14,female,1,1
/mnt/d/career/projects/lightweight-speech-emotion-recognition-on-open-datasets/data/train/song/Actor_14/03-02-03-01-01-02-14.wav,train,song,3,happy,normal,14,female,1,2
/mnt/d/career/projects/lightweight-speech-emotion-recognition-on-open-datasets/data/train/song/Actor_14/03-02-03-01-02-01-14.wav,train,song,3,happy,normal,14,female,2,1
/mnt/d/career/projects/lightweight-speech-emotion-recognition-on-open-datasets/data/train/song/Actor_14/03-02-03-01-02-02-14.wav,train,song,3,happy,normal,14,female,2,2
/mnt/d/career/projects/lightweight-speech-emotion-recognition-on-open-datasets/data/train/song/Actor_14/03-02-03-02-01-01-14.wav,train,song,3,happy,strong,14,female,1,1
/mnt/d/career/projects/lightweight-speech-emotion-recognition-on-open-datasets/data/train/song/Actor_14/03-02-03-02-01-02-14.wav,train,song,3,happy,strong,14,female,1,2
/mnt/d/career/projects/lightweight-speech-emotion-recognition-on-open-datasets/data/train/song/Actor_14/03-02-03-02-02-01-14.wav,train,song,3,happy,strong,14,female,2,1
/mnt/d/career/projects/lightweight-speech-emotion-recognition-on-open-datasets/data/train/song/Actor_14/03-02-03-02-02-02-14.wav,train,song,3,happy,strong,14,female,2,2
/mnt/d/career/projects/lightweight-speech-emotion-recognition-on-open-datasets/data/train/song/Actor_14/03-02-04-01-01-01-14.wav,train,song,4,sad,normal,14,female,1,1
/mnt/d/career/projects/lightweight-speech-emotion-recognition-on-open-datasets/data/train/song/Actor_14/03-02-04-01-01-02-14.wav,train,song,4,sad,normal,14,female,1,2
/mnt/d/career/projects/lightweight-speech-emotion-recognition-on-open-datasets/data/train/song/Actor_14/03-02-04-01-02-01-14.wav,train,song,4,sad,normal,14,female,2,1
/mnt/d/career/projects/lightweight-speech-emotion-recognition-on-open-datasets/data/train/song/Actor_14/03-02-04-01-02-02-14.wav,train,song,4,sad,normal,14,female,2,2
/mnt/d/career/projects/lightweight-speech-emotion-recognition-on-open-datasets/data/train/song/Actor_14/03-02-04-02-01-01-14.wav,train,song,4,sad,strong,14,female,1,1
/mnt/d/career/projects/lightweight-speech-emotion-recognition-on-open-datasets/data/train/song/Actor_14/03-02-04-02-01-02-14.wav,train,song,4,sad,strong,14,female,1,2
/mnt/d/career/projects/lightweight-speech-emotion-recognition-on-open-datasets/data/train/song/Actor_14/03-02-04-02-02-01-14.wav,train,song,4,sad,strong,14,female,2,1
/mnt/d/career/projects/lightweight-speech-emotion-recognition-on-open-datasets/data/train/song/Actor_14/03-02-04-02-02-02-14.wav,train,song,4,sad,strong,14,female,2,2
/mnt/d/career/projects/lightweight-speech-emotion-recognition-on-open-datasets/data/train/song/Actor_14/03-02-05-01-01-01-14.wav,train,song,5,angry,normal,14,female,1,1
/mnt/d/career/projects/lightweight-speech-emotion-recognition-on-open-datasets/data/train/song/Actor_14/03-02-05-01-01-02-14.wav,train,song,5,angry,normal,14,female,1,2
/mnt/d/career/projects/lightweight-speech-emotion-recognition-on-open-datasets/data/train/song/Actor_14/03-02-05-01-02-01-14.wav,train,song,5,angry,normal,14,female,2,1
/mnt/d/career/projects/lightweight-speech-emotion-recognition-on-open-datasets/data/train/song/Actor_14/03-02-05-01-02-02-14.wav,train,song,5,angry,normal,14,female,2,2
/mnt/d/career/projects/lightweight-speech-emotion-recognition-on-open-datasets/data/train/song/Actor_14/03-02-05-02-01-01-14.wav,train,song,5,angry,strong,14,female,1,1
/mnt/d/career/projects/lightweight-speech-emotion-recognition-on-open-datasets/data/train/song/Actor_14/03-02-05-02-01-02-14.wav,train,song,5,angry,strong,14,female,1,2
/mnt/d/career/projects/lightweight-speech-emotion-recognition-on-open-datasets/data/train/song/Actor_14/03-02-05-02-02-01-14.wav,train,song,5,angry,strong,14,female,2,1
/mnt/d/career/projects/lightweight-speech-emotion-recognition-on-open-datasets/data/train/song/Actor_14/03-02-05-02-02-02-14.wav,train,song,5,angry,strong,14,female,2,2
/mnt/d/career/projects/lightweight-speech-emotion-recognition-on-open-datasets/data/train/song/Actor_14/03-02-06-01-01-01-14.wav,train,song,6,fearful,normal,14,female,1,1
/mnt/d/career/projects/lightweight-speech-emotion-recognition-on-open-datasets/data/train/song/Actor_14/03-02-06-01-01-02-14.wav,train,song,6,fearful,normal,14,female,1,2
/mnt/d/career/projects/lightweight-speech-emotion-recognition-on-open-datasets/data/train/song/Actor_14/03-02-06-01-02-01-14.wav,train,song,6,fearful,normal,14,female,2,1
/mnt/d/career/projects/lightweight-speech-emotion-recognition-on-open-datasets/data/train/song/Actor_14/03-02-06-01-02-02-14.wav,train,song,6,fearful,normal,14,female,2,2
/mnt/d/career/projects/lightweight-speech-emotion-recognition-on-open-datasets/data/train/song/Actor_14/03-02-06-02-01-01-14.wav,train,song,6,fearful,strong,14,female,1,1
/mnt/d/career/projects/lightweight-speech-emotion-recognition-on-open-datasets/data/train/song/Actor_14/03-02-06-02-01-02-14.wav,train,song,6,fearful,strong,14,female,1,2
/mnt/d/career/projects/lightweight-speech-emotion-recognition-on-open-datasets/data/train/song/Actor_14/03-02-06-02-02-01-14.wav,train,song,6,fearful,strong,14,female,2,1
/mnt/d/career/projects/lightweight-speech-emotion-recognition-on-open-datasets/data/train/song/Actor_14/03-02-06-02-02-02-14.wav,train,song,6,fearful,strong,14,female,2,2
/mnt/d/career/projects/lightweight-speech-emotion-recognition-on-open-datasets/data/train/song/Actor_15/03-02-01-01-01-01-15.wav,train,song,1,neutral,normal,15,male,1,1
/mnt/d/career/projects/lightweight-speech-emotion-recognition-on-open-datasets/data/train/song/Actor_15/03-02-01-01-01-02-15.wav,train,song,1,neutral,normal,15,male,1,2
/mnt/d/career/projects/lightweight-speech-emotion-recognition-on-open-datasets/data/train/song/Actor_15/03-02-01-01-02-01-15.wav,train,song,1,neutral,normal,15,male,2,1
/mnt/d/career/projects/lightweight-speech-emotion-recognition-on-open-datasets/data/train/song/Actor_15/03-02-01-01-02-02-15.wav,train,song,1,neutral,normal,15,male,2,2
/mnt/d/career/projects/lightweight-speech-emotion-recognition-on-open-datasets/data/train/song/Actor_15/03-02-02-01-01-01-15.wav,train,song,2,calm,normal,15,male,1,1
/mnt/d/career/projects/lightweight-speech-emotion-recognition-on-open-datasets/data/train/song/Actor_15/03-02-02-01-01-02-15.wav,train,song,2,calm,normal,15,male,1,2
/mnt/d/career/projects/lightweight-speech-emotion-recognition-on-open-datasets/data/train/song/Actor_15/03-02-02-01-02-01-15.wav,train,song,2,calm,normal,15,male,2,1
/mnt/d/career/projects/lightweight-speech-emotion-recognition-on-open-datasets/data/train/song/Actor_15/03-02-02-01-02-02-15.wav,train,song,2,calm,normal,15,male,2,2
/mnt/d/career/projects/lightweight-speech-emotion-recognition-on-open-datasets/data/train/song/Actor_15/03-02-02-02-01-01-15.wav,train,song,2,calm,strong,15,male,1,1
/mnt/d/career/projects/lightweight-speech-emotion-recognition-on-open-datasets/data/train/song/Actor_15/03-02-02-02-01-02-15.wav,train,song,2,calm,strong,15,male,1,2
/mnt/d/career/projects/lightweight-speech-emotion-recognition-on-open-datasets/data/train/song/Actor_15/03-02-02-02-02-01-15.wav,train,song,2,calm,strong,15,male,2,1
/mnt/d/career/projects/lightweight-speech-emotion-recognition-on-open-datasets/data/train/song/Actor_15/03-02-02-02-02-02-15.wav,train,song,2,calm,strong,15,male,2,2
/mnt/d/career/projects/lightweight-speech-emotion-recognition-on-open-datasets/data/train/song/Actor_15/03-02-03-01-01-01-15.wav,train,song,3,happy,normal,15,male,1,1
/mnt/d/career/projects/lightweight-speech-emotion-recognition-on-open-datasets/data/train/song/Actor_15/03-02-03-01-01-02-15.wav,train,song,3,happy,normal,15,male,1,2
/mnt/d/career/projects/lightweight-speech-emotion-recognition-on-open-datasets/data/train/song/Actor_15/03-02-03-01-02-01-15.wav,train,song,3,happy,normal,15,male,2,1
/mnt/d/career/projects/lightweight-speech-emotion-recognition-on-open-datasets/data/train/song/Actor_15/03-02-03-01-02-02-15.wav,train,song,3,happy,normal,15,male,2,2
/mnt/d/career/projects/lightweight-speech-emotion-recognition-on-open-datasets/data/train/song/Actor_15/03-02-03-02-01-01-15.wav,train,song,3,happy,strong,15,male,1,1
/mnt/d/career/projects/lightweight-speech-emotion-recognition-on-open-datasets/data/train/song/Actor_15/03-02-03-02-01-02-15.wav,train,song,3,happy,strong,15,male,1,2
/mnt/d/career/projects/lightweight-speech-emotion-recognition-on-open-datasets/data/train/song/Actor_15/03-02-03-02-02-01-15.wav,train,song,3,happy,strong,15,male,2,1
/mnt/d/career/projects/lightweight-speech-emotion-recognition-on-open-datasets/data/train/song/Actor_15/03-02-03-02-02-02-15.wav,train,song,3,happy,strong,15,male,2,2
/mnt/d/career/projects/lightweight-speech-emotion-recognition-on-open-datasets/data/train/song/Actor_15/03-02-04-01-01-01-15.wav,train,song,4,sad,normal,15,male,1,1
/mnt/d/career/projects/lightweight-speech-emotion-recognition-on-open-datasets/data/train/song/Actor_15/03-02-04-01-01-02-15.wav,train,song,4,sad,normal,15,male,1,2
/mnt/d/career/projects/lightweight-speech-emotion-recognition-on-open-datasets/data/train/song/Actor_15/03-02-04-01-02-01-15.wav,train,song,4,sad,normal,15,male,2,1
/mnt/d/career/projects/lightweight-speech-emotion-recognition-on-open-datasets/data/train/song/Actor_15/03-02-04-01-02-02-15.wav,train,song,4,sad,normal,15,male,2,2
/mnt/d/career/projects/lightweight-speech-emotion-recognition-on-open-datasets/data/train/song/Actor_15/03-02-04-02-01-01-15.wav,train,song,4,sad,strong,15,male,1,1
/mnt/d/career/projects/lightweight-speech-emotion-recognition-on-open-datasets/data/train/song/Actor_15/03-02-04-02-01-02-15.wav,train,song,4,sad,strong,15,male,1,2
/mnt/d/career/projects/lightweight-speech-emotion-recognition-on-open-datasets/data/train/song/Actor_15/03-02-04-02-02-01-15.wav,train,song,4,sad,strong,15,male,2,1
/mnt/d/career/projects/lightweight-speech-emotion-recognition-on-open-datasets/data/train/song/Actor_15/03-02-04-02-02-02-15.wav,train,song,4,sad,strong,15,male,2,2
/mnt/d/career/projects/lightweight-speech-emotion-recognition-on-open-datasets/data/train/song/Actor_15/03-02-05-01-01-01-15.wav,train,song,5,angry,normal,15,male,1,1
/mnt/d/career/projects/lightweight-speech-emotion-recognition-on-open-datasets/data/train/song/Actor_15/03-02-05-01-01-02-15.wav,train,song,5,angry,normal,15,male,1,2
/mnt/d/career/projects/lightweight-speech-emotion-recognition-on-open-datasets/data/train/song/Actor_15/03-02-05-01-02-01-15.wav,train,song,5,angry,normal,15,male,2,1
/mnt/d/career/projects/lightweight-speech-emotion-recognition-on-open-datasets/data/train/song/Actor_15/03-02-05-01-02-02-15.wav,train,song,5,angry,normal,15,male,2,2
/mnt/d/career/projects/lightweight-speech-emotion-recognition-on-open-datasets/data/train/song/Actor_15/03-02-05-02-01-01-15.wav,train,song,5,angry,strong,15,male,1,1
/mnt/d/career/projects/lightweight-speech-emotion-recognition-on-open-datasets/data/train/song/Actor_15/03-02-05-02-01-02-15.wav,train,song,5,angry,strong,15,male,1,2
/mnt/d/career/projects/lightweight-speech-emotion-recognition-on-open-datasets/data/train/song/Actor_15/03-02-05-02-02-01-15.wav,train,song,5,angry,strong,15,male,2,1
/mnt/d/career/projects/lightweight-speech-emotion-recognition-on-open-datasets/data/train/song/Actor_15/03-02-05-02-02-02-15.wav,train,song,5,angry,strong,15,male,2,2
/mnt/d/career/projects/lightweight-speech-emotion-recognition-on-open-datasets/data/train/song/Actor_15/03-02-06-01-01-01-15.wav,train,song,6,fearful,normal,15,male,1,1
/mnt/d/career/projects/lightweight-speech-emotion-recognition-on-open-datasets/data/train/song/Actor_15/03-02-06-01-01-02-15.wav,train,song,6,fearful,normal,15,male,1,2
/mnt/d/career/projects/lightweight-speech-emotion-recognition-on-open-datasets/data/train/song/Actor_15/03-02-06-01-02-01-15.wav,train,song,6,fearful,normal,15,male,2,1
/mnt/d/career/projects/lightweight-speech-emotion-recognition-on-open-datasets/data/train/song/Actor_15/03-02-06-01-02-02-15.wav,train,song,6,fearful,normal,15,male,2,2
/mnt/d/career/projects/lightweight-speech-emotion-recognition-on-open-datasets/data/train/song/Actor_15/03-02-06-02-01-01-15.wav,train,song,6,fearful,strong,15,male,1,1
/mnt/d/career/projects/lightweight-speech-emotion-recognition-on-open-datasets/data/train/song/Actor_15/03-02-06-02-01-02-15.wav,train,song,6,fearful,strong,15,male,1,2
/mnt/d/career/projects/lightweight-speech-emotion-recognition-on-open-datasets/data/train/song/Actor_15/03-02-06-02-02-01-15.wav,train,song,6,fearful,strong,15,male,2,1
/mnt/d/career/projects/lightweight-speech-emotion-recognition-on-open-datasets/data/train/song/Actor_15/03-02-06-02-02-02-15.wav,train,song,6,fearful,strong,15,male,2,2
/mnt/d/career/projects/lightweight-speech-emotion-recognition-on-open-datasets/data/train/song/Actor_16/03-02-01-01-01-01-16.wav,train,song,1,neutral,normal,16,female,1,1
/mnt/d/career/projects/lightweight-speech-emotion-recognition-on-open-datasets/data/train/song/Actor_16/03-02-01-01-01-02-16.wav,train,song,1,neutral,normal,16,female,1,2
/mnt/d/career/projects/lightweight-speech-emotion-recognition-on-open-datasets/data/train/song/Actor_16/03-02-01-01-02-01-16.wav,train,song,1,neutral,normal,16,female,2,1
/mnt/d/career/projects/lightweight-speech-emotion-recognition-on-open-datasets/data/train/song/Actor_16/03-02-01-01-02-02-16.wav,train,song,1,neutral,normal,16,female,2,2
/mnt/d/career/projects/lightweight-speech-emotion-recognition-on-open-datasets/data/train/song/Actor_16/03-02-02-01-01-01-16.wav,train,song,2,calm,normal,16,female,1,1
/mnt/d/career/projects/lightweight-speech-emotion-recognition-on-open-datasets/data/train/song/Actor_16/03-02-02-01-01-02-16.wav,train,song,2,calm,normal,16,female,1,2
/mnt/d/career/projects/lightweight-speech-emotion-recognition-on-open-datasets/data/train/song/Actor_16/03-02-02-01-02-01-16.wav,train,song,2,calm,normal,16,female,2,1
/mnt/d/career/projects/lightweight-speech-emotion-recognition-on-open-datasets/data/train/song/Actor_16/03-02-02-01-02-02-16.wav,train,song,2,calm,normal,16,female,2,2
/mnt/d/career/projects/lightweight-speech-emotion-recognition-on-open-datasets/data/train/song/Actor_16/03-02-02-02-01-01-16.wav,train,song,2,calm,strong,16,female,1,1
/mnt/d/career/projects/lightweight-speech-emotion-recognition-on-open-datasets/data/train/song/Actor_16/03-02-02-02-01-02-16.wav,train,song,2,calm,strong,16,female,1,2
/mnt/d/career/projects/lightweight-speech-emotion-recognition-on-open-datasets/data/train/song/Actor_16/03-02-02-02-02-01-16.wav,train,song,2,calm,strong,16,female,2,1
/mnt/d/career/projects/lightweight-speech-emotion-recognition-on-open-datasets/data/train/song/Actor_16/03-02-02-02-02-02-16.wav,train,song,2,calm,strong,16,female,2,2
/mnt/d/career/projects/lightweight-speech-emotion-recognition-on-open-datasets/data/train/song/Actor_16/03-02-03-01-01-01-16.wav,train,song,3,happy,normal,16,female,1,1
/mnt/d/career/projects/lightweight-speech-emotion-recognition-on-open-datasets/data/train/song/Actor_16/03-02-03-01-01-02-16.wav,train,song,3,happy,normal,16,female,1,2
/mnt/d/career/projects/lightweight-speech-emotion-recognition-on-open-datasets/data/train/song/Actor_16/03-02-03-01-02-01-16.wav,train,song,3,happy,normal,16,female,2,1
/mnt/d/career/projects/lightweight-speech-emotion-recognition-on-open-datasets/data/train/song/Actor_16/03-02-03-01-02-02-16.wav,train,song,3,happy,normal,16,female,2,2
/mnt/d/career/projects/lightweight-speech-emotion-recognition-on-open-datasets/data/train/song/Actor_16/03-02-03-02-01-01-16.wav,train,song,3,happy,strong,16,female,1,1
/mnt/d/career/projects/lightweight-speech-emotion-recognition-on-open-datasets/data/train/song/Actor_16/03-02-03-02-01-02-16.wav,train,song,3,happy,strong,16,female,1,2
/mnt/d/career/projects/lightweight-speech-emotion-recognition-on-open-datasets/data/train/song/Actor_16/03-02-03-02-02-01-16.wav,train,song,3,happy,strong,16,female,2,1
/mnt/d/career/projects/lightweight-speech-emotion-recognition-on-open-datasets/data/train/song/Actor_16/03-02-03-02-02-02-16.wav,train,song,3,happy,strong,16,female,2,2
/mnt/d/career/projects/lightweight-speech-emotion-recognition-on-open-datasets/data/train/song/Actor_16/03-02-04-01-01-01-16.wav,train,song,4,sad,normal,16,female,1,1
/mnt/d/career/projects/lightweight-speech-emotion-recognition-on-open-datasets/data/train/song/Actor_16/03-02-04-01-01-02-16.wav,train,song,4,sad,normal,16,female,1,2
/mnt/d/career/projects/lightweight-speech-emotion-recognition-on-open-datasets/data/train/song/Actor_16/03-02-04-01-02-01-16.wav,train,song,4,sad,normal,16,female,2,1
/mnt/d/career/projects/lightweight-speech-emotion-recognition-on-open-datasets/data/train/song/Actor_16/03-02-04-01-02-02-16.wav,train,song,4,sad,normal,16,female,2,2
/mnt/d/career/projects/lightweight-speech-emotion-recognition-on-open-datasets/data/train/song/Actor_16/03-02-04-02-01-01-16.wav,train,song,4,sad,strong,16,female,1,1
/mnt/d/career/projects/lightweight-speech-emotion-recognition-on-open-datasets/data/train/song/Actor_16/03-02-04-02-01-02-16.wav,train,song,4,sad,strong,16,female,1,2
/mnt/d/career/projects/lightweight-speech-emotion-recognition-on-open-datasets/data/train/song/Actor_16/03-02-04-02-02-01-16.wav,train,song,4,sad,strong,16,female,2,1
/mnt/d/career/projects/lightweight-speech-emotion-recognition-on-open-datasets/data/train/song/Actor_16/03-02-04-02-02-02-16.wav,train,song,4,sad,strong,16,female,2,2
/mnt/d/career/projects/lightweight-speech-emotion-recognition-on-open-datasets/data/train/song/Actor_16/03-02-05-01-01-01-16.wav,train,song,5,angry,normal,16,female,1,1
/mnt/d/career/projects/lightweight-speech-emotion-recognition-on-open-datasets/data/train/song/Actor_16/03-02-05-01-01-02-16.wav,train,song,5,angry,normal,16,female,1,2
/mnt/d/career/projects/lightweight-speech-emotion-recognition-on-open-datasets/data/train/song/Actor_16/03-02-05-01-02-01-16.wav,train,song,5,angry,normal,16,female,2,1
/mnt/d/career/projects/lightweight-speech-emotion-recognition-on-open-datasets/data/train/song/Actor_16/03-02-05-01-02-02-16.wav,train,song,5,angry,normal,16,female,2,2
/mnt/d/career/projects/lightweight-speech-emotion-recognition-on-open-datasets/data/train/song/Actor_16/03-02-05-02-01-01-16.wav,train,song,5,angry,strong,16,female,1,1
/mnt/d/career/projects/lightweight-speech-emotion-recognition-on-open-datasets/data/train/song/Actor_16/03-02-05-02-01-02-16.wav,train,song,5,angry,strong,16,female,1,2
/mnt/d/career/projects/lightweight-speech-emotion-recognition-on-open-datasets/data/train/song/Actor_16/03-02-05-02-02-01-16.wav,train,song,5,angry,strong,16,female,2,1
/mnt/d/career/projects/lightweight-speech-emotion-recognition-on-open-datasets/data/train/song/Actor_16/03-02-05-02-02-02-16.wav,train,song,5,angry,strong,16,female,2,2
/mnt/d/career/projects/lightweight-speech-emotion-recognition-on-open-datasets/data/train/song/Actor_16/03-02-06-01-01-01-16.wav,train,song,6,fearful,normal,16,female,1,1
/mnt/d/career/projects/lightweight-speech-emotion-recognition-on-open-datasets/data/train/song/Actor_16/03-02-06-01-01-02-16.wav,train,song,6,fearful,normal,16,female,1,2
/mnt/d/career/projects/lightweight-speech-emotion-recognition-on-open-datasets/data/train/song/Actor_16/03-02-06-01-02-01-16.wav,train,song,6,fearful,normal,16,female,2,1
/mnt/d/career/projects/lightweight-speech-emotion-recognition-on-open-datasets/data/train/song/Actor_16/03-02-06-01-02-02-16.wav,train,song,6,fearful,normal,16,female,2,2
/mnt/d/career/projects/lightweight-speech-emotion-recognition-on-open-datasets/data/train/song/Actor_16/03-02-06-02-01-01-16.wav,train,song,6,fearful,strong,16,female,1,1
/mnt/d/career/projects/lightweight-speech-emotion-recognition-on-open-datasets/data/train/song/Actor_16/03-02-06-02-01-02-16.wav,train,song,6,fearful,strong,16,female,1,2
/mnt/d/career/projects/lightweight-speech-emotion-recognition-on-open-datasets/data/train/song/Actor_16/03-02-06-02-02-01-16.wav,train,song,6,fearful,strong,16,female,2,1
/mnt/d/career/projects/lightweight-speech-emotion-recognition-on-open-datasets/data/train/song/Actor_16/03-02-06-02-02-02-16.wav,train,song,6,fearful,strong,16,female,2,2
/mnt/d/career/projects/lightweight-speech-emotion-recognition-on-open-datasets/data/train/song/Actor_17/03-02-01-01-01-01-17.wav,train,song,1,neutral,normal,17,male,1,1
/mnt/d/career/projects/lightweight-speech-emotion-recognition-on-open-datasets/data/train/song/Actor_17/03-02-01-01-01-02-17.wav,train,song,1,neutral,normal,17,male,1,2
/mnt/d/career/projects/lightweight-speech-emotion-recognition-on-open-datasets/data/train/song/Actor_17/03-02-01-01-02-01-17.wav,train,song,1,neutral,normal,17,male,2,1
/mnt/d/career/projects/lightweight-speech-emotion-recognition-on-open-datasets/data/train/song/Actor_17/03-02-01-01-02-02-17.wav,train,song,1,neutral,normal,17,male,2,2
/mnt/d/career/projects/lightweight-speech-emotion-recognition-on-open-datasets/data/train/song/Actor_17/03-02-02-01-01-01-17.wav,train,song,2,calm,normal,17,male,1,1
/mnt/d/career/projects/lightweight-speech-emotion-recognition-on-open-datasets/data/train/song/Actor_17/03-02-02-01-01-02-17.wav,train,song,2,calm,normal,17,male,1,2
/mnt/d/career/projects/lightweight-speech-emotion-recognition-on-open-datasets/data/train/song/Actor_17/03-02-02-01-02-01-17.wav,train,song,2,calm,normal,17,male,2,1
/mnt/d/career/projects/lightweight-speech-emotion-recognition-on-open-datasets/data/train/song/Actor_17/03-02-02-01-02-02-17.wav,train,song,2,calm,normal,17,male,2,2
/mnt/d/career/projects/lightweight-speech-emotion-recognition-on-open-datasets/data/train/song/Actor_17/03-02-02-02-01-01-17.wav,train,song,2,calm,strong,17,male,1,1
/mnt/d/career/projects/lightweight-speech-emotion-recognition-on-open-datasets/data/train/song/Actor_17/03-02-02-02-01-02-17.wav,train,song,2,calm,strong,17,male,1,2
/mnt/d/career/projects/lightweight-speech-emotion-recognition-on-open-datasets/data/train/song/Actor_17/03-02-02-02-02-01-17.wav,train,song,2,calm,strong,17,male,2,1
/mnt/d/career/projects/lightweight-speech-emotion-recognition-on-open-datasets/data/train/song/Actor_17/03-02-02-02-02-02-17.wav,train,song,2,calm,strong,17,male,2,2
/mnt/d/career/projects/lightweight-speech-emotion-recognition-on-open-datasets/data/train/song/Actor_17/03-02-03-01-01-01-17.wav,train,song,3,happy,normal,17,male,1,1
/mnt/d/career/projects/lightweight-speech-emotion-recognition-on-open-datasets/data/train/song/Actor_17/03-02-03-01-01-02-17.wav,train,song,3,happy,normal,17,male,1,2
/mnt/d/career/projects/lightweight-speech-emotion-recognition-on-open-datasets/data/train/song/Actor_17/03-02-03-01-02-01-17.wav,train,song,3,happy,normal,17,male,2,1
/mnt/d/career/projects/lightweight-speech-emotion-recognition-on-open-datasets/data/train/song/Actor_17/03-02-03-01-02-02-17.wav,train,song,3,happy,normal,17,male,2,2
/mnt/d/career/projects/lightweight-speech-emotion-recognition-on-open-datasets/data/train/song/Actor_17/03-02-03-02-01-01-17.wav,train,song,3,happy,strong,17,male,1,1
/mnt/d/career/projects/lightweight-speech-emotion-recognition-on-open-datasets/data/train/song/Actor_17/03-02-03-02-01-02-17.wav,train,song,3,happy,strong,17,male,1,2
/mnt/d/career/projects/lightweight-speech-emotion-recognition-on-open-datasets/data/train/song/Actor_17/03-02-03-02-02-01-17.wav,train,song,3,happy,strong,17,male,2,1
/mnt/d/career/projects/lightweight-speech-emotion-recognition-on-open-datasets/data/train/song/Actor_17/03-02-03-02-02-02-17.wav,train,song,3,happy,strong,17,male,2,2
/mnt/d/career/projects/lightweight-speech-emotion-recognition-on-open-datasets/data/train/song/Actor_17/03-02-04-01-01-01-17.wav,train,song,4,sad,normal,17,male,1,1
/mnt/d/career/projects/lightweight-speech-emotion-recognition-on-open-datasets/data/train/song/Actor_17/03-02-04-01-01-02-17.wav,train,song,4,sad,normal,17,male,1,2
/mnt/d/career/projects/lightweight-speech-emotion-recognition-on-open-datasets/data/train/song/Actor_17/03-02-04-01-02-01-17.wav,train,song,4,sad,normal,17,male,2,1
/mnt/d/career/projects/lightweight-speech-emotion-recognition-on-open-datasets/data/train/song/Actor_17/03-02-04-01-02-02-17.wav,train,song,4,sad,normal,17,male,2,2
/mnt/d/career/projects/lightweight-speech-emotion-recognition-on-open-datasets/data/train/song/Actor_17/03-02-04-02-01-01-17.wav,train,song,4,sad,strong,17,male,1,1
/mnt/d/career/projects/lightweight-speech-emotion-recognition-on-open-datasets/data/train/song/Actor_17/03-02-04-02-01-02-17.wav,train,song,4,sad,strong,17,male,1,2
/mnt/d/career/projects/lightweight-speech-emotion-recognition-on-open-datasets/data/train/song/Actor_17/03-02-04-02-02-01-17.wav,train,song,4,sad,strong,17,male,2,1
/mnt/d/career/projects/lightweight-speech-emotion-recognition-on-open-datasets/data/train/song/Actor_17/03-02-04-02-02-02-17.wav,train,song,4,sad,strong,17,male,2,2
/mnt/d/career/projects/lightweight-speech-emotion-recognition-on-open-datasets/data/train/song/Actor_17/03-02-05-01-01-01-17.wav,train,song,5,angry,normal,17,male,1,1
/mnt/d/career/projects/lightweight-speech-emotion-recognition-on-open-datasets/data/train/song/Actor_17/03-02-05-01-01-02-17.wav,train,song,5,angry,normal,17,male,1,2
/mnt/d/career/projects/lightweight-speech-emotion-recognition-on-open-datasets/data/train/song/Actor_17/03-02-05-01-02-01-17.wav,train,song,5,angry,normal,17,male,2,1
/mnt/d/career/projects/lightweight-speech-emotion-recognition-on-open-datasets/data/train/song/Actor_17/03-02-05-01-02-02-17.wav,train,song,5,angry,normal,17,male,2,2
/mnt/d/career/projects/lightweight-speech-emotion-recognition-on-open-datasets/data/train/song/Actor_17/03-02-05-02-01-01-17.wav,train,song,5,angry,strong,17,male,1,1
/mnt/d/career/projects/lightweight-speech-emotion-recognition-on-open-datasets/data/train/song/Actor_17/03-02-05-02-01-02-17.wav,train,song,5,angry,strong,17,male,1,2
/mnt/d/career/projects/lightweight-speech-emotion-recognition-on-open-datasets/data/train/song/Actor_17/03-02-05-02-02-01-17.wav,train,song,5,angry,strong,17,male,2,1
/mnt/d/career/projects/lightweight-speech-emotion-recognition-on-open-datasets/data/train/song/Actor_17/03-02-05-02-02-02-17.wav,train,song,5,angry,strong,17,male,2,2
/mnt/d/career/projects/lightweight-speech-emotion-recognition-on-open-datasets/data/train/song/Actor_17/03-02-06-01-01-01-17.wav,train,song,6,fearful,normal,17,male,1,1
/mnt/d/career/projects/lightweight-speech-emotion-recognition-on-open-datasets/data/train/song/Actor_17/03-02-06-01-01-02-17.wav,train,song,6,fearful,normal,17,male,1,2
/mnt/d/career/projects/lightweight-speech-emotion-recognition-on-open-datasets/data/train/song/Actor_17/03-02-06-01-02-01-17.wav,train,song,6,fearful,normal,17,male,2,1
/mnt/d/career/projects/lightweight-speech-emotion-recognition-on-open-datasets/data/train/song/Actor_17/03-02-06-01-02-02-17.wav,train,song,6,fearful,normal,17,male,2,2
/mnt/d/career/projects/lightweight-speech-emotion-recognition-on-open-datasets/data/train/song/Actor_17/03-02-06-02-01-01-17.wav,train,song,6,fearful,strong,17,male,1,1
/mnt/d/career/projects/lightweight-speech-emotion-recognition-on-open-datasets/data/train/song/Actor_17/03-02-06-02-01-02-17.wav,train,song,6,fearful,strong,17,male,1,2
/mnt/d/career/projects/lightweight-speech-emotion-recognition-on-open-datasets/data/train/song/Actor_17/03-02-06-02-02-01-17.wav,train,song,6,fearful,strong,17,male,2,1
/mnt/d/career/projects/lightweight-speech-emotion-recognition-on-open-datasets/data/train/song/Actor_17/03-02-06-02-02-02-17.wav,train,song,6,fearful,strong,17,male,2,2
/mnt/d/career/projects/lightweight-speech-emotion-recognition-on-open-datasets/data/train/song/Actor_19/03-02-01-01-01-01-19.wav,train,song,1,neutral,normal,19,male,1,1
/mnt/d/career/projects/lightweight-speech-emotion-recognition-on-open-datasets/data/train/song/Actor_19/03-02-01-01-01-02-19.wav,train,song,1,neutral,normal,19,male,1,2
/mnt/d/career/projects/lightweight-speech-emotion-recognition-on-open-datasets/data/train/song/Actor_19/03-02-01-01-02-01-19.wav,train,song,1,neutral,normal,19,male,2,1
/mnt/d/career/projects/lightweight-speech-emotion-recognition-on-open-datasets/data/train/song/Actor_19/03-02-01-01-02-02-19.wav,train,song,1,neutral,normal,19,male,2,2
/mnt/d/career/projects/lightweight-speech-emotion-recognition-on-open-datasets/data/train/song/Actor_19/03-02-02-01-01-01-19.wav,train,song,2,calm,normal,19,male,1,1
/mnt/d/career/projects/lightweight-speech-emotion-recognition-on-open-datasets/data/train/song/Actor_19/03-02-02-01-01-02-19.wav,train,song,2,calm,normal,19,male,1,2
/mnt/d/career/projects/lightweight-speech-emotion-recognition-on-open-datasets/data/train/song/Actor_19/03-02-02-01-02-01-19.wav,train,song,2,calm,normal,19,male,2,1
/mnt/d/career/projects/lightweight-speech-emotion-recognition-on-open-datasets/data/train/song/Actor_19/03-02-02-01-02-02-19.wav,train,song,2,calm,normal,19,male,2,2
/mnt/d/career/projects/lightweight-speech-emotion-recognition-on-open-datasets/data/train/song/Actor_19/03-02-02-02-01-01-19.wav,train,song,2,calm,strong,19,male,1,1
/mnt/d/career/projects/lightweight-speech-emotion-recognition-on-open-datasets/data/train/song/Actor_19/03-02-02-02-01-02-19.wav,train,song,2,calm,strong,19,male,1,2
/mnt/d/career/projects/lightweight-speech-emotion-recognition-on-open-datasets/data/train/song/Actor_19/03-02-02-02-02-01-19.wav,train,song,2,calm,strong,19,male,2,1
/mnt/d/career/projects/lightweight-speech-emotion-recognition-on-open-datasets/data/train/song/Actor_19/03-02-02-02-02-02-19.wav,train,song,2,calm,strong,19,male,2,2
/mnt/d/career/projects/lightweight-speech-emotion-recognition-on-open-datasets/data/train/song/Actor_19/03-02-03-01-01-01-19.wav,train,song,3,happy,normal,19,male,1,1
/mnt/d/career/projects/lightweight-speech-emotion-recognition-on-open-datasets/data/train/song/Actor_19/03-02-03-01-01-02-19.wav,train,song,3,happy,normal,19,male,1,2
/mnt/d/career/projects/lightweight-speech-emotion-recognition-on-open-datasets/data/train/song/Actor_19/03-02-03-01-02-01-19.wav,train,song,3,happy,normal,19,male,2,1
/mnt/d/career/projects/lightweight-speech-emotion-recognition-on-open-datasets/data/train/song/Actor_19/03-02-03-01-02-02-19.wav,train,song,3,happy,normal,19,male,2,2
/mnt/d/career/projects/lightweight-speech-emotion-recognition-on-open-datasets/data/train/song/Actor_19/03-02-03-02-01-01-19.wav,train,song,3,happy,strong,19,male,1,1
/mnt/d/career/projects/lightweight-speech-emotion-recognition-on-open-datasets/data/train/song/Actor_19/03-02-03-02-01-02-19.wav,train,song,3,happy,strong,19,male,1,2
/mnt/d/career/projects/lightweight-speech-emotion-recognition-on-open-datasets/data/train/song/Actor_19/03-02-03-02-02-01-19.wav,train,song,3,happy,strong,19,male,2,1
/mnt/d/career/projects/lightweight-speech-emotion-recognition-on-open-datasets/data/train/song/Actor_19/03-02-03-02-02-02-19.wav,train,song,3,happy,strong,19,male,2,2
/mnt/d/career/projects/lightweight-speech-emotion-recognition-on-open-datasets/data/train/song/Actor_19/03-02-04-01-01-01-19.wav,train,song,4,sad,normal,19,male,1,1
/mnt/d/career/projects/lightweight-speech-emotion-recognition-on-open-datasets/data/train/song/Actor_19/03-02-04-01-01-02-19.wav,train,song,4,sad,normal,19,male,1,2
/mnt/d/career/projects/lightweight-speech-emotion-recognition-on-open-datasets/data/train/song/Actor_19/03-02-04-01-02-01-19.wav,train,song,4,sad,normal,19,male,2,1
/mnt/d/career/projects/lightweight-speech-emotion-recognition-on-open-datasets/data/train/song/Actor_19/03-02-04-01-02-02-19.wav,train,song,4,sad,normal,19,male,2,2
/mnt/d/career/projects/lightweight-speech-emotion-recognition-on-open-datasets/data/train/song/Actor_19/03-02-04-02-01-01-19.wav,train,song,4,sad,strong,19,male,1,1
/mnt/d/career/projects/lightweight-speech-emotion-recognition-on-open-datasets/data/train/song/Actor_19/03-02-04-02-01-02-19.wav,train,song,4,sad,strong,19,male,1,2
/mnt/d/career/projects/lightweight-speech-emotion-recognition-on-open-datasets/data/train/song/Actor_19/03-02-04-02-02-01-19.wav,train,song,4,sad,strong,19,male,2,1
/mnt/d/career/projects/lightweight-speech-emotion-recognition-on-open-datasets/data/train/song/Actor_19/03-02-04-02-02-02-19.wav,train,song,4,sad,strong,19,male,2,2
/mnt/d/career/projects/lightweight-speech-emotion-recognition-on-open-datasets/data/train/song/Actor_19/03-02-05-01-01-01-19.wav,train,song,5,angry,normal,19,male,1,1
/mnt/d/career/projects/lightweight-speech-emotion-recognition-on-open-datasets/data/train/song/Actor_19/03-02-05-01-01-02-19.wav,train,song,5,angry,normal,19,male,1,2
/mnt/d/career/projects/lightweight-speech-emotion-recognition-on-open-datasets/data/train/song/Actor_19/03-02-05-01-02-01-19.wav,train,song,5,angry,normal,19,male,2,1
/mnt/d/career/projects/lightweight-speech-emotion-recognition-on-open-datasets/data/train/song/Actor_19/03-02-05-01-02-02-19.wav,train,song,5,angry,normal,19,male,2,2
/mnt/d/career/projects/lightweight-speech-emotion-recognition-on-open-datasets/data/train/song/Actor_19/03-02-05-02-01-01-19.wav,train,song,5,angry,strong,19,male,1,1
/mnt/d/career/projects/lightweight-speech-emotion-recognition-on-open-datasets/data/train/song/Actor_19/03-02-05-02-01-02-19.wav,train,song,5,angry,strong,19,male,1,2
/mnt/d/career/projects/lightweight-speech-emotion-recognition-on-open-datasets/data/train/song/Actor_19/03-02-05-02-02-01-19.wav,train,song,5,angry,strong,19,male,2,1
/mnt/d/career/projects/lightweight-speech-emotion-recognition-on-open-datasets/data/train/song/Actor_19/03-02-05-02-02-02-19.wav,train,song,5,angry,strong,19,male,2,2
/mnt/d/career/projects/lightweight-speech-emotion-recognition-on-open-datasets/data/train/song/Actor_19/03-02-06-01-01-01-19.wav,train,song,6,fearful,normal,19,male,1,1
/mnt/d/career/projects/lightweight-speech-emotion-recognition-on-open-datasets/data/train/song/Actor_19/03-02-06-01-01-02-19.wav,train,song,6,fearful,normal,19,male,1,2
/mnt/d/career/projects/lightweight-speech-emotion-recognition-on-open-datasets/data/train/song/Actor_19/03-02-06-01-02-01-19.wav,train,song,6,fearful,normal,19,male,2,1
/mnt/d/career/projects/lightweight-speech-emotion-recognition-on-open-datasets/data/train/song/Actor_19/03-02-06-01-02-02-19.wav,train,song,6,fearful,normal,19,male,2,2
/mnt/d/career/projects/lightweight-speech-emotion-recognition-on-open-datasets/data/train/song/Actor_19/03-02-06-02-01-01-19.wav,train,song,6,fearful,strong,19,male,1,1
/mnt/d/career/projects/lightweight-speech-emotion-recognition-on-open-datasets/data/train/song/Actor_19/03-02-06-02-01-02-19.wav,train,song,6,fearful,strong,19,male,1,2
/mnt/d/career/projects/lightweight-speech-emotion-recognition-on-open-datasets/data/train/song/Actor_19/03-02-06-02-02-01-19.wav,train,song,6,fearful,strong,19,male,2,1
/mnt/d/career/projects/lightweight-speech-emotion-recognition-on-open-datasets/data/train/song/Actor_19/03-02-06-02-02-02-19.wav,train,song,6,fearful,strong,19,male,2,2
/mnt/d/career/projects/lightweight-speech-emotion-recognition-on-open-datasets/data/val/song/Actor_20/03-02-01-01-01-01-20.wav,val,song,1,neutral,normal,20,female,1,1
/mnt/d/career/projects/lightweight-speech-emotion-recognition-on-open-datasets/data/val/song/Actor_20/03-02-01-01-01-02-20.wav,val,song,1,neutral,normal,20,female,1,2
/mnt/d/career/projects/lightweight-speech-emotion-recognition-on-open-datasets/data/val/song/Actor_20/03-02-01-01-02-01-20.wav,val,song,1,neutral,normal,20,female,2,1
/mnt/d/career/projects/lightweight-speech-emotion-recognition-on-open-datasets/data/val/song/Actor_20/03-02-01-01-02-02-20.wav,val,song,1,neutral,normal,20,female,2,2
/mnt/d/career/projects/lightweight-speech-emotion-recognition-on-open-datasets/data/val/song/Actor_20/03-02-02-01-01-01-20.wav,val,song,2,calm,normal,20,female,1,1
/mnt/d/career/projects/lightweight-speech-emotion-recognition-on-open-datasets/data/val/song/Actor_20/03-02-02-01-01-02-20.wav,val,song,2,calm,normal,20,female,1,2
/mnt/d/career/projects/lightweight-speech-emotion-recognition-on-open-datasets/data/val/song/Actor_20/03-02-02-01-02-01-20.wav,val,song,2,calm,normal,20,female,2,1
/mnt/d/career/projects/lightweight-speech-emotion-recognition-on-open-datasets/data/val/song/Actor_20/03-02-02-01-02-02-20.wav,val,song,2,calm,normal,20,female,2,2
/mnt/d/career/projects/lightweight-speech-emotion-recognition-on-open-datasets/data/val/song/Actor_20/03-02-02-02-01-01-20.wav,val,song,2,calm,strong,20,female,1,1
/mnt/d/career/projects/lightweight-speech-emotion-recognition-on-open-datasets/data/val/song/Actor_20/03-02-02-02-01-02-20.wav,val,song,2,calm,strong,20,female,1,2
/mnt/d/career/projects/lightweight-speech-emotion-recognition-on-open-datasets/data/val/song/Actor_20/03-02-02-02-02-01-20.wav,val,song,2,calm,strong,20,female,2,1
/mnt/d/career/projects/lightweight-speech-emotion-recognition-on-open-datasets/data/val/song/Actor_20/03-02-02-02-02-02-20.wav,val,song,2,calm,strong,20,female,2,2
/mnt/d/career/projects/lightweight-speech-emotion-recognition-on-open-datasets/data/val/song/Actor_20/03-02-03-01-01-01-20.wav,val,song,3,happy,normal,20,female,1,1
/mnt/d/career/projects/lightweight-speech-emotion-recognition-on-open-datasets/data/val/song/Actor_20/03-02-03-01-01-02-20.wav,val,song,3,happy,normal,20,female,1,2
/mnt/d/career/projects/lightweight-speech-emotion-recognition-on-open-datasets/data/val/song/Actor_20/03-02-03-01-02-01-20.wav,val,song,3,happy,normal,20,female,2,1
/mnt/d/career/projects/lightweight-speech-emotion-recognition-on-open-datasets/data/val/song/Actor_20/03-02-03-01-02-02-20.wav,val,song,3,happy,normal,20,female,2,2
/mnt/d/career/projects/lightweight-speech-emotion-recognition-on-open-datasets/data/val/song/Actor_20/03-02-03-02-01-01-20.wav,val,song,3,happy,strong,20,female,1,1
/mnt/d/career/projects/lightweight-speech-emotion-recognition-on-open-datasets/data/val/song/Actor_20/03-02-03-02-01-02-20.wav,val,song,3,happy,strong,20,female,1,2
/mnt/d/career/projects/lightweight-speech-emotion-recognition-on-open-datasets/data/val/song/Actor_20/03-02-03-02-02-01-20.wav,val,song,3,happy,strong,20,female,2,1
/mnt/d/career/projects/lightweight-speech-emotion-recognition-on-open-datasets/data/val/song/Actor_20/03-02-03-02-02-02-20.wav,val,song,3,happy,strong,20,female,2,2
/mnt/d/career/projects/lightweight-speech-emotion-recognition-on-open-datasets/data/val/song/Actor_20/03-02-04-01-01-01-20.wav,val,song,4,sad,normal,20,female,1,1
/mnt/d/career/projects/lightweight-speech-emotion-recognition-on-open-datasets/data/val/song/Actor_20/03-02-04-01-01-02-20.wav,val,song,4,sad,normal,20,female,1,2
/mnt/d/career/projects/lightweight-speech-emotion-recognition-on-open-datasets/data/val/song/Actor_20/03-02-04-01-02-01-20.wav,val,song,4,sad,normal,20,female,2,1
/mnt/d/career/projects/lightweight-speech-emotion-recognition-on-open-datasets/data/val/song/Actor_20/03-02-04-01-02-02-20.wav,val,song,4,sad,normal,20,female,2,2
/mnt/d/career/projects/lightweight-speech-emotion-recognition-on-open-datasets/data/val/song/Actor_20/03-02-04-02-01-01-20.wav,val,song,4,sad,strong,20,female,1,1
/mnt/d/career/projects/lightweight-speech-emotion-recognition-on-open-datasets/data/val/song/Actor_20/03-02-04-02-01-02-20.wav,val,song,4,sad,strong,20,female,1,2
/mnt/d/career/projects/lightweight-speech-emotion-recognition-on-open-datasets/data/val/song/Actor_20/03-02-04-02-02-01-20.wav,val,song,4,sad,strong,20,female,2,1
/mnt/d/career/projects/lightweight-speech-emotion-recognition-on-open-datasets/data/val/song/Actor_20/03-02-04-02-02-02-20.wav,val,song,4,sad,strong,20,female,2,2
/mnt/d/career/projects/lightweight-speech-emotion-recognition-on-open-datasets/data/val/song/Actor_20/03-02-05-01-01-01-20.wav,val,song,5,angry,normal,20,female,1,1
/mnt/d/career/projects/lightweight-speech-emotion-recognition-on-open-datasets/data/val/song/Actor_20/03-02-05-01-01-02-20.wav,val,song,5,angry,normal,20,female,1,2
/mnt/d/career/projects/lightweight-speech-emotion-recognition-on-open-datasets/data/val/song/Actor_20/03-02-05-01-02-01-20.wav,val,song,5,angry,normal,20,female,2,1
/mnt/d/career/projects/lightweight-speech-emotion-recognition-on-open-datasets/data/val/song/Actor_20/03-02-05-01-02-02-20.wav,val,song,5,angry,normal,20,female,2,2
/mnt/d/career/projects/lightweight-speech-emotion-recognition-on-open-datasets/data/val/song/Actor_20/03-02-05-02-01-01-20.wav,val,song,5,angry,strong,20,female,1,1
/mnt/d/career/projects/lightweight-speech-emotion-recognition-on-open-datasets/data/val/song/Actor_20/03-02-05-02-01-02-20.wav,val,song,5,angry,strong,20,female,1,2
/mnt/d/career/projects/lightweight-speech-emotion-recognition-on-open-datasets/data/val/song/Actor_20/03-02-05-02-02-01-20.wav,val,song,5,angry,strong,20,female,2,1
/mnt/d/career/projects/lightweight-speech-emotion-recognition-on-open-datasets/data/val/song/Actor_20/03-02-05-02-02-02-20.wav,val,song,5,angry,strong,20,female,2,2
/mnt/d/career/projects/lightweight-speech-emotion-recognition-on-open-datasets/data/val/song/Actor_20/03-02-06-01-01-01-20.wav,val,song,6,fearful,normal,20,female,1,1
/mnt/d/career/projects/lightweight-speech-emotion-recognition-on-open-datasets/data/val/song/Actor_20/03-02-06-01-01-02-20.wav,val,song,6,fearful,normal,20,female,1,2
/mnt/d/career/projects/lightweight-speech-emotion-recognition-on-open-datasets/data/val/song/Actor_20/03-02-06-01-02-01-20.wav,val,song,6,fearful,normal,20,female,2,1
/mnt/d/career/projects/lightweight-speech-emotion-recognition-on-open-datasets/data/val/song/Actor_20/03-02-06-01-02-02-20.wav,val,song,6,fearful,normal,20,female,2,2
/mnt/d/career/projects/lightweight-speech-emotion-recognition-on-open-datasets/data/val/song/Actor_20/03-02-06-02-01-01-20.wav,val,song,6,fearful,strong,20,female,1,1
/mnt/d/career/projects/lightweight-speech-emotion-recognition-on-open-datasets/data/val/song/Actor_20/03-02-06-02-01-02-20.wav,val,song,6,fearful,strong,20,female,1,2
/mnt/d/career/projects/lightweight-speech-emotion-recognition-on-open-datasets/data/val/song/Actor_20/03-02-06-02-02-01-20.wav,val,song,6,fearful,strong,20,female,2,1
/mnt/d/career/projects/lightweight-speech-emotion-recognition-on-open-datasets/data/val/song/Actor_20/03-02-06-02-02-02-20.wav,val,song,6,fearful,strong,20,female,2,2
/mnt/d/career/projects/lightweight-speech-emotion-recognition-on-open-datasets/data/val/song/Actor_21/03-02-01-01-01-01-21.wav,val,song,1,neutral,normal,21,male,1,1
/mnt/d/career/projects/lightweight-speech-emotion-recognition-on-open-datasets/data/val/song/Actor_21/03-02-01-01-01-02-21.wav,val,song,1,neutral,normal,21,male,1,2
/mnt/d/career/projects/lightweight-speech-emotion-recognition-on-open-datasets/data/val/song/Actor_21/03-02-01-01-02-01-21.wav,val,song,1,neutral,normal,21,male,2,1
/mnt/d/career/projects/lightweight-speech-emotion-recognition-on-open-datasets/data/val/song/Actor_21/03-02-01-01-02-02-21.wav,val,song,1,neutral,normal,21,male,2,2
/mnt/d/career/projects/lightweight-speech-emotion-recognition-on-open-datasets/data/val/song/Actor_21/03-02-02-01-01-01-21.wav,val,song,2,calm,normal,21,male,1,1
/mnt/d/career/projects/lightweight-speech-emotion-recognition-on-open-datasets/data/val/song/Actor_21/03-02-02-01-01-02-21.wav,val,song,2,calm,normal,21,male,1,2
/mnt/d/career/projects/lightweight-speech-emotion-recognition-on-open-datasets/data/val/song/Actor_21/03-02-02-01-02-01-21.wav,val,song,2,calm,normal,21,male,2,1
/mnt/d/career/projects/lightweight-speech-emotion-recognition-on-open-datasets/data/val/song/Actor_21/03-02-02-01-02-02-21.wav,val,song,2,calm,normal,21,male,2,2
/mnt/d/career/projects/lightweight-speech-emotion-recognition-on-open-datasets/data/val/song/Actor_21/03-02-02-02-01-01-21.wav,val,song,2,calm,strong,21,male,1,1
/mnt/d/career/projects/lightweight-speech-emotion-recognition-on-open-datasets/data/val/song/Actor_21/03-02-02-02-01-02-21.wav,val,song,2,calm,strong,21,male,1,2
/mnt/d/career/projects/lightweight-speech-emotion-recognition-on-open-datasets/data/val/song/Actor_21/03-02-02-02-02-01-21.wav,val,song,2,calm,strong,21,male,2,1
/mnt/d/career/projects/lightweight-speech-emotion-recognition-on-open-datasets/data/val/song/Actor_21/03-02-02-02-02-02-21.wav,val,song,2,calm,strong,21,male,2,2
/mnt/d/career/projects/lightweight-speech-emotion-recognition-on-open-datasets/data/val/song/Actor_21/03-02-03-01-01-01-21.wav,val,song,3,happy,normal,21,male,1,1
/mnt/d/career/projects/lightweight-speech-emotion-recognition-on-open-datasets/data/val/song/Actor_21/03-02-03-01-01-02-21.wav,val,song,3,happy,normal,21,male,1,2
/mnt/d/career/projects/lightweight-speech-emotion-recognition-on-open-datasets/data/val/song/Actor_21/03-02-03-01-02-01-21.wav,val,song,3,happy,normal,21,male,2,1
/mnt/d/career/projects/lightweight-speech-emotion-recognition-on-open-datasets/data/val/song/Actor_21/03-02-03-01-02-02-21.wav,val,song,3,happy,normal,21,male,2,2
/mnt/d/career/projects/lightweight-speech-emotion-recognition-on-open-datasets/data/val/song/Actor_21/03-02-03-02-01-01-21.wav,val,song,3,happy,strong,21,male,1,1
/mnt/d/career/projects/lightweight-speech-emotion-recognition-on-open-datasets/data/val/song/Actor_21/03-02-03-02-01-02-21.wav,val,song,3,happy,strong,21,male,1,2
/mnt/d/career/projects/lightweight-speech-emotion-recognition-on-open-datasets/data/val/song/Actor_21/03-02-03-02-02-01-21.wav,val,song,3,happy,strong,21,male,2,1
/mnt/d/career/projects/lightweight-speech-emotion-recognition-on-open-datasets/data/val/song/Actor_21/03-02-03-02-02-02-21.wav,val,song,3,happy,strong,21,male,2,2
/mnt/d/career/projects/lightweight-speech-emotion-recognition-on-open-datasets/data/val/song/Actor_21/03-02-04-01-01-01-21.wav,val,song,4,sad,normal,21,male,1,1
/mnt/d/career/projects/lightweight-speech-emotion-recognition-on-open-datasets/data/val/song/Actor_21/03-02-04-01-01-02-21.wav,val,song,4,sad,normal,21,male,1,2
/mnt/d/career/projects/lightweight-speech-emotion-recognition-on-open-datasets/data/val/song/Actor_21/03-02-04-01-02-01-21.wav,val,song,4,sad,normal,21,male,2,1
/mnt/d/career/projects/lightweight-speech-emotion-recognition-on-open-datasets/data/val/song/Actor_21/03-02-04-01-02-02-21.wav,val,song,4,sad,normal,21,male,2,2
/mnt/d/career/projects/lightweight-speech-emotion-recognition-on-open-datasets/data/val/song/Actor_21/03-02-04-02-01-01-21.wav,val,song,4,sad,strong,21,male,1,1
/mnt/d/career/projects/lightweight-speech-emotion-recognition-on-open-datasets/data/val/song/Actor_21/03-02-04-02-01-02-21.wav,val,song,4,sad,strong,21,male,1,2
/mnt/d/career/projects/lightweight-speech-emotion-recognition-on-open-datasets/data/val/song/Actor_21/03-02-04-02-02-01-21.wav,val,song,4,sad,strong,21,male,2,1
/mnt/d/career/projects/lightweight-speech-emotion-recognition-on-open-datasets/data/val/song/Actor_21/03-02-04-02-02-02-21.wav,val,song,4,sad,strong,21,male,2,2
/mnt/d/career/projects/lightweight-speech-emotion-recognition-on-open-datasets/data/val/song/Actor_21/03-02-05-01-01-01-21.wav,val,song,5,angry,normal,21,male,1,1
/mnt/d/career/projects/lightweight-speech-emotion-recognition-on-open-datasets/data/val/song/Actor_21/03-02-05-01-01-02-21.wav,val,song,5,angry,normal,21,male,1,2
/mnt/d/career/projects/lightweight-speech-emotion-recognition-on-open-datasets/data/val/song/Actor_21/03-02-05-01-02-01-21.wav,val,song,5,angry,normal,21,male,2,1
/mnt/d/career/projects/lightweight-speech-emotion-recognition-on-open-datasets/data/val/song/Actor_21/03-02-05-01-02-02-21.wav,val,song,5,angry,normal,21,male,2,2
/mnt/d/career/projects/lightweight-speech-emotion-recognition-on-open-datasets/data/val/song/Actor_21/03-02-05-02-01-01-21.wav,val,song,5,angry,strong,21,male,1,1
/mnt/d/career/projects/lightweight-speech-emotion-recognition-on-open-datasets/data/val/song/Actor_21/03-02-05-02-01-02-21.wav,val,song,5,angry,strong,21,male,1,2
/mnt/d/career/projects/lightweight-speech-emotion-recognition-on-open-datasets/data/val/song/Actor_21/03-02-05-02-02-01-21.wav,val,song,5,angry,strong,21,male,2,1
/mnt/d/career/projects/lightweight-speech-emotion-recognition-on-open-datasets/data/val/song/Actor_21/03-02-05-02-02-02-21.wav,val,song,5,angry,strong,21,male,2,2
/mnt/d/career/projects/lightweight-speech-emotion-recognition-on-open-datasets/data/val/song/Actor_21/03-02-06-01-01-01-21.wav,val,song,6,fearful,normal,21,male,1,1
/mnt/d/career/projects/lightweight-speech-emotion-recognition-on-open-datasets/data/val/song/Actor_21/03-02-06-01-01-02-21.wav,val,song,6,fearful,normal,21,male,1,2
/mnt/d/career/projects/lightweight-speech-emotion-recognition-on-open-datasets/data/val/song/Actor_21/03-02-06-01-02-01-21.wav,val,song,6,fearful,normal,21,male,2,1
/mnt/d/career/projects/lightweight-speech-emotion-recognition-on-open-datasets/data/val/song/Actor_21/03-02-06-01-02-02-21.wav,val,song,6,fearful,normal,21,male,2,2
/mnt/d/career/projects/lightweight-speech-emotion-recognition-on-open-datasets/data/val/song/Actor_21/03-02-06-02-01-01-21.wav,val,song,6,fearful,strong,21,male,1,1
/mnt/d/career/projects/lightweight-speech-emotion-recognition-on-open-datasets/data/val/song/Actor_21/03-02-06-02-01-02-21.wav,val,song,6,fearful,strong,21,male,1,2
/mnt/d/career/projects/lightweight-speech-emotion-recognition-on-open-datasets/data/val/song/Actor_21/03-02-06-02-02-01-21.wav,val,song,6,fearful,strong,21,male,2,1
/mnt/d/career/projects/lightweight-speech-emotion-recognition-on-open-datasets/data/val/song/Actor_21/03-02-06-02-02-02-21.wav,val,song,6,fearful,strong,21,male,2,2
/mnt/d/career/projects/lightweight-speech-emotion-recognition-on-open-datasets/data/val/song/Actor_22/03-02-01-01-01-01-22.wav,val,song,1,neutral,normal,22,female,1,1
/mnt/d/career/projects/lightweight-speech-emotion-recognition-on-open-datasets/data/val/song/Actor_22/03-02-01-01-01-02-22.wav,val,song,1,neutral,normal,22,female,1,2
/mnt/d/career/projects/lightweight-speech-emotion-recognition-on-open-datasets/data/val/song/Actor_22/03-02-01-01-02-01-22.wav,val,song,1,neutral,normal,22,female,2,1
/mnt/d/career/projects/lightweight-speech-emotion-recognition-on-open-datasets/data/val/song/Actor_22/03-02-01-01-02-02-22.wav,val,song,1,neutral,normal,22,female,2,2
/mnt/d/career/projects/lightweight-speech-emotion-recognition-on-open-datasets/data/val/song/Actor_22/03-02-02-01-01-01-22.wav,val,song,2,calm,normal,22,female,1,1
/mnt/d/career/projects/lightweight-speech-emotion-recognition-on-open-datasets/data/val/song/Actor_22/03-02-02-01-01-02-22.wav,val,song,2,calm,normal,22,female,1,2
/mnt/d/career/projects/lightweight-speech-emotion-recognition-on-open-datasets/data/val/song/Actor_22/03-02-02-01-02-01-22.wav,val,song,2,calm,normal,22,female,2,1
/mnt/d/career/projects/lightweight-speech-emotion-recognition-on-open-datasets/data/val/song/Actor_22/03-02-02-01-02-02-22.wav,val,song,2,calm,normal,22,female,2,2
/mnt/d/career/projects/lightweight-speech-emotion-recognition-on-open-datasets/data/val/song/Actor_22/03-02-02-02-01-01-22.wav,val,song,2,calm,strong,22,female,1,1
/mnt/d/career/projects/lightweight-speech-emotion-recognition-on-open-datasets/data/val/song/Actor_22/03-02-02-02-01-02-22.wav,val,song,2,calm,strong,22,female,1,2
/mnt/d/career/projects/lightweight-speech-emotion-recognition-on-open-datasets/data/val/song/Actor_22/03-02-02-02-02-01-22.wav,val,song,2,calm,strong,22,female,2,1
/mnt/d/career/projects/lightweight-speech-emotion-recognition-on-open-datasets/data/val/song/Actor_22/03-02-02-02-02-02-22.wav,val,song,2,calm,strong,22,female,2,2
/mnt/d/career/projects/lightweight-speech-emotion-recognition-on-open-datasets/data/val/song/Actor_22/03-02-03-01-01-01-22.wav,val,song,3,happy,normal,22,female,1,1
/mnt/d/career/projects/lightweight-speech-emotion-recognition-on-open-datasets/data/val/song/Actor_22/03-02-03-01-01-02-22.wav,val,song,3,happy,normal,22,female,1,2
/mnt/d/career/projects/lightweight-speech-emotion-recognition-on-open-datasets/data/val/song/Actor_22/03-02-03-01-02-01-22.wav,val,song,3,happy,normal,22,female,2,1
/mnt/d/career/projects/lightweight-speech-emotion-recognition-on-open-datasets/data/val/song/Actor_22/03-02-03-01-02-02-22.wav,val,song,3,happy,normal,22,female,2,2
/mnt/d/career/projects/lightweight-speech-emotion-recognition-on-open-datasets/data/val/song/Actor_22/03-02-03-02-01-01-22.wav,val,song,3,happy,strong,22,female,1,1
/mnt/d/career/projects/lightweight-speech-emotion-recognition-on-open-datasets/data/val/song/Actor_22/03-02-03-02-01-02-22.wav,val,song,3,happy,strong,22,female,1,2
/mnt/d/career/projects/lightweight-speech-emotion-recognition-on-open-datasets/data/val/song/Actor_22/03-02-03-02-02-01-22.wav,val,song,3,happy,strong,22,female,2,1
/mnt/d/career/projects/lightweight-speech-emotion-recognition-on-open-datasets/data/val/song/Actor_22/03-02-03-02-02-02-22.wav,val,song,3,happy,strong,22,female,2,2
/mnt/d/career/projects/lightweight-speech-emotion-recognition-on-open-datasets/data/val/song/Actor_22/03-02-04-01-01-01-22.wav,val,song,4,sad,normal,22,female,1,1
/mnt/d/career/projects/lightweight-speech-emotion-recognition-on-open-datasets/data/val/song/Actor_22/03-02-04-01-01-02-22.wav,val,song,4,sad,normal,22,female,1,2
/mnt/d/career/projects/lightweight-speech-emotion-recognition-on-open-datasets/data/val/song/Actor_22/03-02-04-01-02-01-22.wav,val,song,4,sad,normal,22,female,2,1
/mnt/d/career/projects/lightweight-speech-emotion-recognition-on-open-datasets/data/val/song/Actor_22/03-02-04-01-02-02-22.wav,val,song,4,sad,normal,22,female,2,2
/mnt/d/career/projects/lightweight-speech-emotion-recognition-on-open-datasets/data/val/song/Actor_22/03-02-04-02-01-01-22.wav,val,song,4,sad,strong,22,female,1,1
/mnt/d/career/projects/lightweight-speech-emotion-recognition-on-open-datasets/data/val/song/Actor_22/03-02-04-02-01-02-22.wav,val,song,4,sad,strong,22,female,1,2
/mnt/d/career/projects/lightweight-speech-emotion-recognition-on-open-datasets/data/val/song/Actor_22/03-02-04-02-02-01-22.wav,val,song,4,sad,strong,22,female,2,1
/mnt/d/career/projects/lightweight-speech-emotion-recognition-on-open-datasets/data/val/song/Actor_22/03-02-04-02-02-02-22.wav,val,song,4,sad,strong,22,female,2,2
/mnt/d/career/projects/lightweight-speech-emotion-recognition-on-open-datasets/data/val/song/Actor_22/03-02-05-01-01-01-22.wav,val,song,5,angry,normal,22,female,1,1
/mnt/d/career/projects/lightweight-speech-emotion-recognition-on-open-datasets/data/val/song/Actor_22/03-02-05-01-01-02-22.wav,val,song,5,angry,normal,22,female,1,2
/mnt/d/career/projects/lightweight-speech-emotion-recognition-on-open-datasets/data/val/song/Actor_22/03-02-05-01-02-01-22.wav,val,song,5,angry,normal,22,female,2,1
/mnt/d/career/projects/lightweight-speech-emotion-recognition-on-open-datasets/data/val/song/Actor_22/03-02-05-01-02-02-22.wav,val,song,5,angry,normal,22,female,2,2
/mnt/d/career/projects/lightweight-speech-emotion-recognition-on-open-datasets/data/val/song/Actor_22/03-02-05-02-01-01-22.wav,val,song,5,angry,strong,22,female,1,1
/mnt/d/career/projects/lightweight-speech-emotion-recognition-on-open-datasets/data/val/song/Actor_22/03-02-05-02-01-02-22.wav,val,song,5,angry,strong,22,female,1,2
/mnt/d/career/projects/lightweight-speech-emotion-recognition-on-open-datasets/data/val/song/Actor_22/03-02-05-02-02-01-22.wav,val,song,5,angry,strong,22,female,2,1
/mnt/d/career/projects/lightweight-speech-emotion-recognition-on-open-datasets/data/val/song/Actor_22/03-02-05-02-02-02-22.wav,val,song,5,angry,strong,22,female,2,2
/mnt/d/career/projects/lightweight-speech-emotion-recognition-on-open-datasets/data/val/song/Actor_22/03-02-06-01-01-01-22.wav,val,song,6,fearful,normal,22,female,1,1
/mnt/d/career/projects/lightweight-speech-emotion-recognition-on-open-datasets/data/val/song/Actor_22/03-02-06-01-01-02-22.wav,val,song,6,fearful,normal,22,female,1,2
/mnt/d/career/projects/lightweight-speech-emotion-recognition-on-open-datasets/data/val/song/Actor_22/03-02-06-01-02-01-22.wav,val,song,6,fearful,normal,22,female,2,1
/mnt/d/career/projects/lightweight-speech-emotion-recognition-on-open-datasets/data/val/song/Actor_22/03-02-06-01-02-02-22.wav,val,song,6,fearful,normal,22,female,2,2
/mnt/d/career/projects/lightweight-speech-emotion-recognition-on-open-datasets/data/val/song/Actor_22/03-02-06-02-01-01-22.wav,val,song,6,fearful,strong,22,female,1,1
/mnt/d/career/projects/lightweight-speech-emotion-recognition-on-open-datasets/data/val/song/Actor_22/03-02-06-02-01-02-22.wav,val,song,6,fearful,strong,22,female,1,2
/mnt/d/career/projects/lightweight-speech-emotion-recognition-on-open-datasets/data/val/song/Actor_22/03-02-06-02-02-01-22.wav,val,song,6,fearful,strong,22,female,2,1
/mnt/d/career/projects/lightweight-speech-emotion-recognition-on-open-datasets/data/val/song/Actor_22/03-02-06-02-02-02-22.wav,val,song,6,fearful,strong,22,female,2,2
/mnt/d/career/projects/lightweight-speech-emotion-recognition-on-open-datasets/data/test/song/Actor_23/03-02-01-01-01-01-23.wav,test,song,1,neutral,normal,23,male,1,1
/mnt/d/career/projects/lightweight-speech-emotion-recognition-on-open-datasets/data/test/song/Actor_23/03-02-01-01-01-02-23.wav,test,song,1,neutral,normal,23,male,1,2
/mnt/d/career/projects/lightweight-speech-emotion-recognition-on-open-datasets/data/test/song/Actor_23/03-02-01-01-02-01-23.wav,test,song,1,neutral,normal,23,male,2,1
/mnt/d/career/projects/lightweight-speech-emotion-recognition-on-open-datasets/data/test/song/Actor_23/03-02-01-01-02-02-23.wav,test,song,1,neutral,normal,23,male,2,2
/mnt/d/career/projects/lightweight-speech-emotion-recognition-on-open-datasets/data/test/song/Actor_23/03-02-02-01-01-01-23.wav,test,song,2,calm,normal,23,male,1,1
/mnt/d/career/projects/lightweight-speech-emotion-recognition-on-open-datasets/data/test/song/Actor_23/03-02-02-01-01-02-23.wav,test,song,2,calm,normal,23,male,1,2
/mnt/d/career/projects/lightweight-speech-emotion-recognition-on-open-datasets/data/test/song/Actor_23/03-02-02-01-02-01-23.wav,test,song,2,calm,normal,23,male,2,1
/mnt/d/career/projects/lightweight-speech-emotion-recognition-on-open-datasets/data/test/song/Actor_23/03-02-02-01-02-02-23.wav,test,song,2,calm,normal,23,male,2,2
/mnt/d/career/projects/lightweight-speech-emotion-recognition-on-open-datasets/data/test/song/Actor_23/03-02-02-02-01-01-23.wav,test,song,2,calm,strong,23,male,1,1
/mnt/d/career/projects/lightweight-speech-emotion-recognition-on-open-datasets/data/test/song/Actor_23/03-02-02-02-01-02-23.wav,test,song,2,calm,strong,23,male,1,2
/mnt/d/career/projects/lightweight-speech-emotion-recognition-on-open-datasets/data/test/song/Actor_23/03-02-02-02-02-01-23.wav,test,song,2,calm,strong,23,male,2,1
/mnt/d/career/projects/lightweight-speech-emotion-recognition-on-open-datasets/data/test/song/Actor_23/03-02-02-02-02-02-23.wav,test,song,2,calm,strong,23,male,2,2
/mnt/d/career/projects/lightweight-speech-emotion-recognition-on-open-datasets/data/test/song/Actor_23/03-02-03-01-01-01-23.wav,test,song,3,happy,normal,23,male,1,1
/mnt/d/career/projects/lightweight-speech-emotion-recognition-on-open-datasets/data/test/song/Actor_23/03-02-03-01-01-02-23.wav,test,song,3,happy,normal,23,male,1,2
/mnt/d/career/projects/lightweight-speech-emotion-recognition-on-open-datasets/data/test/song/Actor_23/03-02-03-01-02-01-23.wav,test,song,3,happy,normal,23,male,2,1
/mnt/d/career/projects/lightweight-speech-emotion-recognition-on-open-datasets/data/test/song/Actor_23/03-02-03-01-02-02-23.wav,test,song,3,happy,normal,23,male,2,2
/mnt/d/career/projects/lightweight-speech-emotion-recognition-on-open-datasets/data/test/song/Actor_23/03-02-03-02-01-01-23.wav,test,song,3,happy,strong,23,male,1,1
/mnt/d/career/projects/lightweight-speech-emotion-recognition-on-open-datasets/data/test/song/Actor_23/03-02-03-02-01-02-23.wav,test,song,3,happy,strong,23,male,1,2
/mnt/d/career/projects/lightweight-speech-emotion-recognition-on-open-datasets/data/test/song/Actor_23/03-02-03-02-02-01-23.wav,test,song,3,happy,strong,23,male,2,1
/mnt/d/career/projects/lightweight-speech-emotion-recognition-on-open-datasets/data/test/song/Actor_23/03-02-03-02-02-02-23.wav,test,song,3,happy,strong,23,male,2,2
/mnt/d/career/projects/lightweight-speech-emotion-recognition-on-open-datasets/data/test/song/Actor_23/03-02-04-01-01-01-23.wav,test,song,4,sad,normal,23,male,1,1
/mnt/d/career/projects/lightweight-speech-emotion-recognition-on-open-datasets/data/test/song/Actor_23/03-02-04-01-01-02-23.wav,test,song,4,sad,normal,23,male,1,2
/mnt/d/career/projects/lightweight-speech-emotion-recognition-on-open-datasets/data/test/song/Actor_23/03-02-04-01-02-01-23.wav,test,song,4,sad,normal,23,male,2,1
/mnt/d/career/projects/lightweight-speech-emotion-recognition-on-open-datasets/data/test/song/Actor_23/03-02-04-01-02-02-23.wav,test,song,4,sad,normal,23,male,2,2
/mnt/d/career/projects/lightweight-speech-emotion-recognition-on-open-datasets/data/test/song/Actor_23/03-02-04-02-01-01-23.wav,test,song,4,sad,strong,23,male,1,1
/mnt/d/career/projects/lightweight-speech-emotion-recognition-on-open-datasets/data/test/song/Actor_23/03-02-04-02-01-02-23.wav,test,song,4,sad,strong,23,male,1,2
/mnt/d/career/projects/lightweight-speech-emotion-recognition-on-open-datasets/data/test/song/Actor_23/03-02-04-02-02-01-23.wav,test,song,4,sad,strong,23,male,2,1
/mnt/d/career/projects/lightweight-speech-emotion-recognition-on-open-datasets/data/test/song/Actor_23/03-02-04-02-02-02-23.wav,test,song,4,sad,strong,23,male,2,2
/mnt/d/career/projects/lightweight-speech-emotion-recognition-on-open-datasets/data/test/song/Actor_23/03-02-05-01-01-01-23.wav,test,song,5,angry,normal,23,male,1,1
/mnt/d/career/projects/lightweight-speech-emotion-recognition-on-open-datasets/data/test/song/Actor_23/03-02-05-01-01-02-23.wav,test,song,5,angry,normal,23,male,1,2
/mnt/d/career/projects/lightweight-speech-emotion-recognition-on-open-datasets/data/test/song/Actor_23/03-02-05-01-02-01-23.wav,test,song,5,angry,normal,23,male,2,1
/mnt/d/career/projects/lightweight-speech-emotion-recognition-on-open-datasets/data/test/song/Actor_23/03-02-05-01-02-02-23.wav,test,song,5,angry,normal,23,male,2,2
/mnt/d/career/projects/lightweight-speech-emotion-recognition-on-open-datasets/data/test/song/Actor_23/03-02-05-02-01-01-23.wav,test,song,5,angry,strong,23,male,1,1
/mnt/d/career/projects/lightweight-speech-emotion-recognition-on-open-datasets/data/test/song/Actor_23/03-02-05-02-01-02-23.wav,test,song,5,angry,strong,23,male,1,2
/mnt/d/career/projects/lightweight-speech-emotion-recognition-on-open-datasets/data/test/song/Actor_23/03-02-05-02-02-01-23.wav,test,song,5,angry,strong,23,male,2,1
/mnt/d/career/projects/lightweight-speech-emotion-recognition-on-open-datasets/data/test/song/Actor_23/03-02-05-02-02-02-23.wav,test,song,5,angry,strong,23,male,2,2
/mnt/d/career/projects/lightweight-speech-emotion-recognition-on-open-datasets/data/test/song/Actor_23/03-02-06-01-01-01-23.wav,test,song,6,fearful,normal,23,male,1,1
/mnt/d/career/projects/lightweight-speech-emotion-recognition-on-open-datasets/data/test/song/Actor_23/03-02-06-01-01-02-23.wav,test,song,6,fearful,normal,23,male,1,2
/mnt/d/career/projects/lightweight-speech-emotion-recognition-on-open-datasets/data/test/song/Actor_23/03-02-06-01-02-01-23.wav,test,song,6,fearful,normal,23,male,2,1
/mnt/d/career/projects/lightweight-speech-emotion-recognition-on-open-datasets/data/test/song/Actor_23/03-02-06-01-02-02-23.wav,test,song,6,fearful,normal,23,male,2,2
/mnt/d/career/projects/lightweight-speech-emotion-recognition-on-open-datasets/data/test/song/Actor_23/03-02-06-02-01-01-23.wav,test,song,6,fearful,strong,23,male,1,1
/mnt/d/career/projects/lightweight-speech-emotion-recognition-on-open-datasets/data/test/song/Actor_23/03-02-06-02-01-02-23.wav,test,song,6,fearful,strong,23,male,1,2
/mnt/d/career/projects/lightweight-speech-emotion-recognition-on-open-datasets/data/test/song/Actor_23/03-02-06-02-02-01-23.wav,test,song,6,fearful,strong,23,male,2,1
/mnt/d/career/projects/lightweight-speech-emotion-recognition-on-open-datasets/data/test/song/Actor_23/03-02-06-02-02-02-23.wav,test,song,6,fearful,strong,23,male,2,2
/mnt/d/career/projects/lightweight-speech-emotion-recognition-on-open-datasets/data/test/song/Actor_24/03-02-01-01-01-01-24.wav,test,song,1,neutral,normal,24,female,1,1
/mnt/d/career/projects/lightweight-speech-emotion-recognition-on-open-datasets/data/test/song/Actor_24/03-02-01-01-01-02-24.wav,test,song,1,neutral,normal,24,female,1,2
/mnt/d/career/projects/lightweight-speech-emotion-recognition-on-open-datasets/data/test/song/Actor_24/03-02-01-01-02-01-24.wav,test,song,1,neutral,normal,24,female,2,1
/mnt/d/career/projects/lightweight-speech-emotion-recognition-on-open-datasets/data/test/song/Actor_24/03-02-01-01-02-02-24.wav,test,song,1,neutral,normal,24,female,2,2
/mnt/d/career/projects/lightweight-speech-emotion-recognition-on-open-datasets/data/test/song/Actor_24/03-02-02-01-01-01-24.wav,test,song,2,calm,normal,24,female,1,1
/mnt/d/career/projects/lightweight-speech-emotion-recognition-on-open-datasets/data/test/song/Actor_24/03-02-02-01-01-02-24.wav,test,song,2,calm,normal,24,female,1,2
/mnt/d/career/projects/lightweight-speech-emotion-recognition-on-open-datasets/data/test/song/Actor_24/03-02-02-01-02-01-24.wav,test,song,2,calm,normal,24,female,2,1
/mnt/d/career/projects/lightweight-speech-emotion-recognition-on-open-datasets/data/test/song/Actor_24/03-02-02-01-02-02-24.wav,test,song,2,calm,normal,24,female,2,2
/mnt/d/career/projects/lightweight-speech-emotion-recognition-on-open-datasets/data/test/song/Actor_24/03-02-02-02-01-01-24.wav,test,song,2,calm,strong,24,female,1,1
/mnt/d/career/projects/lightweight-speech-emotion-recognition-on-open-datasets/data/test/song/Actor_24/03-02-02-02-01-02-24.wav,test,song,2,calm,strong,24,female,1,2
/mnt/d/career/projects/lightweight-speech-emotion-recognition-on-open-datasets/data/test/song/Actor_24/03-02-02-02-02-01-24.wav,test,song,2,calm,strong,24,female,2,1
/mnt/d/career/projects/lightweight-speech-emotion-recognition-on-open-datasets/data/test/song/Actor_24/03-02-02-02-02-02-24.wav,test,song,2,calm,strong,24,female,2,2
/mnt/d/career/projects/lightweight-speech-emotion-recognition-on-open-datasets/data/test/song/Actor_24/03-02-03-01-01-01-24.wav,test,song,3,happy,normal,24,female,1,1
/mnt/d/career/projects/lightweight-speech-emotion-recognition-on-open-datasets/data/test/song/Actor_24/03-02-03-01-01-02-24.wav,test,song,3,happy,normal,24,female,1,2
/mnt/d/career/projects/lightweight-speech-emotion-recognition-on-open-datasets/data/test/song/Actor_24/03-02-03-01-02-01-24.wav,test,song,3,happy,normal,24,female,2,1
/mnt/d/career/projects/lightweight-speech-emotion-recognition-on-open-datasets/data/test/song/Actor_24/03-02-03-01-02-02-24.wav,test,song,3,happy,normal,24,female,2,2
/mnt/d/career/projects/lightweight-speech-emotion-recognition-on-open-datasets/data/test/song/Actor_24/03-02-03-02-01-01-24.wav,test,song,3,happy,strong,24,female,1,1
/mnt/d/career/projects/lightweight-speech-emotion-recognition-on-open-datasets/data/test/song/Actor_24/03-02-03-02-01-02-24.wav,test,song,3,happy,strong,24,female,1,2
/mnt/d/career/projects/lightweight-speech-emotion-recognition-on-open-datasets/data/test/song/Actor_24/03-02-03-02-02-01-24.wav,test,song,3,happy,strong,24,female,2,1
/mnt/d/career/projects/lightweight-speech-emotion-recognition-on-open-datasets/data/test/song/Actor_24/03-02-03-02-02-02-24.wav,test,song,3,happy,strong,24,female,2,2
/mnt/d/career/projects/lightweight-speech-emotion-recognition-on-open-datasets/data/test/song/Actor_24/03-02-04-01-01-01-24.wav,test,song,4,sad,normal,24,female,1,1
/mnt/d/career/projects/lightweight-speech-emotion-recognition-on-open-datasets/data/test/song/Actor_24/03-02-04-01-01-02-24.wav,test,song,4,sad,normal,24,female,1,2
/mnt/d/career/projects/lightweight-speech-emotion-recognition-on-open-datasets/data/test/song/Actor_24/03-02-04-01-02-01-24.wav,test,song,4,sad,normal,24,female,2,1
/mnt/d/career/projects/lightweight-speech-emotion-recognition-on-open-datasets/data/test/song/Actor_24/03-02-04-01-02-02-24.wav,test,song,4,sad,normal,24,female,2,2
/mnt/d/career/projects/lightweight-speech-emotion-recognition-on-open-datasets/data/test/song/Actor_24/03-02-04-02-01-01-24.wav,test,song,4,sad,strong,24,female,1,1
/mnt/d/career/projects/lightweight-speech-emotion-recognition-on-open-datasets/data/test/song/Actor_24/03-02-04-02-01-02-24.wav,test,song,4,sad,strong,24,female,1,2
/mnt/d/career/projects/lightweight-speech-emotion-recognition-on-open-datasets/data/test/song/Actor_24/03-02-04-02-02-01-24.wav,test,song,4,sad,strong,24,female,2,1
/mnt/d/career/projects/lightweight-speech-emotion-recognition-on-open-datasets/data/test/song/Actor_24/03-02-04-02-02-02-24.wav,test,song,4,sad,strong,24,female,2,2
/mnt/d/career/projects/lightweight-speech-emotion-recognition-on-open-datasets/data/test/song/Actor_24/03-02-05-01-01-01-24.wav,test,song,5,angry,normal,24,female,1,1
/mnt/d/career/projects/lightweight-speech-emotion-recognition-on-open-datasets/data/test/song/Actor_24/03-02-05-01-01-02-24.wav,test,song,5,angry,normal,24,female,1,2
/mnt/d/career/projects/lightweight-speech-emotion-recognition-on-open-datasets/data/test/song/Actor_24/03-02-05-01-02-01-24.wav,test,song,5,angry,normal,24,female,2,1
/mnt/d/career/projects/lightweight-speech-emotion-recognition-on-open-datasets/data/test/song/Actor_24/03-02-05-01-02-02-24.wav,test,song,5,angry,normal,24,female,2,2
/mnt/d/career/projects/lightweight-speech-emotion-recognition-on-open-datasets/data/test/song/Actor_24/03-02-05-02-01-01-24.wav,test,song,5,angry,strong,24,female,1,1
/mnt/d/career/projects/lightweight-speech-emotion-recognition-on-open-datasets/data/test/song/Actor_24/03-02-05-02-01-02-24.wav,test,song,5,angry,strong,24,female,1,2
/mnt/d/career/projects/lightweight-speech-emotion-recognition-on-open-datasets/data/test/song/Actor_24/03-02-05-02-02-01-24.wav,test,song,5,angry,strong,24,female,2,1
/mnt/d/career/projects/lightweight-speech-emotion-recognition-on-open-datasets/data/test/song/Actor_24/03-02-05-02-02-02-24.wav,test,song,5,angry,strong,24,female,2,2
/mnt/d/career/projects/lightweight-speech-emotion-recognition-on-open-datasets/data/test/song/Actor_24/03-02-06-01-01-01-24.wav,test,song,6,fearful,normal,24,female,1,1
/mnt/d/career/projects/lightweight-speech-emotion-recognition-on-open-datasets/data/test/song/Actor_24/03-02-06-01-01-02-24.wav,test,song,6,fearful,normal,24,female,1,2
/mnt/d/career/projects/lightweight-speech-emotion-recognition-on-open-datasets/data/test/song/Actor_24/03-02-06-01-02-01-24.wav,test,song,6,fearful,normal,24,female,2,1
/mnt/d/career/projects/lightweight-speech-emotion-recognition-on-open-datasets/data/test/song/Actor_24/03-02-06-01-02-02-24.wav,test,song,6,fearful,normal,24,female,2,2
/mnt/d/career/projects/lightweight-speech-emotion-recognition-on-open-datasets/data/test/song/Actor_24/03-02-06-02-01-01-24.wav,test,song,6,fearful,strong,24,female,1,1
/mnt/d/career/projects/lightweight-speech-emotion-recognition-on-open-datasets/data/test/song/Actor_24/03-02-06-02-01-02-24.wav,test,song,6,fearful,strong,24,female,1,2
/mnt/d/career/projects/lightweight-speech-emotion-recognition-on-open-datasets/data/test/song/Actor_24/03-02-06-02-02-01-24.wav,test,song,6,fearful,strong,24,female,2,1
/mnt/d/career/projects/lightweight-speech-emotion-recognition-on-open-datasets/data/test/song/Actor_24/03-02-06-02-02-02-24.wav,test,song,6,fearful,strong,24,female,2,2
